RAZON SOCIAL,DIRECCION OPERATIVA,DISTRITO,DEPARTAMENTO,lat,lng
Petroecuador El Oro,Sin dirección,Sin distrito,TUMBES,-3.565337,-80.058165
Petroecuador,Sin dirección,Sin distrito,TUMBES,-3.514281,-80.194871
Sin nombre,Sin dirección,Sin distrito,TUMBES,-3.541105,-80.023396
Sin nombre,Sin dirección,Sin distrito,TUMBES,-3.789552,-80.047535
Petroperu,Sin dirección,Sin distrito,TUMBES,-4.104492,-81.040542
Petroecuador,Sin dirección,Sin distrito,TUMBES,-3.550786,-80.083753
PetroEcuador,Av. Hualtaco,Sin distrito,TUMBES,-3.473192,-80.233635
PetroPerú,Sin dirección,Sin distrito,TUMBES,-3.554558,-80.43206
PETRO PERU,Sin dirección,Sin distrito,TUMBES,-3.554618,-80.436254
Ava,Sin dirección,Sin distrito,TUMBES,-3.555038,-80.434984
Primax,Sin dirección,Sin distrito,TUMBES,-3.505307,-80.201568
Mancora Estacion de Servicio,Sin dirección,Sin distrito,TUMBES,-4.104468,-81.039977
Julio,Sin dirección,Sin distrito,TUMBES,-3.705319,-80.717871
Primax,Sin dirección,Sin distrito,TUMBES,-4.103267,-81.032182
ES Petrocomercial Pindal,Sin dirección,Sin distrito,TUMBES,-4.117445,-80.110083
ES Petrocomercial Puyango,Sin dirección,Sin distrito,TUMBES,-3.997544,-80.037291
Petrocomercial Huaquillas,Sin dirección,Sin distrito,TUMBES,-3.483819,-80.218238
Sin nombre,Sin dirección,Sin distrito,TUMBES,-3.543626,-80.393696
Sin nombre,Sin dirección,Sin distrito,TUMBES,-3.997657,-80.037162
Petroecuador,Av. Hualtaco,Huaquillas,TUMBES,-3.47319,-80.233662
Petroecuador,Av. Hualtaco,Huaquillas,TUMBES,-3.473162,-80.233853
Sin nombre,Sin dirección,Sin distrito,TUMBES,-3.500424,-80.279078
Sin nombre,Sin dirección,Sin distrito,TUMBES,-3.598577,-80.486655
Sin nombre,Sin dirección,Sin distrito,TUMBES,-3.581435,-80.447762
Sin nombre,Sin dirección,Sin distrito,TUMBES,-3.594866,-80.481265
Sin nombre,Sin dirección,Sin distrito,LAMBAYEQUE,-6.770965,-79.846445
Sin nombre,Sin dirección,Sin distrito,LAMBAYEQUE,-7.197952,-79.04306
Primax - Primax,Sin dirección,Sin distrito,LAMBAYEQUE,-5.986402,-79.738881
Sin nombre,Sin dirección,Sin distrito,LAMBAYEQUE,-5.982627,-79.687858
El Buen Samaritano,Sin dirección,Sin distrito,LAMBAYEQUE,-6.042042,-78.919002
Repsol,Sin dirección,Sin distrito,LAMBAYEQUE,-5.983849,-79.741487
Sin nombre,Sin dirección,Sin distrito,LAMBAYEQUE,-6.037476,-79.130847
PetroPerú - Servicios San José,Sin dirección,Sin distrito,LAMBAYEQUE,-5.95584,-79.756337
Leo Gas,Sin dirección,Sin distrito,LAMBAYEQUE,-5.939692,-79.758692
Sin nombre,Sin dirección,Sin distrito,LAMBAYEQUE,-6.035877,-79.133151
Sin nombre,Sin dirección,Sin distrito,LAMBAYEQUE,-6.042809,-79.122531
Sin nombre,Sin dirección,Sin distrito,LAMBAYEQUE,-7.24701,-79.136502
Repsol - Repsol,Sin dirección,Sin distrito,LAMBAYEQUE,-6.543244,-80.016136
Grifos Mori - Repsol,Sin dirección,Sin distrito,LAMBAYEQUE,-6.683617,-79.903548
Los Alamos - Repsol,Sin dirección,Sin distrito,LAMBAYEQUE,-6.688833,-79.904107
Petroamérica - Petro America,Sin dirección,Sin distrito,LAMBAYEQUE,-6.691168,-79.903268
Petroperú,Sin dirección,Sin distrito,LAMBAYEQUE,-6.69659,-79.902541
Petroperú - PetroPeru,Sin dirección,Sin distrito,LAMBAYEQUE,-6.708812,-79.902842
Repsol - Repsol - Grifo San Roque,Sin dirección,Sin distrito,LAMBAYEQUE,-6.709911,-79.902922
Sin nombre,Los Andes,Sin distrito,LAMBAYEQUE,-6.796957,-79.833707
Grifo León de Oro,Los Amautas,Sin distrito,LAMBAYEQUE,-6.794217,-79.832732
Grifos Gran Prix,Sin dirección,Sin distrito,LAMBAYEQUE,-6.763388,-79.830866
Pesca,Sin dirección,Sin distrito,LAMBAYEQUE,-6.771569,-79.793768
Repsol,Sin dirección,Sin distrito,LAMBAYEQUE,-6.775422,-79.86948
Primax,Sin dirección,Sin distrito,LAMBAYEQUE,-6.830792,-79.929459
Terminal EPSEL,Sin dirección,Sin distrito,LAMBAYEQUE,-6.763299,-79.831321
Multiservicios La Pradera S.A.,Sin dirección,Sin distrito,LAMBAYEQUE,-6.781312,-79.886133
Repsol,Sin dirección,Sin distrito,LAMBAYEQUE,-6.992854,-79.619757
Sin nombre,Sin dirección,Sin distrito,LAMBAYEQUE,-6.744989,-79.873257
Repsol,Sin dirección,Sin distrito,LAMBAYEQUE,-6.737185,-79.880569
Sin nombre,Sin dirección,Sin distrito,LAMBAYEQUE,-6.832758,-79.296901
Combustibles,Sin dirección,Sin distrito,LAMBAYEQUE,-6.800335,-79.244601
Grupo San Miguel,Sin dirección,Sin distrito,LAMBAYEQUE,-6.89941,-79.567003
Repsol - Repsol,Sin dirección,Sin distrito,LAMBAYEQUE,-6.900012,-79.567886
PECSA,Sin dirección,Sin distrito,LAMBAYEQUE,-6.918392,-79.582733
Petroperú,Sin dirección,Sin distrito,LAMBAYEQUE,-6.802773,-79.830062
PECSA,Sin dirección,Sin distrito,LAMBAYEQUE,-6.880566,-79.813181
Grifo Panamericano,Sin dirección,Sin distrito,LAMBAYEQUE,-7.216176,-79.430766
Primax,Sin dirección,Sin distrito,LAMBAYEQUE,-6.776745,-79.844541
El Caribe,Sin dirección,Sin distrito,LAMBAYEQUE,-6.722045,-79.892603
Sus America,Sin dirección,Sin distrito,LAMBAYEQUE,-6.741098,-79.87694
Primax,Sin dirección,Sin distrito,LAMBAYEQUE,-6.728501,-79.889721
Petrocaña,Sin dirección,Sin distrito,LAMBAYEQUE,-6.772997,-79.812548
Primax,Sin dirección,Sin distrito,LAMBAYEQUE,-6.71623,-79.897425
Petroperu,Sin dirección,Sin distrito,LAMBAYEQUE,-6.753493,-79.865118
Go grifo Olmos S.A.C.,Sin dirección,Sin distrito,LAMBAYEQUE,-5.989407,-79.736569
Repsol - Repsol,Sin dirección,Sin distrito,LAMBAYEQUE,-5.986845,-79.739167
Petroperu Santa Julia,Sin dirección,Sin distrito,LAMBAYEQUE,-6.143299,-79.718919
Estación de servicios Gran Alex,Sin dirección,Sin distrito,LAMBAYEQUE,-6.147978,-79.71609
Repsol - Repsol,Sin dirección,Sin distrito,LAMBAYEQUE,-6.156034,-79.704577
Repsol - Repsol,Sin dirección,Sin distrito,LAMBAYEQUE,-6.152664,-79.709602
Pecsa,Sin dirección,Sin distrito,LAMBAYEQUE,-6.206849,-79.699769
Vista Alegre,Sin dirección,Sin distrito,LAMBAYEQUE,-6.40376,-79.825642
Repsol,Sin dirección,Sin distrito,LAMBAYEQUE,-6.431918,-79.842089
Estación de servicis Vallejos,Sin dirección,Sin distrito,LAMBAYEQUE,-6.38099,-79.814847
Grifo Jayanca,Sin dirección,Sin distrito,LAMBAYEQUE,-6.401729,-79.824527
Petro,Sin dirección,Sin distrito,LAMBAYEQUE,-6.422241,-79.835829
Petroperu,Sin dirección,Sin distrito,LAMBAYEQUE,-6.465549,-79.855929
Grifo La Zaranda,Sin dirección,Sin distrito,LAMBAYEQUE,-6.485695,-79.735994
Petroperu,Sin dirección,Sin distrito,LAMBAYEQUE,-6.483343,-79.711663
Grifo Efraín,Sin dirección,Sin distrito,LAMBAYEQUE,-6.48369,-79.649209
Grifo Brian Alexander,Sin dirección,Sin distrito,LAMBAYEQUE,-6.478213,-79.682658
Grifo Multicentro Esperanza,Sin dirección,Sin distrito,LAMBAYEQUE,-6.482643,-79.658405
Pecsa,Sin dirección,Sin distrito,LAMBAYEQUE,-6.626493,-79.785944
Repsol,Sin dirección,Sin distrito,LAMBAYEQUE,-6.628688,-79.785561
Sin nombre,Sin dirección,Sin distrito,LAMBAYEQUE,-6.752605,-79.810883
GRIFO Multiservicios CHALECO,Sin dirección,Sin distrito,LAMBAYEQUE,-6.566524,-79.781736
Petroperu,Sin dirección,Sin distrito,LAMBAYEQUE,-6.630012,-79.78559
Primax,Sin dirección,Sin distrito,LAMBAYEQUE,-6.645956,-79.79053
Primax,Sin dirección,Sin distrito,LAMBAYEQUE,-6.714239,-79.77143
Esperanza,Sin dirección,Sin distrito,LAMBAYEQUE,-6.76227,-79.83043
Primax,Sin dirección,Sin distrito,LAMBAYEQUE,-6.625711,-79.786177
Boxes,Sin dirección,Sin distrito,LAMBAYEQUE,-6.759004,-79.824504
Mabel,Sin dirección,Sin distrito,LAMBAYEQUE,-6.553829,-79.867661
Pecsa,Sin dirección,Sin distrito,LAMBAYEQUE,-6.551857,-79.866439
Repsol,Sin dirección,Sin distrito,LAMBAYEQUE,-6.5425,-79.865025
Las pirámides,Sin dirección,Sin distrito,LAMBAYEQUE,-6.505844,-79.859201
Repsol,Sin dirección,Sin distrito,LAMBAYEQUE,-6.500889,-79.857964
Pecsa,Sin dirección,Sin distrito,LAMBAYEQUE,-6.485889,-79.856386
Vista Alegre,Sin dirección,Sin distrito,LAMBAYEQUE,-6.544019,-79.864571
Primax,Sin dirección,Sin distrito,LAMBAYEQUE,-6.539447,-79.86537
Sin nombre,Sin dirección,Sin distrito,LAMBAYEQUE,-6.596152,-79.878772
Primax,Sin dirección,Sin distrito,LAMBAYEQUE,-6.752326,-79.836321
PetroPeru,Sin dirección,Sin distrito,LAMBAYEQUE,-6.746674,-79.835755
Sin nombre,Sin dirección,Sin distrito,LAMBAYEQUE,-6.512959,-79.179361
Primax,Panamericana Norte,Sin distrito,LAMBAYEQUE,-6.79937,-79.830754
Grifo Orlando,Panamericana Norte,Sin distrito,LAMBAYEQUE,-7.24874,-79.475625
Primax,Panamericana Norte,Sin distrito,LAMBAYEQUE,-7.241586,-79.463316
Repsol,Panamericana Norte,Sin distrito,LAMBAYEQUE,-7.246694,-79.467899
PetroPeru,Panamericana norte,Sin distrito,LAMBAYEQUE,-7.249192,-79.47912
PetroPerú - PetroPerú,Sin dirección,Sin distrito,LAMBAYEQUE,-6.546704,-80.01262
Repsol,Panamericana Norte,Reque,LAMBAYEQUE,-6.870371,-79.81691
Repsol,Panamericana Norte,La Victoria,LAMBAYEQUE,-6.815639,-79.829923
Sin nombre,Panamericana Norte,Sin distrito,LAMBAYEQUE,-7.219971,-79.433987
Primax,Panamericana Norte,Sin distrito,LAMBAYEQUE,-7.148051,-79.452947
Ava,Panamericana Norte,Sin distrito,LAMBAYEQUE,-7.223065,-79.439739
Sin nombre,Sin dirección,Sin distrito,LAMBAYEQUE,-7.245568,-79.137502
Grifo El Árabe,Sin dirección,Sin distrito,LAMBAYEQUE,-7.244313,-79.065551
Grifo Repsol,Sin dirección,Sin distrito,LAMBAYEQUE,-7.214997,-78.924793
Grifo Petroperú,Sin dirección,Sin distrito,LAMBAYEQUE,-7.186929,-79.515931
Estación de Servicios Ventura,Sin dirección,Sin distrito,LAMBAYEQUE,-6.541152,-80.019726
Repsol,Sin dirección,Sin distrito,LAMBAYEQUE,-6.866507,-79.927264
Petroperú,Sin dirección,Sin distrito,LAMBAYEQUE,-7.006266,-79.612712
Grifo Leon de Oro,Sin dirección,Sin distrito,LAMBAYEQUE,-5.94009,-79.759112
Grifos Señor de Sipán,Sin dirección,Sin distrito,LAMBAYEQUE,-5.968978,-79.751701
PetroPeru,Avenida Jorge Chavez,Sin distrito,LAMBAYEQUE,-6.773436,-79.829589
PetroPeru,Avenida Francisco Bolognesi,Sin distrito,LAMBAYEQUE,-6.775916,-79.838992
PetroPeru,Avenida Francisco Bolognesi,Sin distrito,LAMBAYEQUE,-6.77576,-79.838996
AVA - AVA,Panamericana Norte,Sin distrito,LAMBAYEQUE,-7.147539,-79.454706
AVA - AVA,Panamericana Norte,Sin distrito,LAMBAYEQUE,-7.147645,-79.454585
ESMF,Panamericana Norte,Sin distrito,LAMBAYEQUE,-6.893131,-79.797182
PRIMAX - San Andrés,Panamericana Norte,Sin distrito,LAMBAYEQUE,-6.89557,-79.793848
REPSOL,Panamericana Norte,Sin distrito,LAMBAYEQUE,-6.818687,-79.829794
Petroamérica,Panamericana Norte,Sin distrito,LAMBAYEQUE,-6.833695,-79.82981
PRIMAX,Panamericana Norte,Sin distrito,LAMBAYEQUE,-6.850187,-79.827651
Sin nombre,Sin dirección,Sin distrito,LAMBAYEQUE,-6.873375,-79.871449
Sin nombre,Sin dirección,Sin distrito,LAMBAYEQUE,-6.769473,-79.771877
Grifo Primax,Sin dirección,Sin distrito,LAMBAYEQUE,-6.757026,-79.862732
Grifo San Antonio,Sin dirección,Sin distrito,LAMBAYEQUE,-6.75793,-79.863615
Grifo San Enrique,Sin dirección,Sin distrito,LAMBAYEQUE,-6.741223,-79.704594
Grifo Tumán,Sin dirección,Sin distrito,LAMBAYEQUE,-6.742201,-79.700723
Repsol - Repsol,Prolongación Lora y Lora,Sin distrito,LAMBAYEQUE,-6.746985,-79.867061
Grifo Los Girasoles,Sin dirección,Sin distrito,LAMBAYEQUE,-6.743943,-79.693007
Estación de Servicio El Oscar,Sin dirección,Sin distrito,LAMBAYEQUE,-6.799788,-79.855794
Grifo Oyotún,Sin dirección,Sin distrito,LAMBAYEQUE,-6.857672,-79.305342
Sin nombre,Sin dirección,Sin distrito,LAMBAYEQUE,-6.78849,-79.844594
Primax,Prolongación Avenida Francisco Bolognesi,Sin distrito,LAMBAYEQUE,-6.787635,-79.868645
Repsol,Prolongación Avenida Francisco Bolognesi,Pimentel,LAMBAYEQUE,-6.788134,-79.86999
Petroperú - Grifo Safres,Sin dirección,Sin distrito,LAMBAYEQUE,-6.7551,-79.850068
Sin nombre,Sin dirección,Sin distrito,LAMBAYEQUE,-6.754591,-79.849974
COGECO,Sin dirección,Sin distrito,LAMBAYEQUE,-6.800906,-79.850684
Sin nombre,Sin dirección,Sin distrito,LAMBAYEQUE,-6.748739,-79.849958
Sin nombre,Sin dirección,Sin distrito,LAMBAYEQUE,-6.747471,-79.856945
Sin nombre,Sin dirección,Sin distrito,LAMBAYEQUE,-6.769579,-79.851906
Sin nombre,Sin dirección,Sin distrito,LAMBAYEQUE,-6.769156,-79.85124
Sin nombre,Sin dirección,Sin distrito,LAMBAYEQUE,-6.765961,-79.852715
Nor Perú,Sin dirección,Sin distrito,LAMBAYEQUE,-6.760525,-79.849086
Sin nombre,Sin dirección,Sin distrito,LAMBAYEQUE,-6.754906,-79.838503
Sin nombre,Sin dirección,Sin distrito,LAMBAYEQUE,-6.755779,-79.838728
Petroperú,Sin dirección,Sin distrito,LAMBAYEQUE,-6.780873,-79.856447
Repsol,Sin dirección,Sin distrito,LAMBAYEQUE,-6.781097,-79.855487
Pecsa - Pecsa,Avenida José Eufemio Lora y Lora,Sin distrito,LAMBAYEQUE,-6.769786,-79.845812
Sin nombre,Sin dirección,Sin distrito,LAMBAYEQUE,-6.77806,-79.866728
Z Gas,Sin dirección,Sin distrito,LAMBAYEQUE,-6.814226,-79.828979
PetroPerú - PetroPerú,Sin dirección,Sin distrito,LAMBAYEQUE,-6.875065,-79.81698
Grifo Maria del Pilar,Sin dirección,Sin distrito,LAMBAYEQUE,-6.879984,-79.814522
Primax - Kelly,Sin dirección,Sin distrito,LAMBAYEQUE,-6.895232,-79.563417
Primax - Primax,Sin dirección,Sin distrito,LAMBAYEQUE,-6.772397,-79.863291
Petroperú,Calle Andres Razuri,Chiclayo,LAMBAYEQUE,-6.763837,-79.837408
Repsol,Avenida Pedro Ruiz,Chiclayo,LAMBAYEQUE,-6.767589,-79.841651
Primax,Avenida Francisco Bolognesi,Sin distrito,LAMBAYEQUE,-6.775692,-79.84075
Sin nombre,Haya de La Torre,Sin distrito,LAMBAYEQUE,-6.779442,-79.835013
Repsol,Haya de La Torre,Chiclayo,LAMBAYEQUE,-6.78171,-79.833667
Petroperú,Sacsayhuaman,La Victoria,LAMBAYEQUE,-6.802434,-79.83023
Sin nombre,Panamericana Norte,Sin distrito,LAMBAYEQUE,-6.894192,-79.795917
E/S Transpetrol - PRIMAX,Panamericana Norte,Sin distrito,LAMBAYEQUE,-6.978526,-79.652277
Grifo Multicentro GLP,Panamericana Norte,Sin distrito,LAMBAYEQUE,-7.219567,-79.433292
Grupo Amelia,Panamericana Norte,Sin distrito,LAMBAYEQUE,-7.240884,-79.461931
Sin nombre,Sin dirección,Sin distrito,LAMBAYEQUE,-6.748012,-79.833131
Sin nombre,Sin dirección,Sin distrito,LAMBAYEQUE,-6.756733,-79.820207
Señor de Sipán,Sin dirección,Sin distrito,LAMBAYEQUE,-6.158269,-79.702521
"Grifo ""Señor de los Milagros""",Sin dirección,Sin distrito,LAMBAYEQUE,-6.977756,-79.661895
Grifo Esperanza,Sin dirección,Sin distrito,LAMBAYEQUE,-6.752231,-79.844534
Sin nombre,Sin dirección,Sin distrito,LAMBAYEQUE,-6.752695,-79.843726
Grifo Cassinelli,Avenida Felipe Santiago Salaverry,Sin distrito,LAMBAYEQUE,-6.769773,-79.854784
Costa Gas,Sin dirección,Sin distrito,LAMBAYEQUE,-6.770445,-79.849829
El Chofer,Panamericana Norte,Sin distrito,LAMBAYEQUE,-6.87095,-79.817745
Repsol,Panamericana Norte,Sin distrito,LAMBAYEQUE,-7.22338,-79.440686
Sin nombre,Sin dirección,Sin distrito,LAMBAYEQUE,-6.881076,-79.868051
PetroPeru La Esperanza,Panamericana Norte,Sin distrito,LAMBAYEQUE,-6.977736,-79.651889
Sin nombre,Sin dirección,Sin distrito,LAMBAYEQUE,-6.98061,-79.642859
Grifo Continental,Sin dirección,Sin distrito,LAMBAYEQUE,-6.860004,-79.823112
Concesionaria Trasvase Olmos S.A.,Sin dirección,Sin distrito,LAMBAYEQUE,-5.905671,-79.333616
Sin nombre,Sin dirección,Sin distrito,LAMBAYEQUE,-6.15291,-79.709536
Grifo Primax,Sin dirección,Sin distrito,LA LIBERTAD,-7.161316,-78.504845
Petroperu,Sin dirección,Sin distrito,LA LIBERTAD,-6.87392,-78.142715
Grifo Perú,Sin dirección,Sin distrito,LA LIBERTAD,-7.165825,-78.511858
Grifo El Che,Sin dirección,Sin distrito,LA LIBERTAD,-7.165885,-78.50744
Grifo Cajamarca,Sin dirección,Sin distrito,LA LIBERTAD,-7.1663,-78.511554
Sin nombre,Sin dirección,Sin distrito,LA LIBERTAD,-8.654506,-78.236851
Sin nombre,Sin dirección,Sin distrito,LA LIBERTAD,-8.063918,-78.859966
Pecsa - Petrocentro el Triunfo,Sin dirección,Sin distrito,LA LIBERTAD,-8.12041,-79.004971
Servicentro Ulloa,Sin dirección,Sin distrito,LA LIBERTAD,-8.111715,-79.003062
Sin nombre,Sin dirección,Sin distrito,LA LIBERTAD,-8.898779,-78.565626
Petroperu,Sin dirección,Sin distrito,LA LIBERTAD,-7.283862,-78.580286
Primax,Sin dirección,Sin distrito,LA LIBERTAD,-8.096146,-79.107959
Pecsa,Sin dirección,Sin distrito,LA LIBERTAD,-7.846781,-79.146844
Repsol - Repsol,Sin dirección,Sin distrito,LA LIBERTAD,-7.43796,-79.503206
Sin nombre,Sin dirección,Sin distrito,LA LIBERTAD,-7.224482,-78.836335
Pecsa,Sin dirección,Sin distrito,LA LIBERTAD,-7.227918,-78.829622
Sin nombre,Sin dirección,Sin distrito,LA LIBERTAD,-7.270864,-78.623153
Petroperu,Sin dirección,Sin distrito,LA LIBERTAD,-8.001151,-79.071648
Sin nombre,Sin dirección,Sin distrito,LA LIBERTAD,-7.301426,-79.412139
Petroperu,Sin dirección,Sin distrito,LA LIBERTAD,-7.303439,-79.404362
Repsol,Zona Encañada,Encañada,LA LIBERTAD,-7.085675,-78.343482
Repsol,Sin dirección,Sin distrito,LA LIBERTAD,-7.145798,-78.516352
Grifo Royal,Sin dirección,Sin distrito,LA LIBERTAD,-7.158927,-78.506359
Grifos layzon,Sin dirección,Sin distrito,LA LIBERTAD,-7.1738,-78.512771
Pecsa,Sin dirección,Sin distrito,LA LIBERTAD,-7.187772,-78.511802
Sin nombre,Sin dirección,Sin distrito,LA LIBERTAD,-7.175518,-78.490607
Sin nombre,Sin dirección,Sin distrito,LA LIBERTAD,-7.190446,-78.509477
Sin nombre,Sin dirección,Sin distrito,LA LIBERTAD,-7.209828,-78.503572
Sin nombre,Sin dirección,Sin distrito,LA LIBERTAD,-7.278464,-78.603156
Sin nombre,Sin dirección,Sin distrito,LA LIBERTAD,-7.286279,-78.5027
Sin nombre,Sin dirección,Sin distrito,LA LIBERTAD,-7.484581,-78.817751
Clean Energy del Perú,Panamericana Norte,Sin distrito,LA LIBERTAD,-8.139424,-79.015111
Sin nombre,Sin dirección,Sin distrito,LA LIBERTAD,-8.146816,-79.012511
Servicentro California,Sin dirección,Sin distrito,LA LIBERTAD,-8.410614,-78.807437
Gasolinera rural,Sin dirección,Sin distrito,LA LIBERTAD,-8.744554,-77.899326
Petroperú,Sin dirección,Sin distrito,LA LIBERTAD,-8.024611,-79.06393
Petroperú - Grifo Milagritos,Sin dirección,Sin distrito,LA LIBERTAD,-8.036988,-79.060948
Ultracom,Sin dirección,Sin distrito,LA LIBERTAD,-8.041859,-79.058325
Grifo America,Sin dirección,Sin distrito,LA LIBERTAD,-8.103172,-79.011259
Petroperu,Sin dirección,Sin distrito,LA LIBERTAD,-6.871254,-78.146177
Primax,Sin dirección,Sin distrito,LA LIBERTAD,-8.064353,-79.051539
Sin nombre,Sin dirección,Sin distrito,LA LIBERTAD,-7.164762,-78.511587
Buen amigo,Avenida Tupac Amaru,Sin distrito,LA LIBERTAD,-8.086879,-79.040425
Petro Parque,2,Sin distrito,LA LIBERTAD,-8.049049,-79.064528
Sin nombre,Sin dirección,Sin distrito,LA LIBERTAD,-7.200602,-78.326271
Sin nombre,Sin dirección,Sin distrito,LA LIBERTAD,-7.327933,-78.170439
Pecsa,Sin dirección,Sin distrito,LA LIBERTAD,-7.331539,-78.17335
Sin nombre,Sin dirección,Sin distrito,LA LIBERTAD,-7.508386,-78.142316
Sin nombre,Sin dirección,Sin distrito,LA LIBERTAD,-7.336227,-78.158614
Sin nombre,Sin dirección,Sin distrito,LA LIBERTAD,-7.467287,-78.113338
Sin nombre,Sin dirección,Sin distrito,LA LIBERTAD,-7.638553,-78.040078
Primax - Estación de Servicios El Profe,Sin dirección,Sin distrito,LA LIBERTAD,-7.610547,-78.067167
Estación de Sevicios Ronvel,Sin dirección,Sin distrito,LA LIBERTAD,-7.611765,-78.059474
PetroPerú - Grifo Garrincha,Sin dirección,Sin distrito,LA LIBERTAD,-7.612431,-78.055025
Grifo Merino,Sin dirección,Sin distrito,LA LIBERTAD,-7.61433,-78.051357
PetroPerú - Estación de Servicios Virgen de la Puerta,Sin dirección,Sin distrito,LA LIBERTAD,-7.616543,-78.048574
Sin nombre,Sin dirección,Sin distrito,LA LIBERTAD,-7.802049,-77.986445
Sin nombre,Sin dirección,Sin distrito,LA LIBERTAD,-7.804694,-77.994285
Sin nombre,Sin dirección,Sin distrito,LA LIBERTAD,-7.819142,-78.019303
Sin nombre,Sin dirección,Sin distrito,LA LIBERTAD,-7.820307,-78.036617
Sin nombre,Sin dirección,Sin distrito,LA LIBERTAD,-8.009474,-78.751479
Sin nombre,Sin dirección,Sin distrito,LA LIBERTAD,-7.819814,-78.051843
Sin nombre,Sin dirección,Sin distrito,LA LIBERTAD,-7.867107,-78.10976
Sin nombre,Sin dirección,Sin distrito,LA LIBERTAD,-8.014191,-78.33631
Pecsa,Avenida Mansiche,Trujillo,LA LIBERTAD,-8.100052,-79.062171
Sin nombre,Sin dirección,Sin distrito,LA LIBERTAD,-7.793366,-79.219323
Varnasa,Sin dirección,Sin distrito,LA LIBERTAD,-7.715828,-79.310456
Sin nombre,Sin dirección,Sin distrito,LA LIBERTAD,-7.302971,-79.478163
Gasocentro Larrea (Costa Gas),Pj. Larrea,Sin distrito,LA LIBERTAD,-8.135516,-79.016416
Pecsa,Sin dirección,Sin distrito,LA LIBERTAD,-7.398035,-79.56796
Estrella de David,Sin dirección,Sin distrito,LA LIBERTAD,-8.092386,-79.018151
Aurorita,Sin dirección,Sin distrito,LA LIBERTAD,-7.151977,-78.522891
Sin nombre,Sin dirección,Sin distrito,LA LIBERTAD,-8.130816,-78.059308
Corile group,Panamericana Norte,Sin distrito,LA LIBERTAD,-8.449459,-78.73466
Gasolinera rural,Sin dirección,Sin distrito,LA LIBERTAD,-8.74572,-77.897558
Petroperú,Sin dirección,Sin distrito,LA LIBERTAD,-8.009995,-79.07122
Sin nombre,Sin dirección,Sin distrito,LA LIBERTAD,-7.144651,-78.511175
Sin nombre,Sin dirección,Sin distrito,LA LIBERTAD,-8.118969,-79.004692
Sin nombre,Sin dirección,Sin distrito,LA LIBERTAD,-8.130472,-79.013617
Sin nombre,Sin dirección,Sin distrito,LA LIBERTAD,-7.909866,-78.136681
Sin nombre,Sin dirección,Sin distrito,LA LIBERTAD,-7.830892,-78.065236
El Magnate,Sin dirección,Sin distrito,LA LIBERTAD,-7.149924,-78.444116
Sin nombre,Sin dirección,Sin distrito,LA LIBERTAD,-7.304701,-79.467526
Sin nombre,Sin dirección,Sin distrito,LA LIBERTAD,-7.190273,-78.471157
Estación de servicio Magdalena,Sin dirección,Sin distrito,LA LIBERTAD,-7.25111,-78.656433
PetroPerú,Sin dirección,Sin distrito,LA LIBERTAD,-8.134955,-79.029415
Sin nombre,Sin dirección,Sin distrito,LA LIBERTAD,-7.22486,-78.873444
Repsol,Sin dirección,Sin distrito,LA LIBERTAD,-7.213377,-78.501837
Pecsa,Sin dirección,Sin distrito,LA LIBERTAD,-7.175224,-78.497574
Sin nombre,Sin dirección,Sin distrito,LA LIBERTAD,-7.18295,-78.4813
Sin nombre,Sin dirección,Sin distrito,LA LIBERTAD,-7.338034,-79.469223
PetroPerú - PetroPerú,Sin dirección,Sin distrito,LA LIBERTAD,-8.102534,-79.09962
Repsol,Sin dirección,Sin distrito,LA LIBERTAD,-7.178646,-78.486563
Sin nombre,Sin dirección,Sin distrito,LA LIBERTAD,-7.99655,-79.074432
Grifo Continental,Sin dirección,Sin distrito,LA LIBERTAD,-7.304411,-79.434569
Repsol,Sin dirección,Sin distrito,LA LIBERTAD,-7.342484,-79.465306
Sin nombre,Sin dirección,Sin distrito,LA LIBERTAD,-7.184183,-78.479022
Ent Energy,Sin dirección,Sin distrito,LA LIBERTAD,-8.154675,-79.0127
Repsol,Sin dirección,Sin distrito,LA LIBERTAD,-7.172831,-78.499528
PetroPerú,Sin dirección,Sin distrito,LA LIBERTAD,-8.144443,-79.047565
Petroperú - Petroperú,Panamericana Norte,Sin distrito,LA LIBERTAD,-7.873595,-79.133827
Petroperú - PetroPeru Sebastian,Panamericana Norte,Sin distrito,LA LIBERTAD,-7.738652,-79.292074
Pecsa - Pecsa,Panamericana Norte,Sin distrito,LA LIBERTAD,-7.739145,-79.292828
Repsol - Repsol,Panamericana Norte,Sin distrito,LA LIBERTAD,-8.000117,-79.071848
Grifo Contumazá,Sin dirección,Sin distrito,LA LIBERTAD,-7.362591,-78.800168
Repsol,Avenida America Sur,Sin distrito,LA LIBERTAD,-8.112727,-79.014278
Primax - Primax,Sin dirección,Sin distrito,LA LIBERTAD,-7.811193,-78.042983
Repsol,Sin dirección,Sin distrito,LA LIBERTAD,-7.145695,-78.492603
Grifo Rabanal,Sin dirección,Sin distrito,LA LIBERTAD,-7.135278,-78.466902
Grifo Primax,Sin dirección,Sin distrito,LA LIBERTAD,-7.304709,-79.450395
Sin nombre,Sin dirección,Sin distrito,LA LIBERTAD,-7.90639,-78.566074
Repsol - Repsol,Sin dirección,Sin distrito,LA LIBERTAD,-7.614656,-78.05118
Pecsa,Sin dirección,Sin distrito,LA LIBERTAD,-7.804819,-79.193944
PRIMAX - Primax,Avenida Victor Larco Herrera,Sin distrito,LA LIBERTAD,-8.124557,-79.039198
Independent - Delfín,Plaza Miguel Grau,Sin distrito,LA LIBERTAD,-8.124373,-79.023318
Repsol,Teodoro Valcarcel,Sin distrito,LA LIBERTAD,-8.101035,-79.035954
Primax - Primax,Avenida América Sur,Sin distrito,LA LIBERTAD,-8.114491,-79.014657
Estrella de David - Estrella de David,Avenida Ricardo Palma,Sin distrito,LA LIBERTAD,-8.112894,-79.013857
Petro America,Avenida Victor Larco Herrera,Sin distrito,LA LIBERTAD,-8.122326,-79.03657
Primax - Primax,Sin dirección,Sin distrito,LA LIBERTAD,-8.135478,-79.03668
Pecsa - Estación de servicio Súper Star,Avenida Ricardo Palma,Trujillo,LA LIBERTAD,-8.11269,-79.006555
PECSA,Avenida Victor Larco Herrera,Sin distrito,LA LIBERTAD,-8.133696,-79.046367
Sin nombre,Sin dirección,Sin distrito,LA LIBERTAD,-7.885498,-79.219443
Repsol,Sin dirección,Sin distrito,LA LIBERTAD,-8.10466,-79.034221
Sin nombre,Sin dirección,Sin distrito,LA LIBERTAD,-8.011954,-78.829904
Reservorio Comustible UNT,Sin dirección,Sin distrito,LA LIBERTAD,-8.115799,-79.041869
Primax,Avenida Manuel Vera Enriquez,Sin distrito,LA LIBERTAD,-8.104514,-79.030647
Energigas,Prolongacion Miraflores,Sin distrito,LA LIBERTAD,-8.092148,-79.018283
Energigas,Prolongacion Miraflores,Sin distrito,LA LIBERTAD,-8.092329,-79.018358
Energigas,Prolongacion Miraflores,Sin distrito,LA LIBERTAD,-8.092279,-79.018338
Energigas,Prolongacion Miraflores,Sin distrito,LA LIBERTAD,-8.092267,-79.01821
Energigas,Prolongacion Miraflores,Sin distrito,LA LIBERTAD,-8.092257,-79.018145
PetroPeru,Prolongacion Miraflores,Sin distrito,LA LIBERTAD,-8.090147,-79.01723
Primax Miraflores,Sin dirección,Sin distrito,LA LIBERTAD,-8.086782,-79.014763
Grifo Estrella de David,America Oeste,Sin distrito,LA LIBERTAD,-8.116804,-79.044098
Cogeco,America Oeste,Sin distrito,LA LIBERTAD,-8.108239,-79.047372
Grifo Repsol San Fernando,Avenida Nicolas de Pierola,Sin distrito,LA LIBERTAD,-8.097014,-79.03848
Ferush,Avenida Mansiche,Sin distrito,LA LIBERTAD,-8.102402,-79.039634
Pesca,Avenida Mansiche,Sin distrito,LA LIBERTAD,-8.101216,-79.044521
Repsol,Avenida Gonzales Prada,Sin distrito,LA LIBERTAD,-8.119633,-79.01951
Primax,Avenida America Sur,Sin distrito,LA LIBERTAD,-8.125737,-79.025953
Cassinelli,Avenida Túpac Amaru,Sin distrito,LA LIBERTAD,-8.101098,-79.026411
Pecsa,Avenida América Norte,Sin distrito,LA LIBERTAD,-8.094989,-79.021692
Pecsa,Avenida América Norte,Sin distrito,LA LIBERTAD,-8.094579,-79.021624
Coceco,Julio Gutierrez Solari,Sin distrito,LA LIBERTAD,-8.09399,-79.022896
Pecsa,Avenida España,Sin distrito,LA LIBERTAD,-8.10517,-79.026839
PetroPerú - PetroPerú,Avenida 2 de Mayo,Sin distrito,LA LIBERTAD,-8.138996,-79.055237
Grifo Pecsa - Grifo Pecsa,Avenida 2 de Mayo,Sin distrito,LA LIBERTAD,-8.138441,-79.056321
Petroperu,Avenida Victor Larco Herrera,Sin distrito,LA LIBERTAD,-8.141245,-79.053432
Repsol,Avenida 2 de Mayo,Sin distrito,LA LIBERTAD,-8.142278,-79.050128
Primax,Panamericana Norte,Chao,LA LIBERTAD,-8.537869,-78.677825
Sin nombre,Panamericana Norte,Sin distrito,LA LIBERTAD,-8.42799,-78.778387
GaSpetrol,Avenida Perú,Sin distrito,LA LIBERTAD,-8.106046,-79.020686
Sin nombre,Panamericana Norte,Sin distrito,LA LIBERTAD,-8.15811,-79.0124
Sin nombre,Panamericana Norte,Sin distrito,LA LIBERTAD,-8.147863,-79.012301
Pecsa,Avenida Manuel Seoane,Sin distrito,LA LIBERTAD,-8.138236,-79.044393
Cogeco,Avenida Juan Pablo II,Sin distrito,LA LIBERTAD,-8.127612,-79.047717
Semar,Avenida Huamán,Sin distrito,LA LIBERTAD,-8.13228,-79.050978
Repsol,Avenida Ricardo Palma,Sin distrito,LA LIBERTAD,-8.111701,-79.003041
Petro Peru,Calle Mariano Melgar,Sin distrito,LA LIBERTAD,-8.109113,-79.012039
Repsol,Avenida César Vallejo,Trujillo,LA LIBERTAD,-8.094,-79.003937
Petro Peru,Avenida César Vallejo,Trujillo,LA LIBERTAD,-8.094554,-79.004296
Pecsa,Avenida César Vallejo,Trujillo,LA LIBERTAD,-8.095706,-79.004855
Petro América,Avenida César Vallejo,Trujillo,LA LIBERTAD,-8.096142,-79.005856
Estrella De David,Avenida César Vallejo,Trujillo,LA LIBERTAD,-8.094087,-79.0045
Sin nombre,Las Poncianas,Trujillo,LA LIBERTAD,-8.092404,-79.001606
Gasperol,Avenida America Oeste,Sin distrito,LA LIBERTAD,-8.096077,-79.040827
Pecsa,Avenida America Oeste,Sin distrito,LA LIBERTAD,-8.095515,-79.040842
Primax,Avenida Prolongación Unión,Trujillo,LA LIBERTAD,-8.094069,-79.008726
PETROPERU,Prolongacion Union,Trujillo,LA LIBERTAD,-8.092625,-79.007838
Gas Petrol,Avenida Prolongación Unión,Trujillo,LA LIBERTAD,-8.088424,-79.005128
Pecsa,Prolongación Avenida Santa,Sin distrito,LA LIBERTAD,-8.09375,-79.014639
Repsol,Prolongación Avenida Perú,Sin distrito,LA LIBERTAD,-8.097171,-79.011504
Primax,Sin dirección,Sin distrito,LA LIBERTAD,-7.164454,-78.466183
Sol de Villa,Sin dirección,Sin distrito,LA LIBERTAD,-7.165345,-78.474141
Siguenza,Sin dirección,Sin distrito,LA LIBERTAD,-7.1647,-78.47512
Grifo Repsol,Panamericana Norte,Sin distrito,LA LIBERTAD,-8.138978,-79.015452
Grifo Centinela,Sin dirección,Sin distrito,LA LIBERTAD,-7.169758,-78.457759
Petroperu,Panamericana Norte,Sin distrito,LA LIBERTAD,-8.173828,-78.998059
Sin nombre,Sin dirección,Sin distrito,LA LIBERTAD,-8.085994,-79.043723
Sin nombre,Panamericana Norte,Chao,LA LIBERTAD,-8.542836,-78.675556
Sin nombre,Sin dirección,Sin distrito,LA LIBERTAD,-8.150214,-79.012039
GasPetrol,Panamericana Norte,Sin distrito,LA LIBERTAD,-8.131252,-79.020488
Estación Ettersa,Panamericana Norte,Sin distrito,LA LIBERTAD,-8.166499,-79.008183
Grifo La Esperanza,Panamericana Norte,Sin distrito,LA LIBERTAD,-7.333196,-79.48657
Primax,Panamericana Norte,Sin distrito,LA LIBERTAD,-7.339355,-79.503062
Primax - Primax,Panamericana Norte,Sin distrito,LA LIBERTAD,-7.414868,-79.550254
Pecsa - Pecsa,Panamericana Norte,Sin distrito,LA LIBERTAD,-7.417039,-79.513616
Petroperú - PetroPeru,Panamericana Norte,Sin distrito,LA LIBERTAD,-7.435708,-79.5025
Petroperú - PetroPeru Paijan,Panamericana Norte,Sin distrito,LA LIBERTAD,-7.733453,-79.301203
Grifo Pecsa,Panamericana norte,Sin distrito,LA LIBERTAD,-8.085818,-79.09555
Pecsa,Avenida Ramón Castilla,Sin distrito,LA LIBERTAD,-8.089552,-79.090908
Petro America,Panamericana Norte,Sin distrito,LA LIBERTAD,-8.410271,-78.809262
Pecsa,Panamericana Norte,Sin distrito,LA LIBERTAD,-8.547767,-78.674427
Coresa Grifos,Avenida Federico Villarreal,Sin distrito,LA LIBERTAD,-8.099459,-79.005446
Primax,Carretera Panamericana Norte,Sin distrito,LA LIBERTAD,-7.305424,-79.479681
Grifo Servitrasa Pacasmayo,Panamericana Norte,Sin distrito,LA LIBERTAD,-7.415225,-79.548426
Petro América,Avenida José Gabriel Condorcanqui,Sin distrito,LA LIBERTAD,-8.081577,-79.045705
Los Pinos,Avenida Tahuantinsuyo,Sin distrito,LA LIBERTAD,-8.083381,-79.043067
Petroperu,Avenida José Gabriel Condorcanqui,Sin distrito,LA LIBERTAD,-8.087977,-79.041651
Repsol,Avenida Túpac Amaru,Sin distrito,LA LIBERTAD,-8.088527,-79.039625
Gasocentro Semar,Avenida Túpac Amaru,Sin distrito,LA LIBERTAD,-8.088904,-79.039032
Sin nombre,Avenida Túpac Amaru,Sin distrito,LA LIBERTAD,-8.089928,-79.037979
Grifo San Jorge,Avenida Túpac Amaru,Sin distrito,LA LIBERTAD,-8.090386,-79.036765
Primax,Sin dirección,Sin distrito,LA LIBERTAD,-8.085024,-79.096273
Sin nombre,Avenida Federico Villarreal Sur,Sin distrito,LA LIBERTAD,-8.097122,-79.009658
Primax - Primax,Sin dirección,Sin distrito,LA LIBERTAD,-8.009624,-78.751417
Pesqueda,Sin dirección,Sin distrito,LA LIBERTAD,-8.096706,-79.002224
Estrella de David,America Oeste,Sin distrito,LA LIBERTAD,-8.109548,-79.047771
Repsol,Avenida Los Colibries,Sin distrito,LA LIBERTAD,-8.124013,-79.044646
Grifo Larco - Petro Peru,Avenida Victor Larco Herrera,Sin distrito,LA LIBERTAD,-8.116337,-79.031436
Pecsa,Avenida America Sur,Sin distrito,LA LIBERTAD,-8.120947,-79.020768
Primax,Avenida Túpac Amaru,Sin distrito,LA LIBERTAD,-8.097577,-79.029977
Primax,Avenida Pablo Casals,Sin distrito,LA LIBERTAD,-8.095088,-79.03871
SJR S.A.C.,Avenida America Sur,Sin distrito,LA LIBERTAD,-8.118882,-79.018095
PRIMAX - Primax,Avenida 28 de Julio,Sin distrito,LA LIBERTAD,-8.116719,-79.029335
Repsol - Primax,Avenida Victor Larco Herrera,Sin distrito,LA LIBERTAD,-8.133928,-79.046554
Inversion,Avenida América Norte;Avenida Del Ejercito,Sin distrito,LA LIBERTAD,-8.096454,-79.018006
PetroPerú,Avenida America Sur,Sin distrito,LA LIBERTAD,-8.099781,-79.01326
Sin nombre,Panamericana Norte,Sin distrito,LA LIBERTAD,-8.427005,-78.779876
Sin nombre,Panamericana Norte,Sin distrito,LA LIBERTAD,-8.420239,-78.784819
Petroperu - Petroperu,Panamericana Norte,Sin distrito,LA LIBERTAD,-8.412313,-78.799008
Pecsa,Sin dirección,Sin distrito,LA LIBERTAD,-8.131372,-79.021331
Primax,Panamericana Norte,Sin distrito,LA LIBERTAD,-8.137674,-79.015588
Primax,Panamericana Norte,Sin distrito,LA LIBERTAD,-8.147108,-79.011724
Petro Peru,Avenida César Vallejo,Sin distrito,LA LIBERTAD,-8.102957,-79.011656
America Gas,Avenida César Vallejo,Sin distrito,LA LIBERTAD,-8.103283,-79.011407
Petroperu,Avenida Federico Villarreal Sur,Sin distrito,LA LIBERTAD,-8.101212,-79.003989
Primax,Avenida Federico Villarreal,Sin distrito,LA LIBERTAD,-8.099068,-79.006225
C GHL,Avenida César Vallejo,Trujillo,LA LIBERTAD,-8.093695,-79.00381
Petro América,Calle M. Ubalde,Trujillo,LA LIBERTAD,-8.086983,-79.004562
Primax - Primax,Sin dirección,Sin distrito,ANCASH,-9.045137,-77.816731
Grifo Pecsa,Sin dirección,Sin distrito,ANCASH,-9.813885,-77.423766
Repsol,Sin dirección,Sin distrito,ANCASH,-9.716282,-77.460785
Pecsa,Sin dirección,Sin distrito,ANCASH,-9.439941,-77.549035
Repsol,Sin dirección,Sin distrito,ANCASH,-10.565324,-77.758981
Pecsa,Sin dirección,Sin distrito,ANCASH,-10.282299,-77.587755
Grifo Pam Pam,Sin dirección,Sin distrito,ANCASH,-10.144433,-77.502023
Grifo Petroperu,Sin dirección,Sin distrito,ANCASH,-10.157125,-77.46196
Grifo Primax,Sin dirección,Sin distrito,ANCASH,-9.517584,-77.155445
Sin nombre,Sin dirección,Sin distrito,ANCASH,-9.344605,-77.168711
Grifo Ava,Sin dirección,Sin distrito,ANCASH,-9.269648,-77.658454
Grifo El Progreso - Visa,Sin dirección,Sin distrito,ANCASH,-9.277451,-77.650816
El Carmen,Sin dirección,Sin distrito,ANCASH,-9.054902,-78.575535
Sin nombre,Sin dirección,Sin distrito,ANCASH,-9.1202,-78.540284
terpel,Sin dirección,Sin distrito,ANCASH,-9.12062,-78.539574
Primax - Primax,Sin dirección,Sin distrito,ANCASH,-9.147924,-78.509496
Primax - Primax E.S. Marelvi,Sin dirección,Sin distrito,ANCASH,-9.152327,-77.742392
Grifo Petroperu,Sin dirección,Sin distrito,ANCASH,-9.186432,-77.715777
Grifo Petroperu - Visa,Sin dirección,Sin distrito,ANCASH,-9.290838,-77.635764
Grifo Señor De Pomallucay,Zona Acopampa,Acopampa,ANCASH,-9.295945,-77.628603
Pecsa,Sin dirección,Sin distrito,ANCASH,-9.301139,-77.621871
Primax - Co,Sin dirección,Sin distrito,ANCASH,-9.384271,-77.58699
Repsol - Repsol - Visa,Sin dirección,Sin distrito,ANCASH,-9.398801,-77.576016
Primax - Grifo Primax,Sin dirección,Sin distrito,ANCASH,-9.427675,-78.362842
Grifo Monterrey,Sin dirección,Sin distrito,ANCASH,-9.474185,-77.537427
Valex - Grifo Valex,Longitudinal de la Sierra Norte,Sin distrito,ANCASH,-9.496946,-77.535601
PECSA - Grifo Pecsa,Sin dirección,Sin distrito,ANCASH,-9.506448,-77.532541
Petroperu - Petroperu,Sin dirección,Sin distrito,ANCASH,-9.509427,-77.532165
Primax - Grifo Primax,Sin dirección,Sin distrito,ANCASH,-9.533589,-77.532151
Gasolinera Shasho,Sin dirección,Sin distrito,ANCASH,-9.536012,-77.553979
Sin nombre,Sin dirección,Sin distrito,ANCASH,-9.08834,-78.574157
Primax,Sin dirección,Sin distrito,ANCASH,-9.096347,-78.565698
Primax - Primax,Sin dirección,Sin distrito,ANCASH,-9.103984,-78.558735
Gesa,Sin dirección,Sin distrito,ANCASH,-9.108983,-78.553262
Repsol - Grifo Repsol,Sin dirección,Sin distrito,ANCASH,-9.110041,-77.767558
Osorio,Sin dirección,Sin distrito,ANCASH,-9.047585,-77.815183
Repsol - Visa,Sin dirección,Sin distrito,ANCASH,-9.050038,-77.815262
Sin nombre,Sin dirección,Sin distrito,ANCASH,-8.59342,-77.652893
Grifo Pecsa,Sin dirección,Sin distrito,ANCASH,-8.554806,-77.627453
Primax,Sin dirección,Sin distrito,ANCASH,-10.743667,-77.766887
Primax,Sin dirección,Sin distrito,ANCASH,-10.562999,-77.759181
Primax,Sin dirección,Sin distrito,ANCASH,-10.74436,-77.754367
PetroAmerica,Sin dirección,Sin distrito,ANCASH,-10.743213,-77.749215
Primax,Sin dirección,Sin distrito,ANCASH,-9.808547,-77.427488
EE.SS William,Sin dirección,Sin distrito,ANCASH,-9.796356,-77.436154
Gasolinera Corpipsa,Sin dirección,Sin distrito,ANCASH,-9.613455,-77.507972
Primax,Sin dirección,Sin distrito,ANCASH,-9.56108,-77.538908
Pecsa,Sin dirección,Sin distrito,ANCASH,-9.535804,-77.53185
San Miguel,Sin dirección,Sin distrito,ANCASH,-9.79789,-77.436068
EESS SAN NICOLAS,Carretera Huaraz Pativilca Km. 8,Sin distrito,ANCASH,-9.587245,-77.521549
Repsol,Sin dirección,Sin distrito,ANCASH,-9.547016,-77.535184
Primax,Sin dirección,Sin distrito,ANCASH,-9.539277,-77.531657
Grifo La Luz,Sin dirección,Sin distrito,ANCASH,-9.040919,-77.818322
Minera,Sin dirección,Sin distrito,ANCASH,-9.017678,-77.819804
Grifo Petroperú - Visa,Sin dirección,Sin distrito,ANCASH,-9.894564,-76.945717
Repsol,Sin dirección,Sin distrito,ANCASH,-9.526167,-77.529699
Grifo Eleuterio Meza,Panamericana Norte,Huarmey,ANCASH,-10.074411,-78.153768
Primax,Sin dirección,Sin distrito,ANCASH,-10.062165,-78.157521
Valex,Sin dirección,Sin distrito,ANCASH,-9.529827,-77.531531
Primax - Primax,Sin dirección,Sin distrito,ANCASH,-9.050679,-77.806151
Ursa,Sin dirección,Sin distrito,ANCASH,-9.525489,-77.526264
Pecsa,Sin dirección,Sin distrito,ANCASH,-10.067747,-78.146648
Estación de servicios Elisabeth,Sin dirección,Sin distrito,ANCASH,-9.518762,-77.543876
Sin nombre,Sin dirección,Sin distrito,ANCASH,-9.017473,-77.467633
Sin nombre,Sin dirección,Sin distrito,ANCASH,-9.093244,-77.332968
Estación Chavín de Huantar - Visa MC - baños,Sin dirección,Sin distrito,ANCASH,-9.589469,-77.175128
Repsol - Repsol,Carretera Longitudinal de la Sierra Norte,Sin distrito,ANCASH,-10.117933,-77.292136
Primax,Sin dirección,Sin distrito,ANCASH,-9.677552,-77.478499
Pecsa,Sin dirección,Sin distrito,ANCASH,-10.135206,-77.302162
Gasolinera artesanal,Sin dirección,Sin distrito,ANCASH,-10.149713,-77.365069
Repsol,Sin dirección,Sin distrito,ANCASH,-9.592749,-77.515676
Fastrol,Panamericana Norte,Sin distrito,ANCASH,-9.05158,-78.593335
Gasolinera rural Chacas,Sin dirección,Sin distrito,ANCASH,-9.15431,-77.367444
Gasolinera Chacas,Sin dirección,Sin distrito,ANCASH,-9.165194,-77.367707
Gasolinera Pecsa,Sin dirección,Sin distrito,ANCASH,-9.381595,-77.58829
Gasolinera Savana,Sin dirección,Sin distrito,ANCASH,-9.365966,-77.593544
Grifo JMPK,Sin dirección,Sin distrito,ANCASH,-9.471885,-77.5382
Estación de servicio Yungay,Sin dirección,Sin distrito,ANCASH,-9.138715,-77.748704
Petro Palmira,Sin dirección,Sin distrito,ANCASH,-9.1445,-77.745184
Grifo Repsol,Sin dirección,Sin distrito,ANCASH,-9.14303,-77.744667
Grifo Primax,Sin dirección,Sin distrito,ANCASH,-9.178467,-77.718539
Repsol - Repsol,Sin dirección,Sin distrito,ANCASH,-9.054661,-77.801774
Petro Palmira,Sin dirección,Sin distrito,ANCASH,-9.055284,-77.800725
Grifo Pecsa,Sin dirección,Sin distrito,ANCASH,-9.121139,-77.7636
Grifo Primax,Sin dirección,Sin distrito,ANCASH,-9.268367,-77.676799
Grifo Albinagorta,Sin dirección,Sin distrito,ANCASH,-9.301998,-77.620801
Fuel,Sin dirección,Sin distrito,ANCASH,-8.816982,-77.460784
Fuel,Sin dirección,Sin distrito,ANCASH,-8.592936,-77.653877
Fuel,Sin dirección,Sin distrito,ANCASH,-8.674175,-77.575112
Fuel,Sin dirección,Sin distrito,ANCASH,-8.673928,-77.574675
Grifo Sihuasinos,Sin dirección,Sin distrito,ANCASH,-8.556856,-77.628185
Grifo TDT,Sin dirección,Sin distrito,ANCASH,-9.898928,-76.939956
Grifo San Martín,Sin dirección,Sin distrito,ANCASH,-10.155136,-77.157483
Gasolinera rural,Sin dirección,Sin distrito,ANCASH,-9.187163,-76.961664
Gasolinera rural,Sin dirección,Sin distrito,ANCASH,-9.171083,-76.95933
Gasolinera rural,Sin dirección,Sin distrito,ANCASH,-9.170431,-76.958732
Gasolinera rural,Sin dirección,Sin distrito,ANCASH,-9.13451,-76.982779
Grifo San Pedro / baños,Sin dirección,Sin distrito,ANCASH,-9.304713,-77.017547
Gasolinera Rural,Sin dirección,Sin distrito,ANCASH,-8.816295,-77.461641
Grifo El Jordán,Sin dirección,Sin distrito,ANCASH,-8.823892,-77.45283
Grifo abandonado,Sin dirección,Sin distrito,ANCASH,-8.823977,-77.453376
Gasolinera rural,Sin dirección,Sin distrito,ANCASH,-8.619438,-77.576762
Gasolinera Rural,Sin dirección,Sin distrito,ANCASH,-8.865122,-77.361257
Grifo Wacrachuco SAC,Sin dirección,Sin distrito,ANCASH,-8.60062,-77.155319
Gasolinera rural,Sin dirección,Sin distrito,ANCASH,-8.592977,-77.65425
Gasolinera rural,Sin dirección,Sin distrito,ANCASH,-8.577579,-77.626135
Grifo Primax,Sin dirección,Sin distrito,ANCASH,-9.543431,-77.165984
Grifo Shanguito - Lavado de autos con rampa,Sin dirección,Sin distrito,ANCASH,-9.51865,-77.155717
Grifo Repsol,Sin dirección,Sin distrito,ANCASH,-9.3924,-77.143507
Grifo Ramos,Sin dirección,Sin distrito,ANCASH,-9.339659,-77.169214
Grifo rural,Sin dirección,Sin distrito,ANCASH,-9.335835,-77.171863
Grifo Primax,Sin dirección,Sin distrito,ANCASH,-9.585567,-77.177664
Grifo Las Mellizas,Sin dirección,Sin distrito,ANCASH,-9.562845,-77.893493
Grifo Shasho,Sin dirección,Sin distrito,ANCASH,-9.51528,-78.024724
Grifo María Rosa,Sin dirección,Sin distrito,ANCASH,-9.516616,-78.041587
Grifo Virgen de Guadalupe,Sin dirección,Sin distrito,ANCASH,-9.444759,-78.214651
Grifo Repsol,Sin dirección,Sin distrito,ANCASH,-9.423722,-78.364473
Grifo Pecsa,Sin dirección,Sin distrito,ANCASH,-10.797646,-77.70857
Sin nombre,Sin dirección,Sin distrito,ANCASH,-9.523862,-77.528378
Grifo Repsol,Sin dirección,Sin distrito,ANCASH,-10.385337,-77.686516
Grifo Primax,Sin dirección,Sin distrito,ANCASH,-9.328113,-77.601368
Sin nombre,Sin dirección,Sin distrito,ANCASH,-8.607631,-77.146856
Sin nombre,Sin dirección,Sin distrito,ANCASH,-8.601476,-77.154515
Grifo Primax,Sin dirección,Sin distrito,ANCASH,-9.121089,-77.368377
Sin nombre,Sin dirección,Sin distrito,ANCASH,-8.608371,-77.144736
Grifo rural,Sin dirección,Sin distrito,ANCASH,-9.08522,-77.343886
Grifo rural,Sin dirección,Sin distrito,ANCASH,-9.373059,-77.110822
Grifo rural - Llantería,Sin dirección,Sin distrito,ANCASH,-9.370937,-77.109483
Grifo Arquinigo,Sin dirección,Sin distrito,ANCASH,-9.367505,-77.101994
Grifo rural,Sin dirección,Sin distrito,ANCASH,-9.10839,-77.017698
Gasolinera GT Trujillo,Prolongación Jirón Leoncio Prado,Sin distrito,ANCASH,-9.344291,-77.169476
Grifo Corpipsa,Sin dirección,Sin distrito,ANCASH,-9.49163,-77.536158
Grifo Repsol,Sin dirección,Sin distrito,ANCASH,-9.490466,-77.536273
San Juan,Sin dirección,Sin distrito,ANCASH,-8.608461,-77.144949
Grifo Yaután,Sin dirección,Sin distrito,ANCASH,-9.513939,-77.997662
Grifo Primax,Sin dirección,Sin distrito,ANCASH,-9.513543,-77.998788
Grifo La Doxa,Sin dirección,Sin distrito,ANCASH,-9.133004,-78.509641
Servicentro Lovi,Sin dirección,Sin distrito,ANCASH,-9.141517,-78.19084
Grifo San Jacinto,Sin dirección,Sin distrito,ANCASH,-9.155157,-78.284829
Grifo Primax,Sin dirección,Sin distrito,ANCASH,-9.155056,-78.287427
Gasolinera California,Sin dirección,Sin distrito,ANCASH,-9.46778,-78.299839
Repsol,Sin dirección,Sin distrito,ANCASH,-10.743437,-77.748129
Grifo La Laguna,Panamericana Norte,Sin distrito,ANCASH,-10.059305,-78.157704
Grifo Primax,Sin dirección,Sin distrito,ANCASH,-9.137554,-78.183017
Primax - Primax,Sin dirección,Sin distrito,ANCASH,-10.788922,-77.711782
Repsol,Sin dirección,Sin distrito,ANCASH,-9.14635,-78.511387
Estación Elizabeth,Sin dirección,Sin distrito,ANCASH,-9.449217,-78.220935
Grifo Pecsa,Sin dirección,Sin distrito,ANCASH,-9.516825,-78.053053
Grifo Melissa,Sin dirección,Sin distrito,ANCASH,-9.528376,-77.54547
PetroAmérica Gasolina/GLP,Sin dirección,Sin distrito,ANCASH,-9.446486,-78.350148
Grifo Rural,Sin dirección,Sin distrito,ANCASH,-9.037609,-76.955953
Grifo Rural,Sin dirección,Sin distrito,ANCASH,-9.029721,-76.957702
Grifo Rural,Sin dirección,Sin distrito,ANCASH,-9.27566,-77.000055
Grifo Mar's,Sin dirección,Sin distrito,ANCASH,-9.738501,-77.450294
Grifo Repsol,Sin dirección,Sin distrito,ANCASH,-9.453812,-78.228194
Valex,Sin dirección,Sin distrito,ANCASH,-9.521615,-77.533184
Repsol,Sin dirección,Sin distrito,ANCASH,-9.144065,-78.50642
Gasolinera,Sin dirección,Sin distrito,ANCASH,-9.074992,-78.57605
Milagros,Sin dirección,Sin distrito,ANCASH,-9.187652,-77.714863
Petroperú,Panamericana Norte,Sin distrito,ANCASH,-8.991043,-78.617971
PGYG,Panamericana Norte,Sin distrito,ANCASH,-8.979137,-78.617333
Sin nombre,Avenida José Pardo,Sin distrito,ANCASH,-9.095951,-78.563509
Grecosem,Sin dirección,Sin distrito,ANCASH,-9.050903,-77.810776
Sin nombre,Sin dirección,Sin distrito,ANCASH,-9.462639,-78.373806
Sin nombre,Sin dirección,Sin distrito,ANCASH,-9.457924,-78.294801
Sin nombre,Sin dirección,Sin distrito,ANCASH,-9.112349,-78.516697
Repsol - Repsol,Sin dirección,Sin distrito,ANCASH,-10.78013,-77.718343
Grifo San Ignacio,Sin dirección,Sin distrito,ANCASH,-10.689499,-77.785541
Primax,Sin dirección,Sin distrito,ANCASH,-9.453475,-78.340772
PetroPeru,Sin dirección,Sin distrito,ANCASH,-10.794525,-77.724945
Grifo,Sin dirección,Sin distrito,ANCASH,-10.795516,-77.719362
Terpel,Sin dirección,Sin distrito,ANCASH,-10.793524,-77.72931
Repsol - Repsol,Sin dirección,Sin distrito,ANCASH,-9.051555,-77.810277
Grifo San Santiago,Sin dirección,Sin distrito,ANCASH,-9.014733,-77.819797
Dulcemar,Sin dirección,Sin distrito,ANCASH,-9.011465,-78.618729
Petroperú,Sin dirección,Sin distrito,ANCASH,-9.114449,-78.546671
Estacion de servicios Nuevo Moro,Sin dirección,Sin distrito,ANCASH,-9.132264,-78.164229
Pecsa,Jirón Rmon Castilla,Sin distrito,ANCASH,-10.74535,-77.765926
Repsol,Avenida Pacífico,Nuevo Chimbote,ANCASH,-9.120795,-78.534704
Repsol,Antigua Panamericana Norte,Sin distrito,ANCASH,-10.741965,-77.76805
GLP,Avenida Anchoveta,Nuevo Chimbote,ANCASH,-9.12751,-78.523466
Pecsa,Avenida José Pardo,Sin distrito,ANCASH,-9.09487,-78.563489
GLP,Panamericana Norte,Nuevo Chimbote,ANCASH,-9.147425,-78.509858
PetroPerú - Petroperu,Panamericana Norte,Casma,ANCASH,-9.457801,-78.334296
LK,Panamericana Norte,Casma,ANCASH,-9.464605,-78.321144
Estación Elizabeth,Panamericana Norte,Casma,ANCASH,-9.476885,-78.294565
Primax,Antigua Panamericana Norte,Sin distrito,ANCASH,-10.742815,-77.767116
PetroPerú,Antigua Panamericana Norte,Sin distrito,ANCASH,-10.736129,-77.772602
Petrocasma,Panamericana Norte,Casma,ANCASH,-9.478664,-78.293536
Pecsa,Antigua Panamericana Norte,Sin distrito,ANCASH,-10.689809,-77.784762
Sin nombre,Sin dirección,Sin distrito,ANCASH,-9.120723,-78.540233
Pecsa,Avenida José Pardo,Sin distrito,ANCASH,-9.078002,-78.582598
Pecsa,Avenida José Pardo,Sin distrito,ANCASH,-9.078,-78.582913
BELNorte,Panamericana Norte,Sin distrito,ANCASH,-9.048721,-78.594646
Repsol,Panamericana Norte,Sin distrito,ANCASH,-9.048316,-78.59488
Dimexsa,Panamericana Norte,Sin distrito,ANCASH,-9.049531,-78.594181
Repsol - Estación de Servicios Rentik,Avenida Enrique Meiggs,Sin distrito,ANCASH,-9.078754,-78.588494
JEL,Avenida Enrique Meiggs,Sin distrito,ANCASH,-9.080815,-78.581013
Energías,Avenida Enrique Meiggs,Sin distrito,ANCASH,-9.085609,-78.577044
Grifo Petroperú,Sin dirección,Sin distrito,ANCASH,-9.133614,-78.524911
GasPetrol,Avenida Enrique Meiggs,Sin distrito,ANCASH,-9.083922,-78.577505
Primax,Avenida Enrique Meiggs,Sin distrito,ANCASH,-9.084728,-78.577464
Sin nombre,Avenida Jose Pardo,Sin distrito,ANCASH,-9.084472,-78.574898
Sin nombre,Sin dirección,Sin distrito,ANCASH,-9.42101,-78.365991
Sin nombre,Sin dirección,Sin distrito,ANCASH,-9.051545,-77.810273
Sin nombre,Sin dirección,Sin distrito,ANCASH,-9.05071,-77.806144
Ava,Jirón Rmon Castilla,Sin distrito,ANCASH,-10.744549,-77.765637
Gaspetrol,Sin dirección,Sin distrito,ANCASH,-9.118982,-78.535822
Pecsa,Victor Raúl Haya de la Torre,Sin distrito,ANCASH,-9.113981,-78.543814
Sin nombre,Victor Raúl Haya de la Torre,Sin distrito,ANCASH,-9.113094,-78.544895
Sin nombre,Sin dirección,Sin distrito,ANCASH,-9.096359,-78.563223
Grefaan,Sin dirección,Sin distrito,ANCASH,-9.094444,-78.565197
Primax,La Sagrada Familia,Nuevo Chimbote,ANCASH,-9.129422,-78.51734
Primax,Avenida Pacífico,Nuevo Chimbote,ANCASH,-9.128685,-78.518306
Repsol,Panamericana Norte,Casma,ANCASH,-9.474187,-78.297167
Petroperu,Panamericana Norte,Sin distrito,ANCASH,-9.002937,-78.618553
Repsol - Repsol,Avenida Gran Chimu 1999,Sin distrito,LIMA,-12.024955,-76.981882
Pecsa,Zona San Martín de Porres,San Martín de Porres,LIMA,-12.030909,-77.04219
Independent - Terpel (GNV),Sin dirección,Sin distrito,LIMA,-12.042169,-77.077268
Repsol - Repsol,Sin dirección,Sin distrito,LIMA,-12.02985,-76.999074
Repsol - Repsol,Sin dirección,Sin distrito,LIMA,-12.042867,-77.077348
Repsol - Antiguo Repsol,Sin dirección,Sin distrito,LIMA,-12.044979,-77.061594
Repsol - Repsol,Sin dirección,Sin distrito,LIMA,-12.055584,-77.052724
Repsol - Repsol,Jose Orengo,San Luis,LIMA,-12.071113,-77.002038
Repsol - Repsol,Sin dirección,Sin distrito,LIMA,-12.075461,-76.955156
Repsol - Repsol,Sin dirección,Sin distrito,LIMA,-12.082412,-77.027715
Autoservicios La Perla,Avenida Venezuela,La Perla,LIMA,-12.06447,-77.112339
Establecimientos Anexos a la Empresa Repsol YPF,Sin dirección,Sin distrito,LIMA,-12.064287,-77.14482
Estacion de Servicio La Perla - PRIMAX,Sin dirección,Sin distrito,LIMA,-12.075848,-77.114732
Primax - Primax,Calle 10,Carmen de La Legua-Reynoso,LIMA,-12.030828,-77.095204
Pecsa - Pecsa,Sin dirección,Sin distrito,LIMA,-12.762883,-76.599358
Sin nombre,Sin dirección,Sin distrito,LIMA,-12.768061,-76.59348
Aba singer,Sin dirección,Sin distrito,LIMA,-12.020584,-77.000207
Grifo Mi Perú,Sin dirección,Sin distrito,LIMA,-12.033062,-77.060124
Repsol - Repsol,Sin dirección,Sin distrito,LIMA,-12.006008,-77.06115
PetroPerú - PetroPerú,Sin dirección,Sin distrito,LIMA,-13.02586,-76.473843
Grifo Aucallama,Sin dirección,Sin distrito,LIMA,-11.612624,-77.232533
PetroPerú,Sin dirección,Sin distrito,LIMA,-10.869495,-76.111769
Corasma,Sin dirección,Sin distrito,LIMA,-10.810239,-76.220233
Primax,Sin dirección,Sin distrito,LIMA,-10.887638,-76.087529
Petroperu,Sin dirección,Sin distrito,LIMA,-11.148048,-75.990274
Primax,Sin dirección,Sin distrito,LIMA,-10.924916,-76.05903
Petroperu “Las Angeles”,Sin dirección,Sin distrito,LIMA,-10.928074,-76.056944
Petroperu,Sin dirección,Sin distrito,LIMA,-11.15768,-75.989035
Sin nombre,Sin dirección,Sin distrito,LIMA,-11.164036,-75.988726
Repsol - Grifo Repsol,Sin dirección,Sin distrito,LIMA,-12.019613,-76.952976
PetroPerú - Grifo Petroperú,Puruchuco,Sin distrito,LIMA,-12.014316,-76.982772
Repsol - Grifo Repsol,Avenida Gran Chimu 1412,Sin distrito,LIMA,-12.024264,-76.988386
Primax,Sin dirección,Sin distrito,LIMA,-12.196752,-76.921844
Pecsa - Pecsa (GNV),Carretera Panamericana Norte,Puente Piedra,LIMA,-11.879303,-77.068341
Sin nombre,Sin dirección,Sin distrito,LIMA,-12.084529,-76.878178
Repsol,Sin dirección,Sin distrito,LIMA,-12.083869,-76.927721
Repsol - Repsol,Avenida República de Venezuela,San Miguel,LIMA,-12.061791,-77.087549
PECSA,Sin dirección,Sin distrito,LIMA,-11.947136,-77.071544
Abril,Sin dirección,Sin distrito,LIMA,-11.898678,-77.067358
Petro Peru / Energigas,Carretera Panamericana Norte KM 29.5,Lima,LIMA,-11.871946,-77.070232
Grifo Torre,Sin dirección,Sin distrito,LIMA,-11.85676,-77.083961
Centro Diesel,Sin dirección,Sin distrito,LIMA,-11.839632,-77.114181
Unicef,Sin dirección,Sin distrito,LIMA,-12.073063,-76.964875
PetroPerú - PetroPerú,Zona Callao,Callao,LIMA,-12.022208,-77.105522
Óvalo de Huandoy,Avenida Naranjal 1523,Sin distrito,LIMA,-11.976706,-77.084069
Sin nombre,Zona Comas,Comas,LIMA,-11.940468,-77.067469
Sin nombre,Sin dirección,Sin distrito,LIMA,-12.023678,-76.894889
GNV - Pacífico,Sin dirección,Sin distrito,LIMA,-11.995625,-77.059138
Grifo Naval,Sin dirección,Sin distrito,LIMA,-11.8896,-77.125729
Primax,Sin dirección,Sin distrito,LIMA,-12.037953,-77.035513
Repsol - Repsol,Sin dirección,Sin distrito,LIMA,-11.939742,-77.07077
PetroAmerica,Sin dirección,Sin distrito,LIMA,-12.383825,-76.774693
Repsol,Sin dirección,Sin distrito,LIMA,-11.000836,-77.62103
Primax,Sin dirección,Sin distrito,LIMA,-10.941755,-77.647546
GNV - GNV,Sin dirección,Sin distrito,LIMA,-11.934468,-77.071371
Repsol,Sin dirección,Sin distrito,LIMA,-10.943911,-77.647062
Repsol,Zona Puente Piedra,Puente Piedra,LIMA,-11.911483,-77.071905
Repsol,Sin dirección,Sin distrito,LIMA,-11.826282,-77.122017
Pecsa,Sin dirección,Sin distrito,LIMA,-10.960137,-77.646738
Repsol,Sin dirección,Sin distrito,LIMA,-12.972528,-76.153091
Energigas,Sin dirección,Sin distrito,LIMA,-12.045131,-77.065654
Servitor,Avenida Panamericana Norte,Sin distrito,LIMA,-12.014484,-77.060673
PetroPerú,Sin dirección,Sin distrito,LIMA,-12.067484,-77.029711
PetroPerú,Sin dirección,Sin distrito,LIMA,-11.525448,-75.895243
Primax - Primax (GNV),Sin dirección,Sin distrito,LIMA,-12.762294,-76.600122
Gasolineria,Gonzales Prada 194,Miraflores,LIMA,-12.116781,-77.026546
GNV,Avenida Ramiro Prialé,Sin distrito,LIMA,-12.020699,-76.922085
GNV,Antigua Panamericana Sur,Sin distrito,LIMA,-12.265572,-76.880028
GNV,Carretera Panamericana Sur,Sin distrito,LIMA,-12.215447,-76.977129
GNV - Pecsa,Sin dirección,Sin distrito,LIMA,-12.086239,-76.992993
Sin nombre,Carretera Panamericana Norte,Sin distrito,LIMA,-11.887433,-77.067936
GNV,Alfredo Mendiola,Sin distrito,LIMA,-11.943122,-77.070621
GNV - GNV,Sin dirección,Sin distrito,LIMA,-11.992124,-77.081812
Primax - Primax,Avenida Ramiro Prialé,Sin distrito,LIMA,-12.019482,-76.949506
GNV,Sin dirección,Sin distrito,LIMA,-12.110549,-76.976302
GNV - GNV,Avenida San Luis 400,San Luis,LIMA,-12.07084,-77.00328
GNV,Sin dirección,Sin distrito,LIMA,-12.078686,-77.010912
Terpel,Francisco Pizarro,Sin distrito,LIMA,-12.033889,-77.038264
GNV,Sin dirección,Sin distrito,LIMA,-12.082152,-77.024027
GNV,Sin dirección,Sin distrito,LIMA,-11.998118,-77.055765
Primax - Primax (GNV),Avenida Gregorio Escobedo,Sin distrito,LIMA,-12.08407,-77.051911
Sin nombre,Sin dirección,Sin distrito,LIMA,-12.059582,-77.078212
PetroPerú - Petroperu,Sin dirección,Sin distrito,LIMA,-12.02039,-76.935407
Servicentro Los Jazmines,Sin dirección,Sin distrito,LIMA,-11.899717,-76.962588
Primax,Sin dirección,Sin distrito,LIMA,-11.894279,-76.958649
Petroperu,Sin dirección,Sin distrito,LIMA,-12.036915,-77.037117
Go,Sin dirección,Sin distrito,LIMA,-12.033422,-77.038762
Primax - Primax,Zona San Miguel,San Miguel,LIMA,-12.074427,-77.083533
Sin nombre,Avenida Lima,Sin distrito,LIMA,-12.483603,-76.796295
Santa Cruz,Sin dirección,Sin distrito,LIMA,-11.911926,-76.542624
Petrocentral,Sin dirección,Sin distrito,LIMA,-11.911573,-76.54169
Repsol - Repsol,Sin dirección,Sin distrito,LIMA,-12.108431,-77.018343
Repsol,Nicolas Ayllon 1912,Ate,LIMA,-12.064333,-76.986775
GNV - Clean Energy del Perú,Avenida Universitaria,Carmen de la Legua-Reynoso,LIMA,-12.04056,-77.076869
Primax,Zona Jesús María,Jesús María,LIMA,-12.080171,-77.039308
Repsol - Repsol (GNV),Avenida Angamos Este,Sin distrito,LIMA,-12.112357,-77.013342
Sin nombre,Avenida Pacasmayo,Sin distrito,LIMA,-12.00319,-77.104888
Sin nombre,Avenida Canta Callao,Sin distrito,LIMA,-11.992718,-77.109387
Sin nombre,Avenida Los Dominicos,Sin distrito,LIMA,-11.999772,-77.102547
Primax,Sin dirección,Sin distrito,LIMA,-11.541379,-75.927498
Grifo El Torito,Sin dirección,Sin distrito,LIMA,-12.070147,-76.99888
GNV - Altavidda,Sin dirección,Sin distrito,LIMA,-12.069031,-76.991199
Pecsa - Pecsa,Avenida Arica,Breña,LIMA,-12.058276,-77.046878
GNV - ALTAVIDDA,Sin dirección,Sin distrito,LIMA,-11.97412,-77.061031
Repsol,Sin dirección,Sin distrito,LIMA,-11.792981,-77.147233
Repsol,Nicolás de pierola,Sin distrito,LIMA,-12.023695,-76.894028
Gazzel,Sin dirección,Sin distrito,LIMA,-12.152768,-76.98943
Sin nombre,Sabogal,Sin distrito,LIMA,-12.029563,-77.05988
PetroAmérica,Calle Los Pinos,Sin distrito,LIMA,-12.000727,-76.853372
GNV - Bolivar,Avenida México 200,Sin distrito,LIMA,-12.075891,-77.027377
ZPV,Calle Brillantes,La Victoria,LIMA,-12.076773,-77.027492
Petroperú,Avenida Pablo Patron 715,San Luis,LIMA,-12.066753,-76.997879
GNV,Sin dirección,Sin distrito,LIMA,-12.066969,-77.028627
Primax,Sin dirección,Sin distrito,LIMA,-12.064546,-77.026696
Sin nombre,Los Diamantes,Sin distrito,LIMA,-11.957808,-77.038528
Sin nombre,Sin dirección,Sin distrito,LIMA,-12.06606,-77.05056
Pecsa,Sin dirección,Sin distrito,LIMA,-11.999464,-76.906788
Grifo Primax,Sin dirección,Sin distrito,LIMA,-11.982407,-76.908731
GNV - Gazel,Sin dirección,Sin distrito,LIMA,-12.063015,-76.983061
Acosa,Calle Pascual Saco Oliveros,La Victoria,LIMA,-12.087218,-77.01641
Grifo PETROPERU,Sin dirección,Sin distrito,LIMA,-11.983368,-76.893509
Grifo REPSOL,Sin dirección,Sin distrito,LIMA,-11.978824,-76.903923
Gas Gnv Nisperos,Sin dirección,Sin distrito,LIMA,-11.994667,-77.099325
Pecsa,Avenida San Luis,San Borja,LIMA,-12.098226,-76.995185
Sin nombre,Sin dirección,Sin distrito,LIMA,-12.071465,-76.994129
SOLGAS,Avenida Francisco Lazo,Sin distrito,LIMA,-12.080488,-77.030737
Grifo PETROPERU,Sin dirección,Sin distrito,LIMA,-12.007819,-76.888271
Grifo REPSOL,Sin dirección,Sin distrito,LIMA,-12.007731,-76.888253
Grifo Chaperito,Sin dirección,Sin distrito,LIMA,-11.881814,-77.023659
Grifo San Juan,Carretera Central,Sin distrito,LIMA,-12.010406,-76.870296
Puma - Puma,Sin dirección,Sin distrito,LIMA,-11.779618,-77.159575
Full Grifo,Sin dirección,Sin distrito,LIMA,-12.329056,-75.827321
Grifo Primax,Sin dirección,Sin distrito,LIMA,-13.077364,-76.291534
Gaspetrol,Sin dirección,Sin distrito,LIMA,-13.068906,-76.361954
Grifo Pecsa,Sin dirección,Sin distrito,LIMA,-13.063877,-76.354829
Grifo Pecsa - GLP,Sin dirección,Sin distrito,LIMA,-13.050243,-76.432629
Petroperú,Avenida Sinchi Roca,Sin distrito,LIMA,-11.931902,-76.965341
Grifo Central,Sin dirección,Sin distrito,LIMA,-13.053286,-76.430339
Grifo Autopasa,Sin dirección,Sin distrito,LIMA,-13.076647,-76.392748
Grifo GESA,Sin dirección,Sin distrito,LIMA,-13.076973,-76.392044
Grifo Repsol,Sin dirección,Sin distrito,LIMA,-13.063061,-76.353678
Grifo artesanal,Sin dirección,Sin distrito,LIMA,-12.859499,-76.02566
Grifo Pecsa,Sin dirección,Sin distrito,LIMA,-12.804364,-75.893712
Grifo artesanal,Sin dirección,Sin distrito,LIMA,-12.839203,-75.974487
Grifo artesanal,Sin dirección,Sin distrito,LIMA,-12.83208,-75.922583
Grifo artesanal,Sin dirección,Sin distrito,LIMA,-12.718295,-75.956975
Repsol,Sin dirección,Sin distrito,LIMA,-12.091116,-77.032257
Sin nombre,Sin dirección,Sin distrito,LIMA,-12.630869,-75.97931
PetroPerú,Avenida Tupac Amaru,Sin distrito,LIMA,-11.901319,-77.03008
Grifo Olga,Sin dirección,Sin distrito,LIMA,-12.292713,-75.807564
Repsol - Gas,Avenida Túpac Amaru,Sin distrito,LIMA,-11.813967,-76.991165
Sin nombre,Sin dirección,Sin distrito,LIMA,-11.102294,-77.616709
Grifo Balita,Sin dirección,Sin distrito,LIMA,-12.224569,-76.845571
Grifo Santa Rosa,Sin dirección,Sin distrito,LIMA,-11.972459,-76.93925
Grifo GAIA,Sin dirección,Sin distrito,LIMA,-11.862604,-77.007752
Grifo REPSOL,Avenida Samuel Alcázar,Sin distrito,LIMA,-12.026996,-77.033731
Sin nombre,Sin dirección,Sin distrito,LIMA,-11.536209,-77.254792
Grifo Primax,Sin dirección,Sin distrito,LIMA,-11.99927,-77.121884
Grifo Santa Rosa,Jirón Mendoza Merino,Sin distrito,LIMA,-12.063928,-77.023439
Repsol,Avenida Jaime Bausate y Meza,La Victoria,LIMA,-12.063539,-77.0232
Primax - Primax,Zona Breña,Breña,LIMA,-12.05937,-77.045864
Grifo Petroperú,Avenida José Carlos Mariátegui 2122,Sin distrito,LIMA,-12.037717,-76.997244
Repsol - Repsol,Sin dirección,Sin distrito,LIMA,-12.014871,-77.095893
Pesca,Sin dirección,Sin distrito,LIMA,-12.084015,-77.096207
Primax,Sin dirección,Sin distrito,LIMA,-11.832465,-77.083186
Repsol,Avenida E,Sin distrito,LIMA,-11.831186,-77.168031
Sin nombre,Sin dirección,Sin distrito,LIMA,-11.831302,-77.16256
Primax,Sin dirección,Sin distrito,LIMA,-12.695533,-76.642944
Sin nombre,Sin dirección,Sin distrito,LIMA,-11.839089,-76.377396
Primax - Primax,Sin dirección,Sin distrito,LIMA,-13.069968,-76.340983
Pecsa,Sin dirección,Sin distrito,LIMA,-12.971203,-76.383684
Petroperu Grifo “Tauro”,Sin dirección,Sin distrito,LIMA,-10.898227,-76.07577
Grifo el Sol,Sin dirección,Sin distrito,LIMA,-12.022602,-76.88583
San Mateo,Sin dirección,Sin distrito,LIMA,-11.757445,-76.298635
Grifo COMARSA,Sin dirección,Sin distrito,LIMA,-11.895207,-77.040723
Santa Ana,Sin dirección,Sin distrito,LIMA,-11.947907,-77.077179
Salida,Sin dirección,Sin distrito,LIMA,-12.819861,-76.537407
Real II,Sin dirección,Sin distrito,LIMA,-11.988441,-77.010276
Terpel - Terpel,Sin dirección,Sin distrito,LIMA,-12.075033,-77.0014
GasPetrol,Sin dirección,Sin distrito,LIMA,-12.064109,-77.048716
Sin nombre,Sin dirección,Sin distrito,LIMA,-11.944978,-77.068897
Bolívar,Sin dirección,Sin distrito,LIMA,-12.062708,-77.01702
Grifo Petro Perú,Sin dirección,Sin distrito,LIMA,-11.986526,-76.999071
Pecsa - Pecsa,Sin dirección,Sin distrito,LIMA,-11.92325,-76.630248
Sin nombre,Sin dirección,Sin distrito,LIMA,-11.941436,-77.120049
Primax - Primax (GNV),Avenida Próceres de la Independencia 104,San Juan de Lurigancho,LIMA,-12.031462,-77.011811
Repsol - Repsol,Avenida 9 de Octubre 508,Lima,LIMA,-12.039286,-77.01588
Sin nombre,Sin dirección,Sin distrito,LIMA,-12.029637,-77.000822
Petro America,Sin dirección,Sin distrito,LIMA,-12.061355,-77.08224
Sin nombre,Sin dirección,Sin distrito,LIMA,-11.058458,-77.601105
Repsol,Sin dirección,Sin distrito,LIMA,-10.855733,-77.691824
Repsol - Repsol,Avenida La Marina 2530,San Miguel,LIMA,-12.077612,-77.089851
Sin nombre,Sin dirección,Sin distrito,LIMA,-11.913676,-77.010514
Sin nombre,Sin dirección,Sin distrito,LIMA,-11.912206,-77.0045
Herco Combustibles,Sin dirección,Sin distrito,LIMA,-10.862895,-77.688237
Primax,Panamericana Norte,Sin distrito,LIMA,-11.531993,-77.285408
Petroperú,Sin dirección,Sin distrito,LIMA,-11.969991,-76.988795
Herco,Sin dirección,Sin distrito,LIMA,-12.60849,-76.66638
Repsol - Repsol,Sin dirección,Sin distrito,LIMA,-10.894195,-77.673866
Repsol - Repsol,Sin dirección,Sin distrito,LIMA,-10.84883,-77.693125
Primax Cocayalta,Sin dirección,Sin distrito,LIMA,-11.680037,-76.905764
Sin nombre,Sin dirección,Sin distrito,LIMA,-11.581578,-77.201795
Primax,Sin dirección,Sin distrito,LIMA,-11.842017,-76.998908
Sin nombre,Sin dirección,Sin distrito,LIMA,-12.060156,-77.048403
Grifo Julio,Sin dirección,Sin distrito,LIMA,-11.491251,-77.193512
Grifo Santa Maria,Sin dirección,Sin distrito,LIMA,-11.502938,-77.205875
Repsol - Repsol,Sin dirección,Sin distrito,LIMA,-11.50754,-77.206059
Repsol - Repsol,Avenida Alvarez de Arenales,Lima,LIMA,-12.073439,-77.037087
Petroperú,Sin dirección,Sin distrito,LIMA,-10.955527,-76.040479
Sin nombre,Avenida Gran Chimu 1999,Sin distrito,LIMA,-12.024976,-76.981961
Primax - Primax,Avenida Javier Prado Este,Sin distrito,LIMA,-12.09008,-77.020481
PetroPerú - Petro Peru,Panamericana Sur,Sin distrito,LIMA,-12.682635,-76.649868
Grifo Octano,Avenida Tomás Valle,Sin distrito,LIMA,-12.012316,-77.07493
Estacion de Servicio,Sin dirección,Sin distrito,LIMA,-12.032748,-77.02656
Primax - PRIMAX,Sin dirección,Sin distrito,LIMA,-11.998169,-77.055931
Primax,Sin dirección,Sin distrito,LIMA,-12.048447,-77.101508
Terpel,Sin dirección,Sin distrito,LIMA,-12.066144,-77.119088
Repsol - Repsol,Sin dirección,Sin distrito,LIMA,-12.055597,-77.058314
Primax,Sin dirección,Sin distrito,LIMA,-12.087916,-76.999756
Pecsa - Pecsa,Avenida Óscar Raimundo Benavides,Sin distrito,LIMA,-12.047815,-77.059545
Pecsa - Pecsa,Sin dirección,Sin distrito,LIMA,-12.080725,-77.094765
Acosa,Avenida Perez Araníbar,Sin distrito,LIMA,-12.100304,-77.061938
Gasocentro,Prolongación Huamanga,Lima,LIMA,-12.064143,-77.020725
Repsol - Repsol,Zona Jesús María,Jesús María,LIMA,-12.06876,-77.038173
Repsol - Repsol,Sin dirección,Sin distrito,LIMA,-12.103116,-77.051817
Repsol - Repsol,Avenida El Derby,Sin distrito,LIMA,-12.098501,-76.970774
Sin nombre,Sin dirección,Sin distrito,LIMA,-12.030673,-77.043912
PetroPerú - PetroPerú,Sin dirección,Sin distrito,LIMA,-12.088605,-77.01012
Primax,Avenida Javier Prado Este,San Isidro,LIMA,-12.091749,-77.030949
Repsol - Repsol,Avenida Javier Prado Este 365,San Isidro,LIMA,-12.091591,-77.030447
Grifo Primax,Sin dirección,Sin distrito,LIMA,-12.215293,-76.97723
GES,Avenida La Marina,Sin distrito,LIMA,-12.077755,-77.093204
Repsol - Repsol,Sin dirección,Sin distrito,LIMA,-12.116775,-77.029656
Repsol,Carretera Central,Sin distrito,LIMA,-12.016943,-76.891156
Primax,Sin dirección,Sin distrito,LIMA,-12.069941,-76.951066
Pecsa,Morro Solar,Santiago de Surco,LIMA,-12.127392,-76.977503
Repsol - Repsol,Sin dirección,Sin distrito,LIMA,-11.988123,-77.081204
Primax,Avenida Perez Araníbar 101,Magdalena del Mar,LIMA,-12.097368,-77.071667
Acosa/Primax/GNV,Avenida Brasil 4505,Magdalena del Mar,LIMA,-12.097035,-77.071486
Primax - Primax,Calle Los Castaños,San Isidro,LIMA,-12.094995,-77.050176
Gripo Pits,Sin dirección,Sin distrito,LIMA,-12.166435,-76.950625
Repsol,Sin dirección,Sin distrito,LIMA,-12.167394,-76.948229
Repsol - Repsol,Republica de Panama,Barranco,LIMA,-12.139168,-77.017597
Repsol - Repsol,Sin dirección,Sin distrito,LIMA,-12.110011,-76.979725
Repsol - Repsol,Avenida Primavera,Santiago de Surco,LIMA,-12.110626,-76.979793
Energigas,Avenida Manco Cápac,La Victoria,LIMA,-12.07243,-77.027856
Primax,Sin dirección,Sin distrito,LIMA,-12.103328,-77.058266
PetroPerú - PetroPerú,Sin dirección,Sin distrito,LIMA,-11.962594,-76.981297
Repsol,Avenida Pachacutec,Sin distrito,LIMA,-12.161492,-76.956563
Pecsa - Pecsa,Avenida Mateo Pumacahua,Villa El Salvador,LIMA,-12.193302,-76.964291
Repsol,Avenida Pachacutec,Sin distrito,LIMA,-12.201565,-76.93033
GO Grupo Ormeño,Avenida Carlos Alberto Izaguirre,Sin distrito,LIMA,-11.989264,-77.061593
Repsol - Repsol,Avenida Simón Bolívar,Jesús María,LIMA,-12.073193,-77.055883
Pro Máxima,Avenida Simón Bolívar,Sin distrito,LIMA,-12.072453,-77.057783
Primax,Sin dirección,Sin distrito,LIMA,-12.045851,-77.06551
Repsol - Repsol,Avenida Alfredo Benavides,Lima,LIMA,-12.127456,-77.010541
Repsol - Repsol,Avenida Alfredo Benavides,Lima,LIMA,-12.127987,-77.005513
Primax - Primax,Avenida Alfredo Benavides,Lima,LIMA,-12.127721,-77.010351
Primax,Avenida Santiago De Surco,Lima,LIMA,-12.131562,-76.999009
Repsol,Avenida Nestor Gambetta,Lima,LIMA,-12.038281,-77.127342
Repsol - Repsol,Avenida Óscar Raimundo Benavides 1580,Callao,LIMA,-12.059162,-77.127349
Sin nombre,Avenida Santa Fe,Sin distrito,LIMA,-12.053071,-77.125041
Repsol - Repsol,Avenida Comandante Espinar,Miraflores,LIMA,-12.114304,-77.037211
GNV - Petroperu,Sin dirección,Sin distrito,LIMA,-12.04419,-77.053232
Sin nombre,Sin dirección,Sin distrito,LIMA,-12.118738,-77.036964
GNV - Pecsa,Sin dirección,Sin distrito,LIMA,-12.044703,-77.053786
Repsol - Repsol,Avenida Perez Araníbar,Miraflores,LIMA,-12.110499,-77.051362
Repsol,Sin dirección,Sin distrito,LIMA,-12.046981,-77.079549
Primax - Primax,Sin dirección,Sin distrito,LIMA,-12.078752,-77.081974
Repsol,Avenida República de Panamá,San Isidro,LIMA,-12.096272,-77.020849
Primax - Primax,Sin dirección,Sin distrito,LIMA,-12.097194,-77.023881
Herco,Avenida Domingo Orue,Sin distrito,LIMA,-12.105964,-77.018833
Repsol - Repsol,Avenida Camino Real,San Isidro,LIMA,-12.107055,-77.039776
Grifo Primax,Avenida Armendariz,Sin distrito,LIMA,-12.135001,-77.025207
Aba Singer,Avenida Comandante Espinar,San Isidro,LIMA,-12.111078,-77.036882
Gas AC,Sin dirección,Sin distrito,LIMA,-12.049191,-77.104108
Sin nombre,Sin dirección,Sin distrito,LIMA,-12.060112,-77.077216
EnergiGas,Sin dirección,Sin distrito,LIMA,-12.05637,-77.06257
GLP,Avenida Parque Zonal,Sin distrito,LIMA,-11.882676,-77.033186
Repsol - Repsol,Sin dirección,Sin distrito,LIMA,-12.056116,-77.058043
Gazel,Sin dirección,Sin distrito,LIMA,-12.057285,-77.052166
Pecsa,Avenida Iquitos,Sin distrito,LIMA,-12.071749,-77.029985
Primex,Sin dirección,Sin distrito,LIMA,-12.275657,-76.88929
Petro América,Avenida Brasil,Sin distrito,LIMA,-12.066292,-77.046125
Repsol,Avenida Mateo Pumacahua,Sin distrito,LIMA,-12.192444,-76.961262
Primax - Primax,Sin dirección,Sin distrito,LIMA,-12.065349,-77.060203
Gaspetrol,Zona Jesús María,Jesús María,LIMA,-12.075165,-77.054142
Repsol - Repsol,Avenida Paseo de la República,La Victoria,LIMA,-12.060344,-77.035116
Sin nombre,Avenida Mariano Condorcanqui,Sin distrito,LIMA,-11.886069,-77.035419
Primax - Primax,Sin dirección,Sin distrito,LIMA,-12.050229,-77.046943
Primax - Primax,Avenida Ricardo Palma,Sin distrito,LIMA,-12.119451,-77.025195
Aba Singer,Avenida Ricardo Palma,Sin distrito,LIMA,-12.119854,-77.024309
Repsol - Repsol,Avenida Cuba,Sin distrito,LIMA,-12.075129,-77.041806
Aba Singer,Sin dirección,Sin distrito,LIMA,-12.075118,-77.04703
Primax - Primax,Avenida Ricardo Palma,Sin distrito,LIMA,-12.119954,-77.023505
Pecsa,Avenida José Carlos Mariátegui,Sin distrito,LIMA,-12.220705,-76.932571
Repsol - Repsol,Carretera Panamericana Norte,Carabayllo,LIMA,-11.882851,-77.068043
Primax - Primax,Sin dirección,Sin distrito,LIMA,-11.887196,-77.068009
Primax - Primax (GNV),Sin dirección,Sin distrito,LIMA,-12.098617,-77.032151
Ava,Avenida Hipólito Unanue,Sin distrito,LIMA,-12.109561,-77.048318
Repsol,Avenida Túpac Amaru,Sin distrito,LIMA,-11.892164,-77.028395
Sol de Oro,Avenida Mariano Pastor Sevilla,Sin distrito,LIMA,-12.205953,-76.95241
Repsol - Repsol,Arequipa,Miraflores,LIMA,-12.108928,-77.030486
Primax - Primax,Avenida El Sol,Sin distrito,LIMA,-12.205209,-76.952835
Primax,Avenida Mariano Pastor Sevilla,Sin distrito,LIMA,-12.19695,-76.957929
Primax,Avenida Trapiche,Sin distrito,LIMA,-11.920976,-77.062422
Petroperú,Sin dirección,Sin distrito,LIMA,-11.930456,-77.06917
Primax,Avenida Tupac Amaru,Sin distrito,LIMA,-11.884354,-77.023255
Sin nombre,Sin dirección,Sin distrito,LIMA,-11.897956,-77.049417
Sin nombre,Avenida Universitaria,Sin distrito,LIMA,-11.925923,-77.052418
Primax,Avenida Universitaria,Sin distrito,LIMA,-11.920024,-77.051052
Primax - Primax,Avenida Antonio José de Sucre,Sin distrito,LIMA,-12.081461,-77.066764
Primax - Primax,Avenida 7 De Abril,Sin distrito,LIMA,-12.316687,-76.831921
Repsol,Avenida Universitaria,Sin distrito,LIMA,-11.894237,-77.036158
Energigas,Avenida Universitaria,Sin distrito,LIMA,-11.894388,-77.036219
Primax,Avenida Universitaria,Sin distrito,LIMA,-11.889364,-77.033913
GNV,Avenida Universitaria,Sin distrito,LIMA,-11.927382,-77.051992
Primax - Primax,Avenida Petit Thouars 3932,San Isidro,LIMA,-12.101209,-77.030722
Repsol - Repsol,Avenida 28 de Julio,Miraflores,LIMA,-12.129515,-77.023469
PetroPerú - PetroPerú,Sin dirección,Sin distrito,LIMA,-12.048972,-77.071794
Gazel,Sin dirección,Sin distrito,LIMA,-12.0489,-77.071559
Sin nombre,Avenida Universitaria,Sin distrito,LIMA,-11.899521,-77.038715
GNV Pits,Avenida Mariano Cornejo,Sin distrito,LIMA,-12.067535,-77.06774
Petroperu,Avenida La Marina,Sin distrito,LIMA,-12.070249,-77.109959
Pecsa,Sin dirección,Sin distrito,LIMA,-12.051207,-77.077822
Pesca,Sin dirección,Sin distrito,LIMA,-11.873029,-77.028785
Repsol - Repsol,Zona Callao,Callao,LIMA,-12.053383,-77.09551
Repsol - Repsol,Avenida Elmer Faucett (auxiliar),Sin distrito,LIMA,-12.05018,-77.098695
GNV - Gazel,Sin dirección,Sin distrito,LIMA,-12.069081,-77.097572
PECSA,Sin dirección,Sin distrito,LIMA,-12.067278,-77.115717
Sin nombre,Sin dirección,Sin distrito,LIMA,-11.871753,-77.014133
Primax - Acosa,Volcan Coropuna,San Miguel,LIMA,-12.066774,-77.097054
Repsol - Repsol,Avenida Nicolas Arriola 1099,La Victoria,LIMA,-12.089757,-77.017676
PetroPerú - Petro Peru,Avenida Tupac Amaru,Sin distrito,LIMA,-11.975969,-77.059558
Repsol,Sin dirección,Sin distrito,LIMA,-12.21855,-76.907104
GNV - Midas Gas,Sin dirección,Sin distrito,LIMA,-12.0646,-76.990437
Repsol - Repsol,Sin dirección,Sin distrito,LIMA,-12.050071,-77.113317
PetroPerú - PetroPerú,Sin dirección,Sin distrito,LIMA,-12.092038,-77.045094
Repsol - Repsol,Sin dirección,Sin distrito,LIMA,-12.065004,-77.097537
Sin nombre,Sin dirección,Sin distrito,LIMA,-12.051884,-77.136429
Petroamerica,Plaza Garibaldi,Sin distrito,LIMA,-12.052034,-77.1383
Primax,Sin dirección,Sin distrito,LIMA,-12.086497,-77.091655
Primax,Avenida La Paz,San Miguel,LIMA,-12.075861,-77.114632
Herco,Sin dirección,Sin distrito,LIMA,-12.050238,-77.121362
Primax - Primax,Sin dirección,Sin distrito,LIMA,-12.063394,-77.142852
GNV - Samgas GLP,Avenida Simón Bolívar,Sin distrito,LIMA,-12.072685,-77.057292
Petroamerica Grifo El Puerto,Sin dirección,Sin distrito,LIMA,-12.051503,-77.138339
Primax,Sin dirección,Sin distrito,LIMA,-12.085213,-77.048367
Primax,Sin dirección,Sin distrito,LIMA,-12.048555,-77.13496
Pecsa,Sin dirección,Sin distrito,LIMA,-12.049968,-77.134629
Gazel,Avenida Guardia Chalaca 991,Callao,LIMA,-12.055293,-77.133625
Gazel,Sin dirección,Sin distrito,LIMA,-12.055257,-77.133506
Sin nombre,Avenida Revolución,Sin distrito,LIMA,-11.914833,-77.03457
Repsol - Repsol,Sin dirección,Sin distrito,LIMA,-12.061582,-77.133881
Pecsa,Avenida Paseo de la República,Sin distrito,LIMA,-12.123515,-77.024966
Primax - Primax,Avenida Javier Prado Oeste 2504,Magdalena del Mar,LIMA,-12.093564,-77.057196
Pecsa,Zona La Punta,La Punta,LIMA,-12.068183,-77.158115
Repsol - Repsol,Sin dirección,Sin distrito,LIMA,-12.061431,-77.133817
PECSA,Calle Leoncio Prado,Sin distrito,LIMA,-11.84103,-77.103478
Repsol,Avenida Nestor Gambetta,Sin distrito,LIMA,-11.840704,-77.113533
Primax,Sin dirección,Sin distrito,LIMA,-12.059466,-77.14318
Repsol - Repsol,Avenida Óscar Raimundo Benavides 153,Cercado de Lima,LIMA,-12.046163,-77.043901
GNV - La Marina,Sin dirección,Sin distrito,LIMA,-12.080155,-77.076008
Sin nombre,Sin dirección,Sin distrito,LIMA,-12.15242,-77.019947
Primax,Los Topgrafos,Sin distrito,LIMA,-11.847101,-77.133416
Petro Peru,Los Topgrafos,Sin distrito,LIMA,-11.847457,-77.133235
Petro América,Avenida Petit Thouars,Sin distrito,LIMA,-12.095565,-77.031602
PetroPerú - PetroPerú,Sin dirección,Sin distrito,LIMA,-12.089046,-77.029378
Sin nombre,Sin dirección,Sin distrito,LIMA,-11.920635,-77.041489
Repsol,Avenida 225,Sin distrito,LIMA,-11.838128,-77.13956
Pecsa - Pecsa,Avenida Cuba,Sin distrito,LIMA,-12.074561,-77.03729
Repsol - Repsol,Sin dirección,Sin distrito,LIMA,-12.048835,-77.065177
Aba Singer,Avenida Petit Thouars,Santa Beatriz,LIMA,-12.075672,-77.034826
Repsol,Jirón Emilio Althaus,Lince,LIMA,-12.080278,-77.032056
Primax - Primax (GNV),Avenida Arequipa,Sin distrito,LIMA,-12.073664,-77.036334
Repsol - Repsol,Avenida Roosevelt,Sin distrito,LIMA,-12.130153,-77.017798
Sin nombre,Sin dirección,Sin distrito,LIMA,-11.938349,-77.049424
Energigas,Avenida República de Panamá,Sin distrito,LIMA,-12.137092,-77.017562
PetroPerú - Petro Peru,Avenida Naciones Unidas,Sin distrito,LIMA,-12.049278,-77.059924
Pecsa - Pecsa,Avenida Jorge Chavez,Santiago de Surco,LIMA,-12.146838,-77.011708
Repsol - Repsol,Avenida Paseo de la República,Sin distrito,LIMA,-12.113807,-77.026513
Repsol - Repsol,Avenida Del Ejército,Sin distrito,LIMA,-12.117443,-77.044051
Primax - Primax,Avenida Del Ejército,Sin distrito,LIMA,-12.116491,-77.044974
Pecsa,Sin dirección,Sin distrito,LIMA,-12.122611,-77.011061
Primax,Avenida La Marina,Sin distrito,LIMA,-12.081458,-77.070958
Repsol,Avenida Defensores del Morro,Sin distrito,LIMA,-12.169958,-77.023602
Primax,Avenida José Gálvez,Sin distrito,LIMA,-12.066908,-77.128582
Primax - Primax,Avenida La Marina,Sin distrito,LIMA,-12.075317,-77.097077
Primax,Calle Francisco Pizarro 1100,Sin distrito,LIMA,-12.05974,-77.132743
Repsol,Avenida Guillermo Prescott,Sin distrito,LIMA,-12.09133,-77.047571
Ava,Avenida Victor Raúl Haya de la Torre,Ventanilla,LIMA,-11.871761,-77.127076
Primax - Primax,Sin dirección,Sin distrito,LIMA,-12.116,-77.018565
Repsol - Repsol,Sin dirección,Sin distrito,LIMA,-12.120312,-77.018514
Repsol - Repsol Grifo Marimon,Avenida José Gálvez,Sin distrito,LIMA,-12.066087,-77.122536
Sin nombre,Sin dirección,Sin distrito,LIMA,-11.841896,-77.10406
REPSOL,Calle Leoncio Prado,Sin distrito,LIMA,-11.84723,-77.095749
Surgas,Sin dirección,Sin distrito,LIMA,-12.114123,-77.018102
Surgas,Sin dirección,Sin distrito,LIMA,-12.114193,-77.018109
Enpex,Sin dirección,Sin distrito,LIMA,-12.114871,-77.018181
Enpex,Sin dirección,Sin distrito,LIMA,-12.115023,-77.018179
Servigas,Sin dirección,Sin distrito,LIMA,-12.116057,-77.018084
pbf,Jirón Abtao,La Victoria,LIMA,-12.066164,-77.022698
GNV,Sin dirección,Sin distrito,LIMA,-12.112339,-77.01342
Repsol,Avenida La Marina,Sin distrito,LIMA,-12.084603,-77.064804
Primax - Primax,Avenida Pachacútec,Villa María del Triunfo,LIMA,-12.194879,-76.934389
Primax,Sin dirección,Sin distrito,LIMA,-12.195874,-76.93504
GNV - Repsol,Avenida Nestor Gambetta,Ventanilla,LIMA,-11.941357,-77.13074
PetroPerú - PetroPerú,Avenida María Reiche,Sin distrito,LIMA,-12.240841,-76.913537
Villa,Avenida María Reiche,Sin distrito,LIMA,-12.243146,-76.917816
PetroPerú - PetroPerú,Sin dirección,Sin distrito,LIMA,-12.110703,-77.046307
Petroperú,Avenida Nestor Gambetta,Ventanilla,LIMA,-11.888397,-77.125747
Gazel - Gazel,Sin dirección,Sin distrito,LIMA,-12.299718,-76.846421
Sin nombre,Sin dirección,Sin distrito,LIMA,-12.298196,-76.848458
Sin nombre,Sin dirección,Sin distrito,LIMA,-12.297977,-76.848779
Sin nombre,Sin dirección,Sin distrito,LIMA,-12.297839,-76.848699
El Timon II,Sin dirección,Sin distrito,LIMA,-12.283921,-76.86326
Pecsa - Pecsa,Sin dirección,Sin distrito,LIMA,-12.226064,-76.928871
Petroperu,Sin dirección,Sin distrito,LIMA,-12.278816,-76.867874
Repsol,Avenida Defensores del Morro,Sin distrito,LIMA,-12.183483,-77.009056
Repsol,Sin dirección,Sin distrito,LIMA,-12.27351,-76.872602
Gazel - Gazel,Sin dirección,Sin distrito,LIMA,-12.259385,-76.885114
Primax,Sin dirección,Sin distrito,LIMA,-12.2566,-76.888283
PetroPerú - PetroPerú,Sin dirección,Sin distrito,LIMA,-12.253543,-76.891561
Pecsa,Avenida Alameda Sur,Sin distrito,LIMA,-12.194994,-77.009439
Repsol - Repsol,Avenida Alameda Sur,Sin distrito,LIMA,-12.196594,-77.01049
Petro Perú,Avenida San Juan,Chorrillos,LIMA,-12.191985,-76.983573
Grifo,Avenida Los Alamos,Sin distrito,LIMA,-12.18696,-76.989335
Repsol,Avenida El Sol,Sin distrito,LIMA,-12.178577,-76.996184
Gazel,Avenida Guardia Civil Sur,Sin distrito,LIMA,-12.178635,-76.996266
PetroPerú - Petroperú (GNV),Avenida Proceres de la Independencia 1015,Lima,LIMA,-12.017596,-77.002843
Pecsa - Pecsa,Sin dirección,Sin distrito,LIMA,-12.093887,-77.003019
Repsol,Avenida Guardia Civil Sur,Chorrillos,LIMA,-12.179892,-76.99813
Lucociza,Avenida Pachacutec,Sin distrito,LIMA,-12.179141,-76.944059
Pecsa,Calle Los Alamos,Sin distrito,LIMA,-12.155596,-76.960643
GNV,Avenida Pachacutec,Sin distrito,LIMA,-12.201362,-76.930395
Respol,Avenida Pachacutec,Sin distrito,LIMA,-12.207161,-76.926967
Primax - Primax Ferrero (GNV),Alameda del Corregidor 1195,La Molina,LIMA,-12.091884,-76.952714
Primax - Primax,Avenida Pachacutec,Villa María del Triunfo,LIMA,-12.225099,-76.918796
Sin nombre,Sin dirección,Sin distrito,LIMA,-12.230771,-76.909627
Sin nombre,Sin dirección,Sin distrito,LIMA,-12.23083,-76.909453
AVA,Sin dirección,Sin distrito,LIMA,-12.093515,-76.967167
Repsol - Repsol,Avenida Lima,Sin distrito,LIMA,-12.238568,-76.91283
Petroperu,Sin dirección,Sin distrito,LIMA,-12.049277,-77.013074
Petro América,Avenida Aviación,Sin distrito,LIMA,-12.117975,-76.998306
Repsol - Repsol,Sin dirección,Sin distrito,LIMA,-12.092068,-77.013281
Primax - Primax,Avenida Caminos del Inca,Sin distrito,LIMA,-12.113088,-76.99279
Repsol - Repsol,Sin dirección,Sin distrito,LIMA,-12.10536,-77.00083
Primax - Primax,Avenida Primavera,Sin distrito,LIMA,-12.108942,-76.971006
Sin nombre,Sin dirección,Sin distrito,LIMA,-11.967528,-76.992643
Repsol - Repsol,Sin dirección,Sin distrito,LIMA,-12.097452,-77.013041
Primax - Primax,Sin dirección,Sin distrito,LIMA,-12.179418,-76.962876
Sin nombre,Avenida Miguel Iglesias,Sin distrito,LIMA,-12.17635,-76.962662
Sin nombre,Sin dirección,Sin distrito,LIMA,-11.926109,-76.963376
Pecsa - Pecsa,Sin dirección,Sin distrito,LIMA,-12.107449,-77.010189
Repsol - Repsol,Sin dirección,Sin distrito,LIMA,-12.107516,-77.010721
Energigas,Avenida Isabel La Católica,Sin distrito,LIMA,-12.069994,-77.028123
Energigas,Avenida Isabel La Católica,Sin distrito,LIMA,-12.069989,-77.028229
Pecsa - Pecsa,Avenida Pachacutec,Sin distrito,LIMA,-12.168199,-76.951282
Primax - Primax,Avenida La Universidad,Sin distrito,LIMA,-12.075186,-76.936067
Grifo Andino,Avenida Pachacutec,Sin distrito,LIMA,-12.186556,-76.940428
Primax,Avenida La Molina,Sin distrito,LIMA,-12.085824,-76.901664
GLP,Avenida La Molina,Sin distrito,LIMA,-12.085935,-76.892351
Pecsa - Pecsa,Avenida Jose Carlos Mariategui,Sin distrito,LIMA,-12.152279,-76.951787
Repsol - Repsol,Sin dirección,Sin distrito,LIMA,-12.102364,-77.020914
GNV,Avenida Andrés Aramburú,Sin distrito,LIMA,-12.102471,-77.021004
Sin nombre,Sin dirección,Sin distrito,LIMA,-12.102457,-77.020858
Primax - Primax,Sin dirección,Sin distrito,LIMA,-12.078849,-77.010456
Primax - Primax,Sin dirección,Sin distrito,LIMA,-12.078746,-77.010739
Repsol - Repsol,Sin dirección,Sin distrito,LIMA,-12.102617,-77.014978
Petro Perú,Avenida Metropolitana,Sin distrito,LIMA,-12.036293,-76.949554
Pecsa - Pecsa,Avenida Metropolitana,Sin distrito,LIMA,-12.038388,-76.954737
Petro Perú,Avenida Jose Carlos Maretegui,Sin distrito,LIMA,-12.044101,-76.975556
Primax - Primax,Avenida Canadá 1201,La Victoria,LIMA,-12.083167,-77.013622
Pecsa - Pecsa,Los Chancas de Andahuaylas,Sin distrito,LIMA,-12.034984,-76.956106
Pecsa,Avenida Lima,Sin distrito,LIMA,-12.22388,-76.90847
Sin nombre,Sin dirección,Sin distrito,LIMA,-11.978537,-76.992003
Sin nombre,Jirón Juan Castro,La Victoria,LIMA,-12.074754,-77.022157
Primax - Primax - La Pradera,Avenida La Encalada,Sin distrito,LIMA,-12.033101,-76.964694
PetroPerú - Petro Perú,Los Chancas de Andahuaylas,Sin distrito,LIMA,-12.038237,-76.965028
Primax - Primax,Avenida Canadá 1281,La Victoria,LIMA,-12.083563,-77.012571
Repsol,Sin dirección,Sin distrito,LIMA,-12.061911,-76.961533
Primax - Primax,Sin dirección,Sin distrito,LIMA,-12.064357,-76.960527
Sin nombre,Avenida Isabel La Católica,Lima,LIMA,-12.070016,-77.025612
Gazel,Avenida Isabel La Católica,Lima,LIMA,-12.06955,-77.021696
KPGas,Jirón Huanuco,Lima,LIMA,-12.057936,-77.017106
Joscham,Sin dirección,Sin distrito,LIMA,-12.07246,-77.002349
Primax - Primax,Nicolas Ayllon,Sin distrito,LIMA,-12.060196,-76.976363
Don Julian,Santa Rosa,Sin distrito,LIMA,-12.065864,-76.978885
Repsol - Repsol,Sin dirección,Sin distrito,LIMA,-12.082059,-77.016345
Repsol,Avenida Javier Prado Este,San Borja,LIMA,-12.086788,-76.991914
Petro Perú,Avenida de Las Américas,La Victoria,LIMA,-12.075804,-77.01632
Repsol,Sin dirección,Sin distrito,LIMA,-12.073105,-77.016658
Pecsa,Sin dirección,Sin distrito,LIMA,-12.172173,-76.965052
GNV - Vip USA GNV,Calle Jaspampa,Sin distrito,LIMA,-12.049643,-77.098866
Petro Perú,Avenida Río Perene,Sin distrito,LIMA,-12.038232,-76.933694
Sin nombre,Prolongación Huamanga,Lima,LIMA,-12.063682,-77.020381
Sin nombre,Prolongación Huamanga,La Victoria,LIMA,-12.064973,-77.020202
Gazel,Jirón Javier Luna Pizarro,Lima,LIMA,-12.06692,-77.02766
Repsol,Avenida Nicolas Ayllon,Lima,LIMA,-12.060747,-77.006357
Primax,Avenida Nicolas Ayllon,Sin distrito,LIMA,-12.064184,-76.995381
El Regalón,Avenida 27 de Diciembre,Sin distrito,LIMA,-12.187526,-76.925224
Primax,Avenida San Luis,Sin distrito,LIMA,-12.100767,-76.994342
Repsol - Repsol,Avenida Primavera,Sin distrito,LIMA,-12.11037,-76.976413
Grieo,Avenida Pachacutec,Sin distrito,LIMA,-12.202796,-76.929618
Pecsa,Avenida Santa Rosa,Sin distrito,LIMA,-11.990506,-77.097519
Primax,Avenida Carlos Alberto Izaguirre,Sin distrito,LIMA,-11.989505,-77.1049
Sin nombre,Avenida Angélica Gamarra,Sin distrito,LIMA,-12.009471,-77.087951
Repsol - Repsol,Avenida 28 de Julio,Lima,LIMA,-12.061427,-77.017764
Gazel,Prolongacion Parinacochas,Sin distrito,LIMA,-12.061298,-77.01782
Primax,Sin dirección,Sin distrito,LIMA,-11.94857,-77.080872
Repsol,Avenida Carlos Alberto Izaguirre,Sin distrito,LIMA,-11.990778,-77.081147
GLP,Avenida Canta Callao,Sin distrito,LIMA,-11.990593,-77.107584
Repsol,Avenida Universitaria,Sin distrito,LIMA,-11.973327,-77.076581
Repsol - Repsol,Sin dirección,Sin distrito,LIMA,-12.103652,-77.014816
Aguki,Sin dirección,Sin distrito,LIMA,-11.998005,-77.122434
Monte Azul,Avenida Canta Callao,Sin distrito,LIMA,-11.984003,-77.099026
Petroperú,Avenida Los Olivos,Sin distrito,LIMA,-11.983742,-77.098653
Repsol - Repsol,Sin dirección,Sin distrito,LIMA,-12.091165,-76.951264
Primax,Sin dirección,Sin distrito,LIMA,-11.979079,-77.084082
Pecsa,Sin dirección,Sin distrito,LIMA,-12.040682,-76.971018
Primax - Primax,Avenida Los Chancas de Andahuaylas,Santa Anita,LIMA,-12.037172,-76.962406
Ricsa,Calle Jaime Garza,San Luis,LIMA,-12.078061,-77.011875
Ricsa,Avenida Nicolas Arriola,San Luis,LIMA,-12.078015,-77.011685
Repsol - Repsol,Sin dirección,Sin distrito,LIMA,-11.946265,-77.07752
Pecsa,Sin dirección,Sin distrito,LIMA,-12.04309,-76.959453
Grifo Dennis S.A.,Avenida Paseo Quilca 200,Carmen de La Legua-Reynoso,LIMA,-12.035889,-77.097309
PetroPerú,Sin dirección,Sin distrito,LIMA,-11.943157,-77.077485
Repsol,Avenida Nicolas Ayllon,Lima,LIMA,-12.062785,-77.003138
GNV - Repsol,Avenida Nicolas Ayllon,Lima,LIMA,-12.062859,-77.002904
Repsol,Avenida Nicolas Ayllon,Lima,LIMA,-12.062769,-77.003322
Repsol - Repsol,Avenida Tupac Amaru,Sin distrito,LIMA,-11.989619,-77.057531
Pecsa,Avenida México,Lima,LIMA,-12.063166,-77.002261
Pecsa,Avenida México,Lima,LIMA,-12.063211,-77.00215
Pecsa,Carretera Central,Lurigancho,LIMA,-12.0073,-76.852595
Ecamel,Carretera Central,Lurigancho,LIMA,-12.006323,-76.847682
Pecsa,Carretera Central,Lurigancho,LIMA,-12.00258,-76.841408
Primax - Primax,Avenida San Borja Norte,San Borja,LIMA,-12.096054,-76.988326
Grifo Bolivar,Avenida Auxiliar Circunvalación,San Borja,LIMA,-12.08273,-76.98567
Primax - Primax,Sin dirección,Sin distrito,LIMA,-11.976991,-77.060351
Sin nombre,Sin dirección,Sin distrito,LIMA,-11.977406,-77.062727
Sin nombre,Avenida Metropolitana,Sin distrito,LIMA,-12.03918,-76.957849
Clarigas,Avenida Las Flores,Sin distrito,LIMA,-11.950039,-76.723827
Petro Perú,Carretera Central,Sin distrito,LIMA,-11.943187,-76.707234
PetroPerú - Petroperú,Sin dirección,Sin distrito,LIMA,-11.977564,-77.059275
Primax,Carretera Central,Sin distrito,LIMA,-12.012413,-76.878009
Sin nombre,Carretera Central,Sin distrito,LIMA,-12.009033,-76.862871
Repsol,Carretera Central 2274,Sin distrito,LIMA,-11.971038,-76.753145
Repsol,Avenida Defensores del Morro,Sin distrito,LIMA,-12.194341,-77.002646
Pecsa,Avenida Ramiro Prialé,Sin distrito,LIMA,-12.020546,-76.921798
Primax,Avenida Ramiro Prialé,Sin distrito,LIMA,-12.019967,-76.91926
Repsol - Repsol,Avenida 26 de Noviembre,Villa María del Triunfo,LIMA,-12.173286,-76.915949
Primax - Primax,Avenida Alfredo Benavides,Santiago de Surco,LIMA,-12.130224,-76.981734
Repsol,Sin dirección,Sin distrito,LIMA,-12.236889,-76.915193
Sin nombre,Sin dirección,Sin distrito,LIMA,-12.146766,-76.836751
Repsol,Sin dirección,Sin distrito,LIMA,-12.109585,-76.824288
PetroPerú - PetroPerú,Sin dirección,Sin distrito,LIMA,-12.136396,-76.942752
Primax,Zona Villa El Salvador,Villa El Salvador,LIMA,-12.211565,-76.934304
Sin nombre,Sin dirección,Sin distrito,LIMA,-12.198323,-76.958483
GNV - Pecsa,Avenida Benavides,Santiago de Surco,LIMA,-12.131073,-76.977471
Primax,Sin dirección,Sin distrito,LIMA,-12.229221,-76.862917
Repsol,Sin dirección,Sin distrito,LIMA,-12.255433,-76.879425
PetroPerú,Sin dirección,Sin distrito,LIMA,-12.248897,-76.873386
Repsol - Repsol,Sin dirección,Sin distrito,LIMA,-12.193096,-76.945441
Repsol,Sin dirección,Sin distrito,LIMA,-11.968558,-77.097431
Sin nombre,Sin dirección,Sin distrito,LIMA,-12.174102,-76.989045
Sin nombre,Sin dirección,Sin distrito,LIMA,-12.174063,-76.988947
Sin nombre,Sin dirección,Sin distrito,LIMA,-12.174015,-76.988852
Sin nombre,Sin dirección,Sin distrito,LIMA,-12.174015,-76.989052
Repsol,Sin dirección,Sin distrito,LIMA,-12.173971,-76.988955
Sin nombre,Sin dirección,Sin distrito,LIMA,-12.173914,-76.989017
Sin nombre,Sin dirección,Sin distrito,LIMA,-12.173847,-76.988887
GNV - Gaspetrol,Sin dirección,Sin distrito,LIMA,-12.166772,-76.949247
Repsol - Repsol,Sin dirección,Sin distrito,LIMA,-12.076529,-77.041734
Repsol,Sin dirección,Sin distrito,LIMA,-12.21877,-76.907119
Repsol,Sin dirección,Sin distrito,LIMA,-12.21862,-76.906997
PetroPerú - PetroPerú,Avenida Mariano Pastor Sevilla,Sin distrito,LIMA,-12.187118,-76.964208
Primax - Primax,Avenida Surco,Sin distrito,LIMA,-12.139169,-76.994253
PetroPerú - PetroPerú,Sin dirección,Sin distrito,LIMA,-12.063194,-76.969678
Repsol - Repsol,Avenida Separadora Industrial,Sin distrito,LIMA,-12.053406,-76.941999
Sin nombre,Sin dirección,Sin distrito,LIMA,-11.925528,-77.052358
San Pablo,Sin dirección,Sin distrito,LIMA,-12.067501,-77.009172
Sin nombre,Sin dirección,Sin distrito,LIMA,-11.940494,-76.698691
Primax,Sin dirección,Sin distrito,LIMA,-11.940332,-76.698833
PetroPERU,Avenida San Martin,Sin distrito,LIMA,-12.102276,-76.834346
Pecsa,Carretera Central,Sin distrito,LIMA,-12.01482,-76.884769
Pecsa,Carretera Central,Sin distrito,LIMA,-12.014739,-76.88463
Sin nombre,Sin dirección,Sin distrito,LIMA,-12.008014,-76.856716
Primax,Sin dirección,Sin distrito,LIMA,-12.123794,-76.871967
Pecsa,Zona Chaclacayo,Chaclacayo,LIMA,-11.976494,-76.773472
Grifo Santa Rosa,Avenida José Carlos Mariátegui,Villa El Salvador,LIMA,-12.220012,-76.931501
Petroamérica,Avenida General Garzon,Jesús María,LIMA,-12.066869,-77.045417
Grifo Primax,Sin dirección,Sin distrito,LIMA,-13.065213,-76.357357
Servicentro Aedo,Sin dirección,Sin distrito,LIMA,-13.063061,-76.353584
GNV - Primax,Sin dirección,Sin distrito,LIMA,-12.23118,-76.932871
Repsol - Repsol,Calle Gerardo Unger,Sin distrito,LIMA,-12.01062,-77.053487
PetroPerú - PetroPerú,Sin dirección,Sin distrito,LIMA,-12.085391,-76.869331
GNV,Avenida Defensores del Morro,Sin distrito,LIMA,-12.175526,-77.017612
Sin nombre,Sin dirección,Sin distrito,LIMA,-12.253348,-76.928792
Sin nombre,Sin dirección,Sin distrito,LIMA,-12.253453,-76.928622
Primax,Avenida Marchand,Mala,LIMA,-12.661195,-76.63843
Repsol,Avenida Marchand,Mala,LIMA,-12.665679,-76.641393
Sin nombre,Carretera Panamericana Sur,Sin distrito,LIMA,-12.241139,-76.947398
Sin nombre,Carretera Panamericana Sur,Sin distrito,LIMA,-12.292114,-76.863194
Sin nombre,Carretera Panamericana Sur,Sin distrito,LIMA,-12.291924,-76.863305
Primax,Entrada a Pucusana,Sin distrito,LIMA,-12.467344,-76.75394
Pecsa,Carretera Panamericana Sur,Sin distrito,LIMA,-12.5084,-76.737653
PetroPerú - PetroPerú,Antigua Panamericana Sur,Sin distrito,LIMA,-12.350583,-76.810142
Sin nombre,Avenida Panamericana Sur,Sin distrito,LIMA,-12.512501,-76.736142
Repsol,Panamericana Sur,Sin distrito,LIMA,-12.69583,-76.643985
Primax,Panamericana Sur,Sin distrito,LIMA,-12.740378,-76.612652
Primax,Acceso a Mala,Sin distrito,LIMA,-12.707291,-76.621639
Gesa,Avenida Micaela Bastidas,Sin distrito,LIMA,-12.213037,-76.943313
Primax,Avenida Micaela Bastidas,Sin distrito,LIMA,-12.213193,-76.943208
Sin nombre,Acceso a Mala,Sin distrito,LIMA,-12.655596,-76.636714
Primax - Primax,Avenida Los Angeles,Villa El Salvador,LIMA,-12.200886,-76.950595
Repsol,Avenida Defensores de Lima,Sin distrito,LIMA,-12.141549,-76.97494
PetroPerú - Petro Peru,Jirón Parque Alto,Sin distrito,LIMA,-12.146495,-77.009479
PICORP S.A.C,Sin dirección,Sin distrito,LIMA,-11.998516,-76.927324
Primax,Avenida Mariscal Ramón Castilla,Santiago de Surco,LIMA,-12.135074,-77.007249
Pecsa - Pecsa,Sin dirección,Sin distrito,LIMA,-12.196979,-76.95622
Gazel,Avenida Mariano Pastor Sevilla,Sin distrito,LIMA,-12.192338,-76.961281
Pecsa,Avenida Miguel Iglesias,Sin distrito,LIMA,-12.181635,-76.962075
Castrol,Sin dirección,Sin distrito,LIMA,-11.858813,-77.004369
Petro Perú,Separadora Industrial,Sin distrito,LIMA,-12.072165,-76.981207
Primax,Carretera Central,Sin distrito,LIMA,-11.911511,-76.585033
PBF,Carretera Central,Sin distrito,LIMA,-11.912246,-76.60006
Grifo Primax,Carretera Central,Sin distrito,LIMA,-11.990631,-76.820724
Repsol - Repsol,Avenida Separadora Industrial 2503,Sin distrito,LIMA,-12.05977,-76.951193
Grifo Aucallama,Panamericana Norte,Chacra y Mar,LIMA,-11.612619,-77.232615
Grifo Aucallama,Panamericana Norte,Chacra y Mar,LIMA,-11.612693,-77.232454
Petroperú,Carretera Central,Sin distrito,LIMA,-11.912543,-76.542989
Petroperú,Carretera Central,Sin distrito,LIMA,-11.913304,-76.544203
Repsol,Carretera Central,Sin distrito,LIMA,-11.561883,-75.950737
Petro Peru,Carretera Central,Sin distrito,LIMA,-11.565726,-75.955787
Sin nombre,Carretera Central,Sin distrito,LIMA,-11.595479,-75.962171
Petrol Peru,Carretera Central,Sin distrito,LIMA,-11.602469,-75.968187
Primax,Carretera Central,Sin distrito,LIMA,-11.625448,-75.995631
Sin nombre,Jirón Las Begonias,Sin distrito,LIMA,-11.972366,-77.07324
Pecsa - Pecsa,Tantamayo,Sin distrito,LIMA,-11.969925,-77.087114
Sin nombre,Pacasmayo,Sin distrito,LIMA,-11.964788,-77.092206
El Norteño,Avenida Puente Piedra,Sin distrito,LIMA,-11.856746,-77.083891
Petro Perú,Avenida Central,Sin distrito,LIMA,-11.962262,-77.093816
Herco,Calle Copacabana,Ventanilla,LIMA,-11.840615,-77.114566
El Norteño,Avenida Puente Piedra,Sin distrito,LIMA,-11.856644,-77.083958
Primax,Avenida Puente Piedra,Sin distrito,LIMA,-11.855104,-77.085929
Repsol,Avenida Chancay,Sin distrito,LIMA,-11.503208,-77.229008
Primax,Avenida Chancay,Sin distrito,LIMA,-11.517103,-77.239081
Petroperu,Avenida Chancay,Sin distrito,LIMA,-11.500865,-77.22435
Primax,Avenida Chancay,Sin distrito,LIMA,-11.499189,-77.218537
Primax,Avenida Chancay,Sin distrito,LIMA,-11.498518,-77.216001
Repsol,Panamericana Norte,Chancay,LIMA,-11.600571,-77.247742
Repsol,Panamericana Norte,Chancay,LIMA,-11.559691,-77.266078
Santa Fe,Sepertin de Pasamayo,Sin distrito,LIMA,-11.76653,-77.160953
Santa Fe,Sepertin de Pasamayo,Sin distrito,LIMA,-11.76682,-77.160922
Petro Peru,Avenida Naranjal,Sin distrito,LIMA,-11.973836,-77.08707
Grifo Julio 2,Las Torres,Sin distrito,LIMA,-11.956311,-77.087895
Repsol,Avenida Circuvalación Este,Sin distrito,LIMA,-11.496688,-77.199368
Primax,Panamericana Norte,Sin distrito,LIMA,-11.113801,-77.593194
Primax,Panamericana Norte,Sin distrito,LIMA,-11.113179,-77.593067
Puma,Panamericana Norte,Sin distrito,LIMA,-10.970514,-77.646332
Primax,Andrés de los Reyes,Sin distrito,LIMA,-11.493043,-77.202141
Pecsa,Avenida Circuvalación Este,Sin distrito,LIMA,-11.495073,-77.200893
Primax,Avenida Circuvalación Norte,Sin distrito,LIMA,-11.489537,-77.207721
Repsol,Avenida Chancay,Sin distrito,LIMA,-11.498123,-77.214564
Pecsa - Pecsa,Avenida Chancay,Sin distrito,LIMA,-11.497356,-77.213365
AVA,Panamericana Norte,Sin distrito,LIMA,-11.537872,-77.282587
Petroperu,Panamericana Norte,Sin distrito,LIMA,-11.523752,-77.290727
Primax,Panamericana Norte,Sin distrito,LIMA,-11.497552,-77.30219
Repsol,Panamericana Norte,Sin distrito,LIMA,-11.480133,-77.308232
Primax,Panamericana Norte,Sin distrito,LIMA,-11.452236,-77.332566
Primax,Panamericana Norte,Sin distrito,LIMA,-11.192826,-77.57005
Primax,Avenida Tupac Amaru,Sin distrito,LIMA,-11.107658,-77.59683
Primax,Panamericana Norte,Sin distrito,LIMA,-11.113282,-77.59457
Pecsa,Panamericana Norte,Sin distrito,LIMA,-11.111201,-77.594745
Repsol,Panamericana Norte,Sin distrito,LIMA,-11.107866,-77.595174
Puma,Avenida Francisco Vidal,Sin distrito,LIMA,-11.11039,-77.605824
Pecsa,Calle Domingo Coloma,Sin distrito,LIMA,-11.106451,-77.605992
Pecsa,Avenida San Martin,Sin distrito,LIMA,-11.105514,-77.605615
Inversiones Korioto S.A.C.,Sin dirección,Sin distrito,LIMA,-12.018111,-76.989819
Primax - Primax,Sin dirección,Sin distrito,LIMA,-12.127834,-76.991956
Pecsa - Pecsa,Sin dirección,Sin distrito,LIMA,-12.142137,-77.001738
Gaspetrol,Sin dirección,Sin distrito,LIMA,-12.054946,-76.964149
Repsol - Repsol,Sin dirección,Sin distrito,LIMA,-12.058025,-76.971315
Primax - Primax (GNV),Avenida Javier Prado Este,Santiago de Surco,LIMA,-12.084417,-76.974685
Repsol - Repsol,Sin dirección,Sin distrito,LIMA,-12.07488,-76.96364
PetroPerú - PetroPerú,Sin dirección,Sin distrito,LIMA,-12.063282,-76.963447
Sin nombre,Sin dirección,Sin distrito,LIMA,-12.060143,-76.961669
Pecsa - Pecsa,Sin dirección,Sin distrito,LIMA,-12.04272,-76.970848
Sin nombre,Sin dirección,Sin distrito,LIMA,-11.861003,-77.071692
Primax,Avenida Nicolas Ayllon,Sin distrito,LIMA,-12.064294,-76.995612
Primax - Primax,Sin dirección,Sin distrito,LIMA,-12.081638,-76.968074
Grifo Fercor,Sin dirección,Sin distrito,LIMA,-11.864061,-77.069223
Repsol,Sin dirección,Sin distrito,LIMA,-11.863803,-77.062314
H-E-B Gas,Sin dirección,Sin distrito,LIMA,-11.936,-77.059701
Sin nombre,Sin dirección,Sin distrito,LIMA,-12.070253,-76.994243
Primax,Sin dirección,Sin distrito,LIMA,-12.063293,-76.981601
Pecsa,Sin dirección,Sin distrito,LIMA,-11.915491,-76.615692
Grifo Repsol Los Virreyes,Sin dirección,Sin distrito,LIMA,-12.03006,-76.94061
Intigas,Avenida Caminos del Inca,Chorrillos,LIMA,-12.205549,-76.990577
Repsol - Repsol,Sin dirección,Sin distrito,LIMA,-11.985313,-76.895292
Repsol - Repsol,Avenida El Sol,Villa El Salvador,LIMA,-12.213218,-76.96583
Sin nombre,Sin dirección,Sin distrito,LIMA,-12.023626,-76.894838
Sin nombre,Sin dirección,Sin distrito,LIMA,-11.910638,-77.055446
Sin nombre,Sin dirección,Sin distrito,LIMA,-11.91051,-77.055618
Sin nombre,Sin dirección,Sin distrito,LIMA,-12.14773,-76.999413
Sin nombre,Sin dirección,Sin distrito,LIMA,-12.147593,-76.999318
Petro América,Sin dirección,Sin distrito,LIMA,-12.453024,-76.75555
Petro América,Sin dirección,Sin distrito,LIMA,-12.453117,-76.755867
PetroPerú - PetroPerú,Sin dirección,Sin distrito,LIMA,-12.253617,-76.891626
GES,Avenida La Marina,Sin distrito,LIMA,-12.077882,-77.093263
PetroPerú - PetroPerú,Sin dirección,Sin distrito,LIMA,-12.153745,-76.879285
Repsol - Repsol,Sin dirección,Sin distrito,LIMA,-12.241007,-76.913887
Primax - Primax,Sin dirección,Sin distrito,LIMA,-13.0699,-76.340943
Sin nombre,Sin dirección,Sin distrito,LIMA,-12.023925,-76.973771
Sin nombre,Sin dirección,Sin distrito,LIMA,-12.024922,-76.970665
Sin nombre,Sin dirección,Sin distrito,LIMA,-12.025055,-76.970699
Primax - PRIMAX (GNV),Sin dirección,Sin distrito,LIMA,-11.997118,-77.062346
Estacion 6,Sin dirección,Sin distrito,LIMA,-13.074543,-76.325885
Repsol - Repsol,Avenida 26 de Noviembre,Villa María del Triunfo,LIMA,-12.170894,-76.917095
Pecsa - Terpel,Sin dirección,Sin distrito,LIMA,-12.038799,-77.066287
PetroPerú - PetroPerú,Sin dirección,Sin distrito,LIMA,-12.04228,-77.065811
Sin nombre,Sin dirección,Sin distrito,LIMA,-11.93821,-76.973723
Sin nombre,Sin dirección,Sin distrito,LIMA,-11.927107,-76.965361
Sin nombre,Sin dirección,Sin distrito,LIMA,-11.924264,-76.963357
Grifos Primax,Avenida Heroes Del Cenepa Oeste,Sin distrito,LIMA,-11.966179,-76.97162
JG EESS - Grifo JG EESS,Sin dirección,Sin distrito,LIMA,-11.952324,-76.986949
Sin nombre,Sin dirección,Sin distrito,LIMA,-11.874912,-77.136042
Repsol - Repsol,Sin dirección,Sin distrito,LIMA,-12.2168,-76.941025
Grifo Pecsa V Zona Megusac,Sin dirección,Sin distrito,LIMA,-11.912191,-77.006908
GNV - Grifo PECSA Collique,Avenida Revolución,Sin distrito,LIMA,-11.913051,-77.024682
Pecsa Los Incas,Avenida Los Incas,Sin distrito,LIMA,-11.916241,-77.045352
Grifo Señor de la Ascención de Cachuy,Antigua Carretera Panamericana Sur,Sin distrito,LIMA,-13.096626,-76.387838
Petroamerica,Avenida Óscar Raimundo Benavides,Sin distrito,LIMA,-12.048526,-77.062542
Siroco,Sin dirección,Sin distrito,LIMA,-12.06191,-77.029219
Primax - Primax,Avenida Defensores de Lima,San Juan de Miraflores,LIMA,-12.131704,-76.976892
Gazel - Gazel,Avenida Malecon Miguel Checa Eguiguren,Sin distrito,LIMA,-12.030388,-77.010534
Petroperu,Carretera Panamericana Sur,Sin distrito,LIMA,-12.241326,-76.947414
Repsol,Avenida Guardia Civil Sur,Sin distrito,LIMA,-12.184314,-77.00635
Pecsa,Sin dirección,Sin distrito,LIMA,-12.085082,-77.093773
Repsol - Repsol,Sin dirección,Sin distrito,LIMA,-11.960563,-76.98857
Repsol - Repsol,Sin dirección,Sin distrito,LIMA,-12.152456,-76.951532
Primax - Primax,Sin dirección,Sin distrito,LIMA,-12.14286,-77.017861
Repsol - Repsol,Avenida Pachacutec,Sin distrito,LIMA,-12.163419,-76.954923
Gazel,Sin dirección,Sin distrito,LIMA,-12.070858,-76.953411
Gas Natural Vehicular,Sin dirección,Sin distrito,LIMA,-12.043844,-77.052195
Grifo K Ying,Avenida Antigua Panamericana Sur,Mala,LIMA,-12.660584,-76.633498
Grifo Repsol,Sin dirección,Sin distrito,LIMA,-11.619931,-77.220729
Sin nombre,Sin dirección,Sin distrito,LIMA,-11.830206,-77.103414
Sin nombre,Sin dirección,Sin distrito,LIMA,-11.984625,-76.994917
Pecsa - Pecsa,Sin dirección,Sin distrito,LIMA,-11.982204,-77.012785
Sin nombre,Sin dirección,Sin distrito,LIMA,-11.836127,-77.097818
PetroPerú - Grifo Villa Hermosa,Sin dirección,Sin distrito,LIMA,-12.008898,-76.832094
Corazon de Jesús - Corazón de Jesús,Avenida Próceres de la Independencia 197;199,San Juan de Lurigancho,LIMA,-12.02666,-77.010978
Petroperu,Sin dirección,Sin distrito,LIMA,-11.942394,-76.981839
Pecsa - Pecsa,Sin dirección,Sin distrito,LIMA,-11.971499,-76.992466
PECSA,Avenida Tomas Valle,Sin distrito,LIMA,-12.010276,-77.070183
Repsol - Repsol,Sin dirección,Sin distrito,LIMA,-12.077138,-76.976109
Primax - Primax,Avenida Simón Bolívar,Sin distrito,LIMA,-12.071906,-77.064581
Petro Perú,Avenida Nestor Gambetta,Sin distrito,LIMA,-11.839394,-77.1122
Primax - Primax,Avenida Tingo María,Breña,LIMA,-12.05941,-77.058839
Repsol - Repsol,Jirón Rosendo Vidaure,Sin distrito,LIMA,-12.13886,-77.018079
Primax - Primax (GNV),Faustino Sanchez Carrion,Sin distrito,LIMA,-12.089047,-77.058706
Primax - Primax,Sin dirección,Sin distrito,LIMA,-12.078592,-77.084267
Primax - Primax,Avenida Paseo de la República,San Isidro,LIMA,-12.102567,-77.027843
Sin nombre,Sin dirección,Sin distrito,LIMA,-11.881663,-77.125879
Primax - Primax,Sin dirección,Sin distrito,LIMA,-12.019932,-77.004889
AVA,Sin dirección,Sin distrito,LIMA,-12.04954,-77.053539
Grifo San Ignacio,Zona Canta,Canta,LIMA,-11.703327,-76.939431
Super 2T,Los Tusilagos Oeste,Sin distrito,LIMA,-12.013121,-77.006084
Repsol - Repsol,Sin dirección,Sin distrito,LIMA,-12.010276,-77.003798
Las Flores,Avenida Las Flores de Primavera,Sin distrito,LIMA,-12.007849,-77.011173
Enpex,Sin dirección,Sin distrito,LIMA,-11.99683,-77.009257
Repsol - Repsol,Sin dirección,Sin distrito,LIMA,-11.996522,-77.015114
Repsol - Repsol,Sin dirección,Sin distrito,LIMA,-11.988889,-77.009652
Primax - Primax,Sin dirección,Sin distrito,LIMA,-11.985049,-77.00726
Primax - Primax,Sin dirección,Sin distrito,LIMA,-11.985446,-77.003184
Primax - Primax,Sin dirección,Sin distrito,LIMA,-11.982633,-77.006242
Pecsa - Pecsa,Sin dirección,Sin distrito,LIMA,-11.979668,-77.005332
Primax - Primax,Sin dirección,Sin distrito,LIMA,-11.977163,-77.010316
Pecsa - Gazel,Sin dirección,Sin distrito,LIMA,-11.946214,-76.984495
Repsol,Sin dirección,Sin distrito,LIMA,-11.946571,-76.983719
Repsol,Sin dirección,Sin distrito,LIMA,-11.943918,-76.981894
Primax,Sin dirección,Sin distrito,LIMA,-11.93634,-76.970488
Sin nombre,Sin dirección,Sin distrito,LIMA,-11.934328,-76.970203
Enpex,Sin dirección,Sin distrito,LIMA,-11.933233,-76.968239
Repsol,Sin dirección,Sin distrito,LIMA,-11.999966,-76.838345
Sin nombre,Avenida Lima,Sin distrito,LIMA,-12.028927,-77.079821
PetroPerú - Petro Perú,Sin dirección,Sin distrito,LIMA,-12.037668,-76.954775
Grifos Espinoza,Avenida Tomás Valle 579,San Martín de Porres,LIMA,-12.009668,-77.064859
Primax - Primax,Avenida Óscar Raimundo Benavides,Sin distrito,LIMA,-12.047805,-77.053559
Primax,Sin dirección,Sin distrito,LIMA,-12.045986,-77.065344
Primax,Sin dirección,Sin distrito,LIMA,-11.099658,-77.410668
Sin nombre,Sin dirección,Sin distrito,LIMA,-11.576525,-77.261758
Repsol,Sin dirección,Sin distrito,LIMA,-11.551705,-77.275642
PetroPerú,Carretera Central,Sin distrito,LIMA,-11.982016,-76.795259
Primax,Avenida Los Dominicos,Sin distrito,LIMA,-12.006675,-77.098523
Primax - Primax,Zona Surquillo,Surquillo,LIMA,-12.11973,-76.998761
Sin nombre,Sin dirección,Sin distrito,LIMA,-11.992553,-77.00031
Primax - Primax,Sin dirección,Sin distrito,LIMA,-12.066912,-77.054625
Sin nombre,Sin dirección,Sin distrito,LIMA,-12.033475,-77.052563
PetroPerú - PetroPerú,Avenida Los Héroes,Sin distrito,LIMA,-12.158859,-76.958981
Primax - Primax,Avenida 28 de Julio,Lima,LIMA,-12.062028,-77.018635
Primax,Metropolitana,Sin distrito,LIMA,-11.95577,-77.05954
GNV,Avenida Mexico,Sin distrito,LIMA,-11.955677,-77.060403
Repsol,Metropolitana,Sin distrito,LIMA,-11.959528,-77.060486
Repsol - Repsol,Rosa de America,Sin distrito,LIMA,-11.962234,-77.063752
GNV,Avenida Panamericana Norte,Los Olivos,LIMA,-11.955936,-77.068827
GNV,Avenida Alfredo Mendiola,Los Olivos,LIMA,-11.952384,-77.070424
Repsol,Panamericana Norte,Sin distrito,LIMA,-11.541714,-77.280503
Primax,Panamericana Norte,Sin distrito,LIMA,-11.543509,-77.27973
Primax - Primax,Sin dirección,Sin distrito,LIMA,-12.10985,-76.977333
GNV,Sin dirección,Sin distrito,LIMA,-11.995561,-77.083914
Pecsa - Pecsa,Avenida Universitaria,San Martín de Porres,LIMA,-11.995774,-77.084981
PetroPerú - Grifo Palao,Sin dirección,Sin distrito,LIMA,-12.023094,-77.058422
Primax,Avenida Angélica Gamarra,Sin distrito,LIMA,-12.00643,-77.07286
Repsol,Avenida Angélica Gamarra 1345,Sin distrito,LIMA,-12.006898,-77.076029
Pecsa - Pecsa,Avenida Tomás Valle,Sin distrito,LIMA,-12.013501,-77.082675
Primax - Primax,Avenida Tomás Valle,Sin distrito,LIMA,-12.013019,-77.085404
Repsol - Repsol,Avenida Tomás Valle,Sin distrito,LIMA,-12.014079,-77.095223
Primax,Avenida Los Dominicos,Sin distrito,LIMA,-12.018866,-77.090574
Repsol - Repsol,Avenida Tomás Valle,Sin distrito,LIMA,-12.012783,-77.086339
Petro America,Avenida Tomás Valle,Callao,LIMA,-12.017646,-77.098341
Pecsa,Avenida Angélica Gamarra,Sin distrito,LIMA,-12.007096,-77.082836
Primax,Sin dirección,Sin distrito,LIMA,-12.011401,-77.10506
Pecsa,Avenida Pacasmayo,Sin distrito,LIMA,-12.001617,-77.106189
Primax,Avenida José Granda,Sin distrito,LIMA,-12.024226,-77.079643
Grifo Repsol,Sin dirección,Sin distrito,LIMA,-12.031738,-77.081365
Repsol - Repsol,Avenida El Olivar,Sin distrito,LIMA,-12.027534,-77.102684
PetroPerú - PetroPerú,Sin dirección,Sin distrito,LIMA,-12.021288,-77.105928
Sin nombre,Avenida Túpac Amaru,Sin distrito,LIMA,-11.973411,-77.058128
Primax,Avenida Manuel Prado,Sin distrito,LIMA,-11.869823,-77.021411
Primax,Avenida Universitaria,Sin distrito,LIMA,-11.907251,-77.043939
Sin nombre,Sin dirección,Sin distrito,LIMA,-12.297266,-76.857466
Sin nombre,Sin dirección,Sin distrito,LIMA,-12.297296,-76.85705
Sin nombre,Sin dirección,Sin distrito,LIMA,-12.254216,-76.890675
Gas Point,Sin dirección,Sin distrito,LIMA,-12.077436,-77.080558
Sin nombre,Sin dirección,Sin distrito,LIMA,-11.999033,-76.837137
Primax - Primax,Sin dirección,Sin distrito,LIMA,-12.147999,-76.986583
Repsol - Repsol,Sin dirección,Sin distrito,LIMA,-12.13507,-76.997112
Repsol - Repsol,Sin dirección,Sin distrito,LIMA,-12.14834,-76.986037
Repsol - Repsol,Sin dirección,Sin distrito,LIMA,-12.050367,-76.961882
Primax - Primax,Sin dirección,Sin distrito,LIMA,-12.054696,-76.955388
Pecsa - Pecsa - Cormar,Sin dirección,Sin distrito,LIMA,-12.051658,-76.956528
PetroPerú - PetroPerú,Sin dirección,Sin distrito,LIMA,-12.014348,-76.982717
Primax - Primax,Sin dirección,Sin distrito,LIMA,-12.050843,-76.954532
Sin nombre,Sin dirección,Sin distrito,LIMA,-11.93978,-77.070642
Primax - PRIMAX,Sin dirección,Sin distrito,LIMA,-11.977186,-77.06036
Repsol - Repsol,Avenida Túpac Amaru,Sin distrito,LIMA,-12.006814,-77.054399
Primax - PRIMAX,Sin dirección,Sin distrito,LIMA,-11.977786,-77.062649
Primax - Primax (GNV),Sin dirección,Sin distrito,LIMA,-12.037677,-76.930973
Sin nombre,Sin dirección,Sin distrito,LIMA,-11.934467,-77.07127
Primax - Primax,Sin dirección,Sin distrito,LIMA,-11.864221,-77.067622
Repsol - Repsol,Avenida Túpac Amaru,Sin distrito,LIMA,-11.857348,-77.003811
Herco,Sin dirección,Sin distrito,LIMA,-12.105965,-77.018854
Gazel - Gazel,Sin dirección,Sin distrito,LIMA,-12.112823,-77.01278
Primax - Primax,Sin dirección,Sin distrito,LIMA,-12.11291,-77.01225
Primax - Primax,Sin dirección,Sin distrito,LIMA,-12.112334,-77.005798
Repsol S.A. - Estacion de Servicios San Jose (GNV),Carretera Panamericana Norte S/N,Ancón,LIMA,-11.779616,-77.159709
Sin nombre,Sin dirección,Sin distrito,LIMA,-12.254333,-76.890509
PetroPerú - PetroPerú,Sin dirección,Sin distrito,LIMA,-12.25346,-76.891527
PetroPerú - PetroPerú,Sin dirección,Sin distrito,LIMA,-12.248795,-76.873421
Sin nombre,Sin dirección,Sin distrito,LIMA,-11.764615,-77.15736
Repsol,Avenida Nestor Gambetta,Lima,LIMA,-12.050213,-77.126402
Primax - Primax,Circuito de Playas,Magdalena del Mar,LIMA,-12.103845,-77.064376
AVA,Zona Surquillo,Surquillo,LIMA,-12.105732,-77.018085
GNV - Primax,Avenida República de Panamá,Sin distrito,LIMA,-12.101677,-77.019212
Energigas,Avenida Antonio José de Sucre,Pueblo Libre,LIMA,-12.083369,-77.067204
Gripo PECSA,Carretera Panamericana Sur,Sin distrito,LIMA,-12.223268,-76.974616
Grifo Bolivar,Carretera Panamericana Sur,Sin distrito,LIMA,-12.224585,-76.973063
Primax - Primax,Sin dirección,Sin distrito,LIMA,-12.057587,-77.068774
PECSA,Sin dirección,Sin distrito,LIMA,-12.246718,-76.937197
GNV - Jiara,Sin dirección,Sin distrito,LIMA,-12.056765,-77.054506
Petroperu - Grifo Kio Petroperu,Sin dirección,Sin distrito,LIMA,-12.253028,-76.928032
Primex,Carretera Panamericana Sur,Sin distrito,LIMA,-12.272166,-76.897103
PetroPerú - Petroperu (GNV),Avenida 28 de Julio,Sin distrito,LIMA,-12.064979,-77.045003
Primax - Primax,Avenida 7 De Abril,Sin distrito,LIMA,-12.316601,-76.831782
GNV - Repsol,Avenida Elmer Faucett,Sin distrito,LIMA,-11.997208,-77.124431
Pecsa,Avenida Nestor Gambetta,Callao,LIMA,-11.978066,-77.124622
Aba Singer,Avenida Simón Bolívar,Sin distrito,LIMA,-12.072042,-77.057701
Primax - Primax,Calle José Félix Olcay,Sin distrito,LIMA,-12.123517,-77.024154
Primax,Avenida Iquitos 999,La Victoria,LIMA,-12.070123,-77.029734
Pecsa,Avenida Isabel La Católica,Sin distrito,LIMA,-12.070325,-77.030933
GNV - Primax,Elmer Faucett,Sin distrito,LIMA,-12.06714,-77.09713
GNV,Sin dirección,Sin distrito,LIMA,-12.094233,-77.074598
GES - Mahanaim,Avenida Javier Prado Oeste,Magdalena del Mar,LIMA,-12.093913,-77.058915
Pecsa - Pecsa,Sin dirección,Sin distrito,LIMA,-12.090483,-77.057744
Pecsa,Avenida Óscar Raimundo Benavides,Sin distrito,LIMA,-12.047603,-77.057404
Repsol - Repsol,Avenida Óscar Raimundo Benavides,Sin distrito,LIMA,-12.047152,-77.053571
Pecsa - Pecsa,Avenida Óscar Raimundo Benavides 301,Cercado de Lima,LIMA,-12.04633,-77.045771
Primax - Primax,Avenida Alfredo Benavides,Lima,LIMA,-12.125908,-77.018357
Sin nombre,Sin dirección,Sin distrito,LIMA,-12.082276,-77.07024
Repsol - Repsol,Avenida República de Panamá,Santiago de Surco,LIMA,-12.133981,-77.017689
Primax - Primax,Avenida Arequipa,Sin distrito,LIMA,-12.083401,-77.034901
Primax,Avenida Petit Thouars,Santa Beatriz,LIMA,-12.076675,-77.03426
Primax - Primax,Avenida Angamos Este,Sin distrito,LIMA,-12.112833,-77.01225
Energigas,Avenida Saenz Peña 1490,Callao,LIMA,-12.05888,-77.128707
PetroPerú - PetroPerú,Sin dirección,Sin distrito,LIMA,-12.081734,-77.036196
Primax - Primax,Sin dirección,Sin distrito,LIMA,-12.08608,-77.035659
Primax,Avenida Defensores del Morro,Sin distrito,LIMA,-12.16786,-77.025667
Repsol,Avenida Nestor Gambetta,Ventanilla,LIMA,-11.869164,-77.127435
Petro América,Carretera Panamericana Norte,Sin distrito,LIMA,-11.829777,-77.117327
Repsol,Sin dirección,Sin distrito,LIMA,-11.853581,-77.088824
Herco,Avenida Nestor Gambetta,Sin distrito,LIMA,-11.938093,-77.130574
Primax,Avenida Alameda Sur,Sin distrito,LIMA,-12.19072,-77.006284
Primax,Alameda Los Horizontes,Sin distrito,LIMA,-12.206053,-77.010942
Energigas,Antigua Panamericana Sur,Sin distrito,LIMA,-12.266186,-76.879787
Primax,Avenida Volcán Coropuna,Chorrillos,LIMA,-12.199293,-76.987744
Repsol - Repsol,Sin dirección,Sin distrito,LIMA,-12.177846,-76.996381
Primax,Guardia Civil Sur,Sin distrito,LIMA,-12.171443,-76.991774
Repsol,Sin dirección,Sin distrito,LIMA,-12.178211,-76.9959
Petroperú,Avenida Defensores del Morro,Sin distrito,LIMA,-12.181475,-77.011941
Primax,Avenida de la Guardia Civil,Sin distrito,LIMA,-12.183679,-77.003265
PetroPerú - PetroPerú,Avenida Pachacútec,Sin distrito,LIMA,-12.182071,-76.942284
Primax,Avenida Pachacutec,Sin distrito,LIMA,-12.218869,-76.920708
PetroPerú - GNV,Avenida Los Héroes,Sin distrito,LIMA,-12.158142,-76.960597
Bolivar,Avenida de Tomás Marsano,Lima,LIMA,-12.141596,-76.992234
Petro Perú,Avenida La Universidad,Sin distrito,LIMA,-12.075118,-76.936735
Repsol,Avenida La Molina,Sin distrito,LIMA,-12.086327,-76.89976
Lima Sur,Avenida Lima,Sin distrito,LIMA,-12.224742,-76.908646
Petro Perú,Avenida Nicolás de Ayllón,Sin distrito,LIMA,-12.050126,-76.95298
Repsol,Avenida Pedro José Miota,Sin distrito,LIMA,-12.160791,-76.979225
Siroco GNV,Avenida Elmer Faucett,Sin distrito,LIMA,-12.045642,-77.098957
Pecsa,Sin dirección,Sin distrito,LIMA,-12.040237,-76.923513
Repsol - Repsol,Sin dirección,Sin distrito,LIMA,-12.072141,-77.002339
Sin nombre,Sin dirección,Sin distrito,LIMA,-12.074265,-76.962861
GNV Repsol,Sin dirección,Sin distrito,LIMA,-12.062664,-76.981757
Repsol,Sin dirección,Sin distrito,LIMA,-11.936047,-77.082004
Primax - Primax,Avenida Universitaria,Sin distrito,LIMA,-11.975945,-77.077193
Primax - Primax,Avenida Universitaria 1400,Sin distrito,LIMA,-11.977479,-77.077861
Gazel - Gazel,Avenida Naranjal,Sin distrito,LIMA,-11.97885,-77.072589
Repsol,Avenida Canta Callao,Sin distrito,LIMA,-11.98545,-77.100601
Vijo Gas,Santa Rosa,Sin distrito,LIMA,-12.068948,-76.98072
Repsol - Repsol,Avenida El Derby,Sin distrito,LIMA,-12.098946,-76.970983
Petro Perú,Carretera Central,Chaclacayo,LIMA,-11.965734,-76.744109
GNV - Primax,Avenida Nicolás de Ayllón 1949,Ate,LIMA,-12.042517,-76.936028
Repsol,Sin dirección,Sin distrito,LIMA,-12.199714,-76.974379
GNV,Avenida Defensores del Morro,Sin distrito,LIMA,-12.191404,-77.005547
PetroPerú - PetroPerú,Avenida Lima Norte,Sin distrito,LIMA,-11.92121,-76.67123
Repsol,Carretera Central,Chaclacayo,LIMA,-11.974538,-76.764955
Pecsa,Carretera Central,Sin distrito,LIMA,-11.943791,-76.708183
Primax,Carretera Panamericana Sur,Sin distrito,LIMA,-12.460143,-76.753448
Sin nombre,Carretera Panamericana Sur,Sin distrito,LIMA,-12.459214,-76.752584
Primax,Sin dirección,Sin distrito,LIMA,-12.1468,-76.970717
Repsol - Repsol,Avenida Antigua Panamericana Sur,Sin distrito,LIMA,-12.658094,-76.635218
Primax,Avenida El Sol,Sin distrito,LIMA,-12.212162,-76.964529
Pesca,Simon Bolivar,Sin distrito,LIMA,-11.922132,-76.664007
GLP;Primax,Avenida Lima Norte,Sin distrito,LIMA,-11.921054,-76.668012
Repsol,Carretera Central,Sin distrito,LIMA,-11.983908,-76.803899
Primax,Carretera Central,Sin distrito,LIMA,-11.912543,-76.544025
Petro Peru,Avenida Central,Sin distrito,LIMA,-11.959033,-77.076194
Primax,Avenida Canta Callao,Sin distrito,LIMA,-11.954088,-77.085649
GLP Automotoriz,Avenida Echenique,Sin distrito,LIMA,-11.114152,-77.610137
PetroPerú - PetroPerú,Avenida Chinchaysuyo,Independencia,LIMA,-11.978428,-77.052322
Pecsa - Pecsa,Avenida Universitaria,Sin distrito,LIMA,-12.23954,-76.928442
Primax - Primax,Sin dirección,Sin distrito,LIMA,-12.245947,-76.923574
Terpel - Terpel,Avenida Lima,Sin distrito,LIMA,-12.239225,-76.912851
PetroPerú - PetroPerú,Avenida Nicolás de Piérola,San Juan de Miraflores,LIMA,-12.15066,-76.967376
Primax - Primax,Sin dirección,Sin distrito,LIMA,-12.173276,-76.97746
PetroPerú - Grifo Rigal,Avenida Paseo de la República 4251,Surquillo,LIMA,-12.107666,-77.026188
Repsol - Repsol,Sin dirección,Sin distrito,LIMA,-12.046777,-77.072625
Sin nombre,Sin dirección,Sin distrito,ICA,-14.82819,-74.943407
Sin nombre,Sin dirección,Sin distrito,ICA,-14.835121,-74.94025
Sin nombre,Sin dirección,Sin distrito,ICA,-13.835272,-76.137732
Sin nombre,Sin dirección,Sin distrito,ICA,-14.002059,-75.768316
Sin nombre,Sin dirección,Sin distrito,ICA,-14.082801,-75.733893
Sin nombre,Sin dirección,Sin distrito,ICA,-14.28307,-75.681723
Sin nombre,Sin dirección,Sin distrito,ICA,-14.189186,-75.714421
Sin nombre,Sin dirección,Sin distrito,ICA,-14.207118,-75.713921
Primax,Sin dirección,Sin distrito,ICA,-14.182146,-75.715349
Go!,Sin dirección,Sin distrito,ICA,-14.095361,-75.717263
Repsol,Sin dirección,Sin distrito,ICA,-14.536856,-75.185807
Sin nombre,Sin dirección,Sin distrito,ICA,-14.826146,-74.954834
Sin nombre,Sin dirección,Sin distrito,ICA,-14.834147,-74.939879
Sin nombre,Sin dirección,Sin distrito,ICA,-15.3588,-75.160419
Repsol,Sin dirección,Sin distrito,ICA,-13.709943,-75.98355
Prinax,Sin dirección,Sin distrito,ICA,-14.903663,-74.983247
Sin nombre,Sin dirección,Sin distrito,ICA,-14.530731,-75.200101
Sin nombre,Sin dirección,Sin distrito,ICA,-14.335969,-75.66167
Sin nombre,Sin dirección,Sin distrito,ICA,-13.48209,-76.137938
Sin nombre,Sin dirección,Sin distrito,ICA,-13.71842,-76.153989
Repsol,Sin dirección,Sin distrito,ICA,-14.183247,-75.715064
El Oasis,Sin dirección,Sin distrito,ICA,-14.827131,-74.952192
Pecsa - Grifo Wari,Sin dirección,Sin distrito,ICA,-14.82424,-74.958946
PetroPerú,Sin dirección,Sin distrito,ICA,-14.817469,-74.978137
REPSOL,Sin dirección,Sin distrito,ICA,-14.841523,-74.942715
PetroPerú,Sin dirección,Sin distrito,ICA,-14.821532,-74.967588
Sin nombre,Sin dirección,Sin distrito,ICA,-14.534431,-75.188123
PRIMAX,Sin dirección,Sin distrito,ICA,-14.104914,-75.71742
Señor de Luren,Sin dirección,Sin distrito,ICA,-14.057517,-75.744881
Sin nombre,Sin dirección,Sin distrito,ICA,-14.058051,-75.740014
Grifo Tacna,Sin dirección,Sin distrito,ICA,-14.059608,-75.730921
Grifo San Martín,Sin dirección,Sin distrito,ICA,-14.044098,-75.732747
PetroPeru,Sin dirección,Sin distrito,ICA,-14.835545,-74.92475
Uno Gas,Avenida Fernando León Arechua 281,Sin distrito,ICA,-14.063441,-75.736225
Repsol,Sin dirección,Sin distrito,ICA,-13.736083,-76.225148
Repsol,Sin dirección,Sin distrito,ICA,-14.82305,-74.960646
Sin nombre,Sin dirección,Sin distrito,ICA,-13.669292,-76.153195
Primax,Sin dirección,Sin distrito,ICA,-14.821701,-74.964921
Puma,Sin dirección,Sin distrito,ICA,-14.82286,-74.96154
Pecsa,Sin dirección,Sin distrito,ICA,-14.530507,-75.200516
Grifo Plaza,Sin dirección,Sin distrito,ICA,-13.708718,-75.986131
Grifo repsol,Sin dirección,Sin distrito,ICA,-15.363077,-75.16091
Sin nombre,Sin dirección,Sin distrito,ICA,-13.727075,-75.941833
Sin nombre,Víctor Andrés Belaunde,Sin distrito,ICA,-13.405454,-76.129719
EE SS Paracas,Sin dirección,Sin distrito,ICA,-13.808576,-76.152272
Primax - Percy Car,Sin dirección,Sin distrito,ICA,-13.805577,-76.154201
Grifo del Carmen,Sin dirección,Sin distrito,ICA,-13.570501,-76.177673
Sin nombre,Sin dirección,Sin distrito,ICA,-14.833611,-74.943027
Fabri Grifo,Panamericana Sur,Changuillo,ICA,-14.679254,-75.140375
Sin nombre,Sin dirección,Sin distrito,ICA,-14.305748,-75.677522
Pecsa,Túpac Amaru,Sin distrito,ICA,-13.711293,-76.180604
Petro America,Gerardo Sotelo,Sin distrito,ICA,-13.412422,-76.126496
Petro Perú,Panamericana Sur,Sin distrito,ICA,-13.424871,-76.134389
Repsol,Calle Pedro Moreno,Sin distrito,ICA,-13.412865,-76.137111
Primax,Panamericana Sur,Sin distrito,ICA,-13.412244,-76.156711
Repsol,Panamericana Sur,Sin distrito,ICA,-13.431791,-76.134588
PetroPerú,Panamericana Sur,Sin distrito,ICA,-13.436601,-76.134991
Sin nombre,Túpac Amaru,Sin distrito,ICA,-13.712187,-76.161532
Veloz,Panamericana Sur,Sin distrito,ICA,-14.051184,-75.74723
Petro Americana,Panamericana Sur,Sin distrito,ICA,-13.698753,-76.152483
Primax,Panamericana Sur,Sin distrito,ICA,-13.70253,-76.150595
Primax,Zona Paracas,Paracas,ICA,-13.837827,-76.249806
Gaspetrol,Fernando León de Vivero,Sin distrito,ICA,-14.060738,-75.741312
Repsol,Panamericana Sur,Sin distrito,ICA,-13.707182,-76.151268
Primax,Zona San Andrés,San Andrés,ICA,-13.732222,-76.223808
Primax,Panamericana Sur,Sin distrito,ICA,-13.410324,-76.172867
Primax,Santa Rosa,Sin distrito,ICA,-13.416499,-76.156145
Gaspetrol,Mayor FAP René García,Sin distrito,ICA,-13.415351,-76.142312
Primax,Panamericana Sur,Sin distrito,ICA,-13.41636,-76.140378
Primax,Calle Mariscal Benavides,Sin distrito,ICA,-13.416306,-76.138981
Sin nombre,Calle Alfonso Ugarte,Sin distrito,ICA,-13.410253,-76.129334
Primax,Avenida El Parque,La Tinguiña,ICA,-14.036277,-75.707244
Pecsa,Avenida 7,Sin distrito,ICA,-14.060242,-75.72189
GLP,Víctor Andrés Belaunde,Sin distrito,ICA,-13.403849,-76.129317
Texaco,Avenida Las Américas,Pisco,ICA,-13.717906,-76.198718
Petro Perú,Victor Raul Haya de la Torre,Sin distrito,ICA,-13.439546,-76.135313
Primax,Panamericana Sur,Sin distrito,ICA,-13.450624,-76.136542
El Oasis,Panamericana Sur,Sin distrito,ICA,-14.029987,-75.75855
Pecsa,Panamericana Sur,Sin distrito,ICA,-14.037186,-75.754694
Sin nombre,Panamericana Sur,Sin distrito,ICA,-13.989377,-75.77117
Repsol,Panamericana Sur,Sin distrito,ICA,-14.023408,-75.760756
Repsol - Repsol,Avenida San Martín,Ica,ICA,-14.081135,-75.726077
Sin nombre,Avenida Victorio Gotuzzo,Sin distrito,ICA,-14.028667,-75.708408
Alpa,Avenida Victorio Gotuzzo,Sin distrito,ICA,-14.034577,-75.710357
Pecsa,Prolongacion Miguel Grau,Sin distrito,ICA,-14.061435,-75.722299
Sin nombre,Sin dirección,Sin distrito,ICA,-13.732283,-76.223609
Repsol - Repsol,Sin dirección,Sin distrito,ICA,-14.083831,-75.721938
Pecsa - Pecsa,Sin dirección,Sin distrito,ICA,-14.088205,-75.723465
El Oasis,Sin dirección,Sin distrito,ICA,-14.088649,-75.722261
Shell Express - Shell Express,Sin dirección,Sin distrito,ICA,-14.071523,-75.724251
Sin nombre,Sin dirección,Sin distrito,ICA,-14.150639,-75.714108
Ferush,Sin dirección,Sin distrito,ICA,-13.809402,-76.242474
Repsol - Repsol,Sin dirección,Sin distrito,ICA,-14.064369,-75.734029
Primax - Primax,Sin dirección,Sin distrito,ICA,-14.05285,-75.746283
Primax Leonor Nazca,Sin dirección,Sin distrito,ICA,-14.848033,-74.950873
Petroperú,Sin dirección,Sin distrito,ICA,-14.255714,-75.687782
Petro America,Panamericana Sur,Sin distrito,ICA,-13.444209,-76.135989
Primax,Túpac Amaru,Sin distrito,ICA,-13.711177,-76.19713
Vistony,Zona San Andrés,San Andrés,ICA,-13.7337,-76.224605
Sin nombre,Sin dirección,Sin distrito,ICA,-14.853344,-74.963301
Sin nombre,Sin dirección,Sin distrito,ICA,-13.679098,-76.143984
Sin nombre,Sin dirección,Sin distrito,ICA,-13.36746,-76.213306
GNV,Sin dirección,Sin distrito,ICA,-14.041369,-75.752638
Pecsa,Sin dirección,Sin distrito,ICA,-14.033064,-75.734415
Petroperu,Fernando León de Vivero,Sin distrito,ICA,-14.062884,-75.741625
Repsol,Fernando León de Vivero,Sin distrito,ICA,-14.055789,-75.744487
Repsol,Sin dirección,Sin distrito,ICA,-14.064899,-75.726046
Petroperu,Sin dirección,Sin distrito,ICA,-14.054782,-75.724534
Sin nombre,Sin dirección,Sin distrito,ICA,-14.055844,-75.745294
Consorcio ICA,Sin dirección,Sin distrito,ICA,-14.058855,-75.713532
Sin nombre,Panamericana Sur,Sin distrito,ICA,-14.002119,-75.767253
Petro Peru,Panamericana Sur,Sin distrito,ICA,-13.691955,-76.155508
Repsol,José Matías Manzanilla,Sin distrito,ICA,-14.066049,-75.737745
Pecsa,Panamericana Sur,Sin distrito,ICA,-13.411454,-76.158055
AVA,Las Américas,Sin distrito,ICA,-13.716537,-76.212627
Pecsa,Panamericana Sur,Sin distrito,ICA,-13.415243,-76.14484
Primax,Sin dirección,Sin distrito,ICA,-13.411491,-76.123851
Pesca,Bombom Coronado,Sin distrito,ICA,-13.424191,-76.127333
Estacion De Servicios Pasaje La Tinguina,Avenida Acomayo,Sin distrito,ICA,-14.060348,-75.724436
Continente,Carretera A Parcona,Sin distrito,ICA,-14.05851,-75.712382
Primax,Carretera A Parcona,Sin distrito,ICA,-14.058936,-75.714067
Pecsa,Carretera A Parcona,Sin distrito,ICA,-14.059091,-75.714583
Energigas,Carretera A Parcona,Sin distrito,ICA,-14.057453,-75.70934
Petro Peru,Carretera A Parcona,Sin distrito,ICA,-14.052367,-75.704539
PetroPerú,Panamericana Sur,Chincha Alta,ICA,-13.420792,-76.13683
Enpex,Panamericana Sur,Sin distrito,ICA,-14.038074,-75.75434
Repsol,Panamericana Sur,Sin distrito,ICA,-13.432183,-76.134093
Primax,Panamericana Sur,Sin distrito,ICA,-13.446586,-76.135489
Repsol,Panamericana Sur,Sin distrito,ICA,-13.966321,-75.78068
Los Andes,Panamericana Sur,Sin distrito,ICA,-14.008423,-75.765407
Primax,Panamericana Sur,Sin distrito,ICA,-14.0337,-75.755852
Grand Prix,Avenida Las Américas,Pisco,ICA,-13.717905,-76.199272
Primax,Panamericana Sur,Sin distrito,ICA,-13.929958,-75.934158
Primax,Avenida Fernando León Arechua,Sin distrito,ICA,-14.063679,-75.736329
Sin nombre,Sin dirección,Sin distrito,AREQUIPA,-16.392119,-71.52396
Pecsa,Trinidad Morán,Cerro Colorado,AREQUIPA,-16.396538,-71.547426
Repsol,Sin dirección,Sin distrito,AREQUIPA,-16.397076,-71.540737
Sin nombre,Sin dirección,Sin distrito,AREQUIPA,-16.080059,-72.49459
Sin nombre,Sin dirección,Sin distrito,AREQUIPA,-16.067185,-72.492761
Primax - Municipal,Sin dirección,Sin distrito,AREQUIPA,-16.327493,-71.59433
Grifo Primax,Sin dirección,Sin distrito,AREQUIPA,-16.390742,-71.544074
Repsol - Repsol,Sin dirección,Sin distrito,AREQUIPA,-17.03303,-71.706292
Sin nombre,Sin dirección,Sin distrito,AREQUIPA,-16.528653,-71.782613
Pecsa - Pecsa,Sin dirección,Sin distrito,AREQUIPA,-17.033058,-71.700811
Primax,Sin dirección,Sin distrito,AREQUIPA,-16.528682,-71.777183
Sin nombre,Sin dirección,Sin distrito,AREQUIPA,-16.410469,-71.625395
Sin nombre,Sin dirección,Sin distrito,AREQUIPA,-16.399875,-71.583889
PetroPerú - Petro Perú,Sin dirección,Sin distrito,AREQUIPA,-16.41334,-71.637997
Primax - El Triángulo,Sin dirección,Sin distrito,AREQUIPA,-16.625866,-71.872429
Primax,Sin dirección,Sin distrito,AREQUIPA,-16.529309,-71.776529
Primax,Sin dirección,Sin distrito,AREQUIPA,-16.407712,-71.605547
Petroperu,Sin dirección,Sin distrito,AREQUIPA,-16.406944,-71.5304
Sin nombre,Avenida Ejército,Yanahuara,AREQUIPA,-16.390671,-71.545411
Sin nombre,Sin dirección,Sin distrito,AREQUIPA,-16.252125,-71.678942
Sin nombre,Sin dirección,Sin distrito,AREQUIPA,-16.332911,-71.592247
Repsol,Sin dirección,Sin distrito,AREQUIPA,-16.35543,-71.56604
Petroperú - Petroperú,Sin dirección,Sin distrito,AREQUIPA,-16.602196,-72.771474
PetroPerú - Petroperú,Sin dirección,Sin distrito,AREQUIPA,-16.650433,-72.676733
Repsol - Repsol,Sin dirección,Sin distrito,AREQUIPA,-16.596899,-72.704859
Repsol - Repsol,Sin dirección,Sin distrito,AREQUIPA,-16.58792,-72.720715
Sin nombre,Sin dirección,Sin distrito,AREQUIPA,-16.227918,-73.606192
Sin nombre,Sin dirección,Sin distrito,AREQUIPA,-16.362649,-72.156387
Reyes,Sin dirección,Sin distrito,AREQUIPA,-16.648817,-72.685579
Petroperú - Petroperú,Sin dirección,Sin distrito,AREQUIPA,-16.633408,-72.711351
Villa Hermosa,Sin dirección,Sin distrito,AREQUIPA,-16.613821,-72.70711
Petroperú - Petroperú,Sin dirección,Sin distrito,AREQUIPA,-16.606612,-72.703666
Ava Power,Sin dirección,Sin distrito,AREQUIPA,-16.404933,-71.527895
Autrisa,Sepúlveda,Miraflores,AREQUIPA,-16.399693,-71.515841
Repsol - Repsol,Sin dirección,Sin distrito,AREQUIPA,-16.396378,-71.518545
San José Espinar,Sin dirección,Sin distrito,AREQUIPA,-16.391984,-71.524111
Primax,Sin dirección,Sin distrito,AREQUIPA,-16.491865,-71.858502
Sin nombre,Sin dirección,Sin distrito,AREQUIPA,-16.464659,-71.932725
PetroPerú - J.H.P.,Sin dirección,Sin distrito,AREQUIPA,-16.342417,-71.582346
Limagas,Sin dirección,Sin distrito,AREQUIPA,-16.334741,-71.59216
Alto de Amado,Sin dirección,Sin distrito,AREQUIPA,-16.422863,-71.587105
Petromil,Sin dirección,Sin distrito,AREQUIPA,-16.406951,-71.557726
Primax - Primax,Sin dirección,Sin distrito,AREQUIPA,-16.435146,-71.561979
Primax,Sin dirección,Sin distrito,AREQUIPA,-16.410999,-71.557188
Repsol,Sin dirección,Sin distrito,AREQUIPA,-16.419459,-71.551395
Primax,Sin dirección,Sin distrito,AREQUIPA,-16.414576,-71.547334
Pecsa,Sin dirección,Sin distrito,AREQUIPA,-16.392287,-71.550972
PetroPerú - Grifo Cerreño,Sin dirección,Sin distrito,AREQUIPA,-16.371782,-71.559172
Pecsa - Grifo El Veloz,Sin dirección,Sin distrito,AREQUIPA,-16.364469,-71.56096
AVA - Grifo AVA La Fonda,Sin dirección,Sin distrito,AREQUIPA,-16.375767,-71.557065
Primax,Sin dirección,Sin distrito,AREQUIPA,-16.404056,-71.543249
Repsol,Sin dirección,Sin distrito,AREQUIPA,-16.427006,-71.517495
La Estrella,Sin dirección,Sin distrito,AREQUIPA,-16.427355,-71.518212
Primax - Primax,Sin dirección,Sin distrito,AREQUIPA,-16.425882,-71.532849
Primax - Primax,Sin dirección,Sin distrito,AREQUIPA,-16.426004,-71.515082
Primax Monterrey,Zona José Luis Bustamente y Rivero,José Luis Bustamente y Rivero,AREQUIPA,-16.429009,-71.523969
Primax,Zona José Luis Bustamante y Rivero,José Luis Bustamante y Rivero,AREQUIPA,-16.425713,-71.526916
Sin nombre,Sin dirección,Sin distrito,AREQUIPA,-16.424642,-71.546861
PetroPerú,Sin dirección,Sin distrito,AREQUIPA,-16.402696,-71.525801
Petroperú,Sin dirección,Sin distrito,AREQUIPA,-16.425237,-71.822989
Primax,Sin dirección,Sin distrito,AREQUIPA,-16.492833,-71.846782
PetroAmérica,Sin dirección,Sin distrito,AREQUIPA,-16.494304,-71.839875
Virgen de Cochabamba,Sin dirección,Sin distrito,AREQUIPA,-16.526635,-71.784015
Don Francisco,Variante Uchumayo 3500,Cerro Colorado,AREQUIPA,-16.405338,-71.578978
Repsol,Zona José Luis Bustamente y Rivero,José Luis Bustamente y Rivero,AREQUIPA,-16.425029,-71.524259
Primax,Avenida Dolores,Sin distrito,AREQUIPA,-16.420942,-71.526052
GSA,Sin dirección,Sin distrito,AREQUIPA,-16.405723,-71.515566
Petroperú,Sin dirección,Sin distrito,AREQUIPA,-16.409586,-71.536412
Autrista,Sin dirección,Sin distrito,AREQUIPA,-16.408356,-71.540085
Repsol,Sin dirección,Sin distrito,AREQUIPA,-16.406856,-71.534574
Fernández,Carretera Cotahuasi Tomepampa KM 2.7,Sin distrito,AREQUIPA,-15.205706,-72.887389
Petro Inti,Sin dirección,Sin distrito,AREQUIPA,-15.144949,-73.339111
PetroPerú,Sin dirección,Sin distrito,AREQUIPA,-15.841675,-72.655465
Sin nombre,Sin dirección,Sin distrito,AREQUIPA,-15.840018,-72.649276
PetroPerú,Sin dirección,Sin distrito,AREQUIPA,-16.120243,-72.491267
Pecsa - Pecsa,Sin dirección,Sin distrito,AREQUIPA,-16.407063,-71.515006
Virgencita del Chapi,Sin dirección,Sin distrito,AREQUIPA,-16.406427,-71.510687
Melgar,Sin dirección,Sin distrito,AREQUIPA,-16.406724,-71.510328
Pecsa - Pecsa,Zona Miraflores,Miraflores,AREQUIPA,-16.393199,-71.528567
Toda una vida SAC,Variante de Uchumayo,Cerro Colorado,AREQUIPA,-16.404408,-71.574373
Petroperú - Petroperú,Sin dirección,Sin distrito,AREQUIPA,-16.228882,-73.613074
Pecsa,Sin dirección,Sin distrito,AREQUIPA,-16.40473,-71.579008
Pecsa,Sin dirección,Sin distrito,AREQUIPA,-16.405756,-71.593919
Repsol - Repsol,Sin dirección,Sin distrito,AREQUIPA,-16.610961,-72.705417
Grifo Chauca,Sin dirección,Sin distrito,AREQUIPA,-16.401044,-73.2243
Primax - Don Felipe,Sin dirección,Sin distrito,AREQUIPA,-16.437521,-71.520566
Grifo Gamarra,Sin dirección,Sin distrito,AREQUIPA,-16.38132,-71.576228
Petroperú,Caracas,Sin distrito,AREQUIPA,-16.443135,-71.523848
Primax,Sin dirección,Sin distrito,AREQUIPA,-16.356209,-71.543435
Sin nombre,Sin dirección,Sin distrito,AREQUIPA,-16.429002,-71.559375
J&P,Sin dirección,Sin distrito,AREQUIPA,-16.429984,-71.536765
Petroperu,Sin dirección,Sin distrito,AREQUIPA,-16.414756,-71.519543
Petroperu,Sin dirección,Sin distrito,AREQUIPA,-16.423771,-71.532187
Repsol,Zona José Luis Bustamante Y Rivero,José Luis Bustamante Y Rivero,AREQUIPA,-16.422364,-71.51655
Sin nombre,Sin dirección,Sin distrito,AREQUIPA,-16.413912,-71.543383
Repsol - Repsol,Sin dirección,Sin distrito,AREQUIPA,-16.421179,-71.516378
Petroperu,Sin dirección,Sin distrito,AREQUIPA,-16.419459,-71.51648
Pecsa - Pecsa,Sin dirección,Sin distrito,AREQUIPA,-16.410091,-71.522761
Primax - Primax,Zona Miraflores,Miraflores,AREQUIPA,-16.397224,-71.523088
Primax,Sin dirección,Sin distrito,AREQUIPA,-16.403543,-71.512442
Grifo Apóstol Santiago,Sin dirección,Sin distrito,AREQUIPA,-15.279473,-73.347511
Sin nombre,Sin dirección,Sin distrito,AREQUIPA,-15.271736,-73.352648
Sin nombre,Sin dirección,Sin distrito,AREQUIPA,-16.385759,-71.514454
Pecsa,Sin dirección,Sin distrito,AREQUIPA,-16.408651,-71.536819
Castrol - San Francsico,Union,Arequipa,AREQUIPA,-16.418793,-71.503067
Negoglaciones Cruz de Mayo,Sin dirección,Sin distrito,AREQUIPA,-16.430347,-72.308617
Primax,Sin dirección,Sin distrito,AREQUIPA,-16.411465,-71.544359
Sin nombre,Sin dirección,Sin distrito,AREQUIPA,-16.379926,-71.54479
Grifo Pecsa,Sin dirección,Sin distrito,AREQUIPA,-16.450039,-71.586828
Shell - Eelis Cerro Verde,Zona Alto Cerro Verde,Alto Cerro Verde,AREQUIPA,-16.453295,-71.610355
Primax,Sin dirección,Sin distrito,AREQUIPA,-16.417935,-71.509685
El Misti,Sin dirección,Sin distrito,AREQUIPA,-16.418826,-71.509284
Repsol,Antigua Panamericana Sur,Jacobo Hunter,AREQUIPA,-16.447723,-71.580806
Primax,Sin dirección,Sin distrito,AREQUIPA,-16.414559,-71.542166
Primax,Guardia Civil,Paucarpata,AREQUIPA,-16.422791,-71.50921
Sin nombre,Sin dirección,Sin distrito,AREQUIPA,-16.443496,-71.503093
Repsol - Grifo Chambilla,Sin dirección,Sin distrito,AREQUIPA,-16.416493,-71.474126
Primax,Sin dirección,Sin distrito,AREQUIPA,-16.445157,-71.530242
El Sol Tingo,Sin dirección,Sin distrito,AREQUIPA,-16.431116,-71.5661
Cisne,Sin dirección,Sin distrito,AREQUIPA,-16.41583,-71.541939
Primax,La Oroya,Socabaya,AREQUIPA,-16.441034,-71.52561
Primax,Sin dirección,Sin distrito,AREQUIPA,-16.443154,-71.523083
Repsol - Grifo San Fernando,Sin dirección,Sin distrito,AREQUIPA,-16.442035,-71.528718
Primax,Sin dirección,Sin distrito,AREQUIPA,-16.447367,-71.531096
Primax - Imata,Via Interoceánica Sur - Tramo 5,Imata,AREQUIPA,-15.833163,-71.085081
Sin nombre,Sin dirección,Sin distrito,AREQUIPA,-16.4285,-71.499634
Sin nombre,Sin dirección,Sin distrito,AREQUIPA,-16.406576,-71.494458
Sin nombre,Sin dirección,Sin distrito,AREQUIPA,-16.361718,-71.517056
Sin nombre,Sin dirección,Sin distrito,AREQUIPA,-16.364359,-71.515424
Pecsa - Pecsa,Sin dirección,Sin distrito,AREQUIPA,-17.054901,-71.963553
Petroperú - Petroperú,Sin dirección,Sin distrito,AREQUIPA,-17.010051,-72.023348
Repsol,Variante de Uchumayo,Cerro Colorado,AREQUIPA,-16.404668,-71.576745
Garufa,Sin dirección,Sin distrito,AREQUIPA,-16.40502,-71.574258
Grifo Los Incas,Sin dirección,Sin distrito,AREQUIPA,-16.419169,-71.538559
Paracas,Sin dirección,Sin distrito,AREQUIPA,-16.446613,-71.530766
Pecsa - Pecsa,Sin dirección,Sin distrito,AREQUIPA,-16.400079,-71.521061
Primax - Primax,Manuel Muñoz Najar 280,Miraflores,AREQUIPA,-16.397399,-71.52517
J & B,Sin dirección,Sin distrito,AREQUIPA,-16.447517,-71.531929
Sin nombre,Sin dirección,Sin distrito,AREQUIPA,-16.371608,-71.544272
Sin nombre,Sin dirección,Sin distrito,AREQUIPA,-16.392823,-71.58291
Repsol,Sin dirección,Sin distrito,AREQUIPA,-16.625756,-72.694473
Santa Rosa,Sin dirección,Sin distrito,AREQUIPA,-16.355766,-71.579635
Sin nombre,Sin dirección,Sin distrito,AREQUIPA,-16.429427,-71.544333
Repsol,Sin dirección,Sin distrito,AREQUIPA,-16.451099,-71.512743
Repsol,Sin dirección,Sin distrito,AREQUIPA,-16.460203,-71.556653
Sin nombre,Sin dirección,Sin distrito,AREQUIPA,-16.418609,-71.495378
Petroperú,Sin dirección,Sin distrito,AREQUIPA,-16.388264,-71.551894
Sin nombre,Sin dirección,Sin distrito,AREQUIPA,-16.442657,-71.503622
Sin nombre,Sin dirección,Sin distrito,AREQUIPA,-16.39221,-71.563685
Grifo Petro América,Sin dirección,Sin distrito,AREQUIPA,-16.415258,-71.497294
Pecsa,Sin dirección,Sin distrito,AREQUIPA,-16.406565,-71.562305
Grifo Corire,Sin dirección,Sin distrito,AREQUIPA,-16.225676,-72.470899
PetroPeru,Sin dirección,Sin distrito,AREQUIPA,-16.053786,-72.488114
Fuel,Sin dirección,Sin distrito,AREQUIPA,-15.151188,-73.344148
AVA,Sin dirección,Sin distrito,AREQUIPA,-16.412316,-72.054218
Repsol,Sin dirección,Sin distrito,AREQUIPA,-16.403622,-71.547488
León del Sur,Variante Uchumayo 3600,Cerro Colorado,AREQUIPA,-16.405133,-71.583037
Sin nombre,Sin dirección,Sin distrito,AREQUIPA,-16.416098,-71.581949
Bellavista,Bellavista Principal,Sin distrito,AREQUIPA,-16.430933,-71.551658
Grifo Milagritos,Avenida Salaverry,Socabaya,AREQUIPA,-16.452484,-71.530958
Petro Peru,Sin dirección,Sin distrito,AREQUIPA,-16.380699,-72.197556
Grifo Reynita,Sin dirección,Sin distrito,AREQUIPA,-16.368954,-72.194139
Sin nombre,Sin dirección,Sin distrito,AREQUIPA,-16.374685,-71.566134
Grifo Petro Peru,Sin dirección,Sin distrito,AREQUIPA,-16.347874,-72.18896
Grifo Santa Fe,Sin dirección,Sin distrito,AREQUIPA,-16.353216,-72.186404
PetroPerú - San Antonio,Sin dirección,Sin distrito,AREQUIPA,-16.419259,-71.501955
Sin nombre,Sin dirección,Sin distrito,AREQUIPA,-16.407604,-71.561729
Sin nombre,Jorge Chávez,Miraflores,AREQUIPA,-16.393955,-71.520946
Sin nombre,Sin dirección,Sin distrito,AREQUIPA,-16.318486,-72.225441
PRIMAX,Sin dirección,Sin distrito,AREQUIPA,-16.344445,-72.192522
PeruGas,Sin dirección,Sin distrito,AREQUIPA,-15.189044,-71.771568
Repsol,Sin dirección,Sin distrito,AREQUIPA,-16.401106,-71.505502
Sin nombre,Sin dirección,Sin distrito,AREQUIPA,-16.480746,-71.499892
Primax - Santa Mónica,Sin dirección,Sin distrito,AREQUIPA,-16.320327,-71.600097
Repsol - Gonza,Sin dirección,Sin distrito,AREQUIPA,-16.228147,-73.616707
Primax - Primax,Sin dirección,Sin distrito,AREQUIPA,-16.228739,-73.613522
Primax - Primax,Sin dirección,Sin distrito,AREQUIPA,-16.611973,-72.705899
Glenoil,Sin dirección,Sin distrito,AREQUIPA,-16.228565,-73.607264
Gasolinera Ildebrando,Sin dirección,Sin distrito,AREQUIPA,-15.218307,-73.347435
Grifo Sr. de los Milagros,Sin dirección,Sin distrito,AREQUIPA,-16.999788,-72.093938
Sin nombre,Sin dirección,Sin distrito,AREQUIPA,-16.455087,-71.540673
Grifo Primax,Sin dirección,Sin distrito,AREQUIPA,-16.384772,-71.555086
PetroPerú - Petro Perú,Sin dirección,Sin distrito,AREQUIPA,-16.417031,-71.47395
Primax - Primax,Sin dirección,Sin distrito,AREQUIPA,-16.410353,-71.533199
AVA - Teniente Palacios,Sin dirección,Sin distrito,AREQUIPA,-16.40087,-71.517459
Sin nombre,Sin dirección,Sin distrito,AREQUIPA,-16.416889,-71.482174
Sin nombre,Sin dirección,Sin distrito,AREQUIPA,-16.534859,-72.870633
Villa Paraíso,Sin dirección,Sin distrito,AREQUIPA,-16.336511,-71.555611
Primax - Primax,Sin dirección,Sin distrito,AREQUIPA,-16.327063,-71.558064
Sin nombre,Sin dirección,Sin distrito,AREQUIPA,-16.315407,-71.607593
PetroPerú - Chachani,Sin dirección,Sin distrito,AREQUIPA,-16.342758,-71.54047
Sin nombre,Sin dirección,Sin distrito,AREQUIPA,-16.41994,-72.250805
Sin nombre,Sin dirección,Sin distrito,AREQUIPA,-16.640504,-72.625059
PECSA,Sin dirección,Sin distrito,AREQUIPA,-17.165493,-71.799571
Losa Deportiva N°1 Asoc. P. A. Amazonas,Sin dirección,Sin distrito,AREQUIPA,-16.325369,-71.550602
Grifo Las Flores,Sin dirección,Sin distrito,AREQUIPA,-16.332556,-71.572762
Petroperu,Avenida Arequipa 100,Alto Selva Alegre,AREQUIPA,-16.390878,-71.528272
Primax,Sin dirección,Sin distrito,AREQUIPA,-16.420527,-71.563598
Repsol - Repsol,Sin dirección,Sin distrito,AREQUIPA,-16.411451,-71.512607
Primax,Sin dirección,Sin distrito,AREQUIPA,-16.444714,-71.504283
Sin nombre,Sin dirección,Sin distrito,AREQUIPA,-16.436346,-71.530643
Grifo Santa Inés,Prolongación Avenida Jesus,Sin distrito,AREQUIPA,-16.414161,-71.509658
Sin nombre,Sin dirección,Sin distrito,AREQUIPA,-16.379898,-71.558842
Sin nombre,Sin dirección,Sin distrito,AREQUIPA,-16.392693,-71.556135
AVA,Sin dirección,Sin distrito,AREQUIPA,-17.018227,-72.013089
Sin nombre,Sin dirección,Sin distrito,AREQUIPA,-16.484416,-71.501474
Santa Maria,Sin dirección,Sin distrito,AREQUIPA,-16.379286,-72.197006
Sin nombre,Sin dirección,Sin distrito,AREQUIPA,-16.380803,-72.197635
Sin nombre,Sin dirección,Sin distrito,AREQUIPA,-16.369056,-72.194228
Repsol,Sin dirección,Sin distrito,AREQUIPA,-16.359651,-72.188989
Sin nombre,Sin dirección,Sin distrito,AREQUIPA,-16.352067,-72.182521
Sin nombre,Sin dirección,Sin distrito,AREQUIPA,-16.348008,-72.189094
Sin nombre,Sin dirección,Sin distrito,AREQUIPA,-16.353233,-72.18631
Gripo Geminis,Sin dirección,Sin distrito,AREQUIPA,-16.362051,-72.19228
Sin nombre,Sin dirección,Sin distrito,AREQUIPA,-16.318428,-72.225348
Sin nombre,Sin dirección,Sin distrito,AREQUIPA,-16.34458,-72.192702
Sin nombre,Sin dirección,Sin distrito,AREQUIPA,-16.309418,-71.612196
Sin nombre,Sin dirección,Sin distrito,AREQUIPA,-16.567255,-71.827563
Repsol,Sin dirección,Sin distrito,AREQUIPA,-16.575691,-71.834767
Cristo Rey,Sin dirección,Sin distrito,AREQUIPA,-16.510935,-71.811086
Sin nombre,Sin dirección,Sin distrito,AREQUIPA,-16.488461,-71.51616
Sin nombre,Sin dirección,Sin distrito,AREQUIPA,-16.469068,-71.495058
Sin nombre,Sin dirección,Sin distrito,AREQUIPA,-16.413534,-71.462727
Grifo Petro Perú,Sin dirección,Sin distrito,AREQUIPA,-15.639777,-71.601607
Repsol,Sin dirección,Sin distrito,AREQUIPA,-15.639127,-71.602134
Peru - EESS y Comercializadora Virgen del Buen Paso,Sin dirección,Sin distrito,AREQUIPA,-16.419915,-73.109897
Repsol - Rigos,Sin dirección,Sin distrito,AREQUIPA,-16.298821,-71.62373
PetroPerú - PetroPerú,Sin dirección,Sin distrito,AREQUIPA,-16.465107,-71.933003
Primax - Primax,Sin dirección,Sin distrito,MOQUEGUA,-17.215491,-70.969674
Grifo PECSA,Sin dirección,Sin distrito,MOQUEGUA,-17.650825,-71.329773
Grifo Municipal,Panamericana Conexion PE36,Ilo,MOQUEGUA,-17.661164,-71.329698
Primax,Av 28 de Julio,Ilo,MOQUEGUA,-17.646816,-71.344247
Camiara,Sin dirección,Sin distrito,MOQUEGUA,-17.651006,-70.895624
Sin nombre,Sin dirección,Sin distrito,MOQUEGUA,-17.647807,-70.901445
Grifo MARESA,Sin dirección,Sin distrito,MOQUEGUA,-17.195099,-70.956085
Sin nombre,Sin dirección,Sin distrito,MOQUEGUA,-17.192258,-70.951936
Sin nombre,Sin dirección,Sin distrito,MOQUEGUA,-17.834949,-70.534523
Sin nombre,Sin dirección,Sin distrito,MOQUEGUA,-17.305265,-70.98768
Petro Perú - Grifo Virgen de Copacabana,Sin dirección,Sin distrito,MOQUEGUA,-17.226709,-70.977872
Sin nombre,Sin dirección,Sin distrito,MOQUEGUA,-17.105622,-70.853453
Sin nombre,Sin dirección,Sin distrito,MOQUEGUA,-17.176676,-70.895743
Repsol - Repsol,Sin dirección,Sin distrito,MOQUEGUA,-17.627057,-71.342432
Pacocha,Sin dirección,Sin distrito,MOQUEGUA,-17.619685,-71.341415
Primax - Primax,Sin dirección,Sin distrito,MOQUEGUA,-17.615155,-71.342325
Grifo El Baúl,Sin dirección,Sin distrito,MOQUEGUA,-17.075115,-70.843673
Grifo Repsol,Sin dirección,Sin distrito,MOQUEGUA,-17.188827,-70.921154
Repsol,Sin dirección,Sin distrito,MOQUEGUA,-17.187399,-70.951288
Sin nombre,Sin dirección,Sin distrito,MOQUEGUA,-17.890512,-70.97971
Puma,Sin dirección,Sin distrito,MOQUEGUA,-17.679795,-71.353699
Pecsa - Pecsa,Sin dirección,Sin distrito,MOQUEGUA,-17.66808,-71.359613
Repsol - Grifo Repsol Neotech,Avenida Panamericana,Moquegua,MOQUEGUA,-17.661643,-71.318972
Sin nombre,Sin dirección,Sin distrito,MOQUEGUA,-17.189471,-70.931835
GRIFO PETSUR,Zona Inclan,Inclan,MOQUEGUA,-17.828433,-70.532791
Grifo Arias Araguez,Sin dirección,Sin distrito,TACNA,-18.008524,-70.251796
Teco - Texas,Sin dirección,Sin distrito,TACNA,-18.019106,-70.262031
Sin nombre,Sin dirección,Sin distrito,TACNA,-18.078328,-70.299029
Grifo Municipal Manuel A. Odría,Sin dirección,Sin distrito,TACNA,-18.024053,-70.260074
Petroperú,Sin dirección,Sin distrito,TACNA,-17.993259,-70.268994
Grifo Miguel Grau,Sin dirección,Sin distrito,TACNA,-18.002357,-70.260081
Pecsa,Sin dirección,Sin distrito,TACNA,-18.027929,-70.250399
Sin nombre,Sin dirección,Sin distrito,TACNA,-17.994724,-70.251775
PetroPerú,Sin dirección,Sin distrito,TACNA,-17.996411,-70.221832
Grifo Basadre y Forero,Sin dirección,Sin distrito,TACNA,-18.003291,-70.233468
PetroPerú - Grifo PetroPerú,Sin dirección,Sin distrito,TACNA,-18.016293,-70.260914
Sin nombre,Sin dirección,Sin distrito,TACNA,-18.044998,-70.250878
Grifo Caplina,Victor Mansilla,Sin distrito,TACNA,-18.044192,-70.250676
Petro America,Sin dirección,Sin distrito,TACNA,-18.034371,-70.263237
Grifo Primax,Avenida Alexander von Humboldt,Sin distrito,TACNA,-18.045707,-70.242825
Grifo La Cantera,Sin dirección,Sin distrito,TACNA,-18.045275,-70.241471
PetroPerú - Grifo Elisur,Sin dirección,Sin distrito,TACNA,-18.021217,-70.241917
Primax,Sin dirección,Sin distrito,TACNA,-18.044184,-70.284272
Primax - Primax,Sin dirección,Sin distrito,TACNA,-18.019792,-70.257722
Grifo Castrolyn,Sin dirección,Sin distrito,TACNA,-18.156125,-70.458462
Petroperú - Petroperú,Sin dirección,Sin distrito,TACNA,-18.158068,-70.67209
Repsol,Panamericana Sur,Sin distrito,TACNA,-18.047341,-70.277128
Grifo Municipal Ciudad nueva,Avenida Internacional,Sin distrito,TACNA,-17.978914,-70.231456
Grifo Señor de los milagros,Sin dirección,Sin distrito,TACNA,-18.028627,-70.244212
Repsol - Grifo Repsol,Sin dirección,Sin distrito,TACNA,-17.984055,-70.207212
Grifo Municipal de Pocollay,Sin dirección,Sin distrito,TACNA,-17.996825,-70.225771
Grifo San Jose,Sin dirección,Sin distrito,TACNA,-17.968826,-70.190354
Grifo La Yarada,Sin dirección,Sin distrito,TACNA,-18.157211,-70.460601
Sin nombre,Sin dirección,Sin distrito,TACNA,-18.01602,-70.23867
Repsol - Repsol,Sin dirección,Sin distrito,TACNA,-17.993926,-70.238117
PetroPerú - PetroPerú,Sin dirección,Sin distrito,TACNA,-17.996094,-70.23746
Pecsa - Pecsa,Sin dirección,Sin distrito,TACNA,-18.001188,-70.252887
Grifo Caplina,Sin dirección,Sin distrito,TACNA,-17.99707,-70.242173
Repsol - Repsol,Sin dirección,Sin distrito,TACNA,-17.997645,-70.241888
Grifo Tacna Heroica,Sin dirección,Sin distrito,TACNA,-17.996796,-70.239922
Repsol - Grifo El Centenario 3,Sin dirección,Sin distrito,TACNA,-18.020079,-70.261104
Repsol - Repsol,Sin dirección,Sin distrito,TACNA,-18.019765,-70.262283
Repsol - Repsol,Sin dirección,Sin distrito,TACNA,-18.001427,-70.254327
Grifo Copex,Sin dirección,Sin distrito,TACNA,-18.033952,-70.250881
Sin nombre,Sin dirección,Sin distrito,TACNA,-17.987173,-70.210682
Sin nombre,Sin dirección,Sin distrito,TACNA,-18.02945,-70.274299
Sin nombre,Sin dirección,Sin distrito,TACNA,-17.481126,-70.033889
Pachacutec Tarata,Sin dirección,Sin distrito,TACNA,-17.481247,-70.033876
Sin nombre,Sin dirección,Sin distrito,TACNA,-17.481543,-70.033909
Sin nombre,Sin dirección,Sin distrito,TACNA,-17.481483,-70.033517
GRIFO,Avenida Bohemia Tacneña,Sin distrito,TACNA,-18.04705,-70.260357
Grifo Tamason,Sin dirección,Sin distrito,TACNA,-18.050479,-70.249415
Grifo Halkon,Sin dirección,Sin distrito,TACNA,-18.050931,-70.248607
Grifo Primax,Sin dirección,Sin distrito,TACNA,-18.027974,-70.252059
Repsol - Repsol (GNV),Hipolito Unanue,Tacna,TACNA,-18.007375,-70.255912
Grifo Caplina,Sin dirección,Sin distrito,TACNA,-18.013952,-70.260347
