No,EXPEDIENTE,CODIGO OSINERGMIN,REGISTRO,RUC,RAZON SOCIAL,DIRECCION OPERATIVA,DEPARTAMENTO,PROVINCIA,DISTRITO,TIPO DE ESTABLECIMIENTO,TANQUE 1,TANQUE 2,TANQUE 3,TANQUE 4,TANQUE 5,TANQUE 6,TANQUE 7,TANQUE 8,TANQUE 9,TANQUE 10,CAP.TOTAL CL (gln),FEC. EMISION,TÉRMINO DE VIGENCIA,REPRESENTANTE,GLP EN CILINDROS (kg),lat,lng
1,202300066799,113840,113840-050-290323,20600438051,ESTACION DE SERVICIOS BOQUERON S.A.C.,CAR.FEDERICO BASADRE KM. 177 C.P. BOQUERON ,UCAYALI,PADRE ABAD,PADRE ABAD,ESTACIONES DE SERVICIOS,C1:10000:DIESEL B5 ,C1:5000:GASOLINA 90 C2:5000:GASOLINA 90 ,,,,,,,,,20000.0,29/03/2023,INDEFINIDO,"CANTARO JAVIER, CESAR PAUL",0,-9.0458223,-75.5085418
2,202200123413,120796,120796-050-240822,20602783147,PETROCENTROS UNIDOS MINORISTAS ARRASCUE SERRANO E.I.R.L.,PREDIO QUEVEDO MZ. A LOTES 1 Y 2,LA LIBERTAD,TRUJILLO,MOCHE,ESTACIONES DE SERVICIOS,C1:5390:Diesel B5 S-50 ,C1:2135:GASOHOL 90 PLUS ,,,,,,,,,7525.0,24/08/2022,INDEFINIDO,GENDER ARRASCUE SERRANO,0,-8.0984885,-79.0292786
3,202300079865,19844,19844-050-230423,20601755506,PETROCENTRO LUAND E.I.R.L.,AV. EL EJERCITO Nº 663,APURIMAC,ANDAHUAYLAS,ANDAHUAYLAS,ESTACIONES DE SERVICIOS,C1:5000:Diesel B5 S-50 ,C1:5000:Diesel B5 S-50 ,C1:5000:GASOHOL REGULAR ,C1:3050:GASOHOL REGULAR ,C1:3050:GASOHOL PREMIUM ,,,,,,21100.0,23/04/2023,INDEFINIDO,LUISA ANDIA PECEROS,240,-13.6589585,-73.3778375
4,201500167478,116412,116412-050-151215,10732315638,ALEXANDERS ARRIAGA HUAMAN,PISTA HUACARPAY - HUAMBUTIO CENTRO POBLADO ANEXO ILLAPATA,CUSCO,QUISPICANCHI,LUCRE,ESTACIONES DE SERVICIOS,C1:9000:Diesel B5 S-50 ,C1:9000:Diesel B5 S-50 ,C1:5000:GASOHOL 84 PLUS ,C1:5000:GASOHOL 90 PLUS ,,,,,,,28000.0,15/12/2015,INDEFINIDO,ALEXANDERS ARRIAGA HUAMAN,0,-13.5818839,-71.7138844
5,202200137084,97551,97551-050-230822,10282649522,VICENTE FLORES QUISPE,"CIUDAD NUEVA LLOCHEGUA, INTERSECCION DE LA CALLE 4, 5 Y 17 DE LA MZ. O1 ",AYACUCHO,HUANTA,LLOCHEGUA,PUESTO DE VENTA DE COMBUSTIBLE - GRIFOS,C1:3436:Diesel B5 S-50 ,C1:1718:GASOHOL 84 PLUS C2:1718:GASOHOL 90 PLUS ,C1:3250:GASOHOL 84 PLUS C2:3250:GASOHOL 95 PLUS ,C1:6500:GASOHOL 90 PLUS ,C1:6500:Diesel B5 S-50 ,,,,,,26372.0,22/08/2022,23/08/2023,VICENTE FLORES QUISPE,720,-12.4142649,-73.9108079
6,202200181763,20012,20012-050-220922,20490224336,LEOCUPER REPRESENTACIONES EMPRESA INDIVIDUAL DE RESPONSABILIDAD LIMITADA,"AV. INAMBARI MZA. 28, LOTE 13 - MAZUKO",MADRE DE DIOS,TAMBOPATA,INAMBARI,ESTACIONES DE SERVICIOS,C1:5400:Diesel B5 S-50 ,C1:2000:GASOLINA 84 ,C1:1400:Diesel B5 S-50 ,C1:5000:GASOLINA 84 ,C1:5000:GASOLINA 90 ,C1:5000:Diesel B5 S-50 ,,,,,23800.0,22/09/2022,INDEFINIDO,LEONCIO CCORIMANYA USANDIVARES,720,-13.0974726,-70.3682625
7,202300072953,62558,62558-050-200423,10225180721,BERLINA CIERTO ROJAS,LOTE 1 SUBLOTE 3 - ZONA G PARCELACION RUSTICA DEL FUNDO CHACRA CERRO,LIMA,LIMA,COMAS,ESTACIONES DE SERVICIOS,C1:4026:Diesel B5 S-50 ,C1:1646:GASOHOL REGULAR C2:1646:GASOHOL PREMIUM ,C1:2021:GASOHOL PREMIUM ,C1:4000:Diesel B5 S-50 ,C1:2000:GASOHOL PREMIUM C2:2000:GASOHOL REGULAR ,,,,,,17339.0,20/04/2023,INDEFINIDO,BERLINA CIERTO ROJAS,240,-11.9098493,-77.0504198
8,201800000606,133850,133850-050-120118,10096426670,MARCO ANTONIO CORREA VALENZUELA,"SECTOR ILLANYA FRACCION DE LA PARCELA N° 35, CARRET. ABANCAY - CHALHUANCA KM. 07 ",APURIMAC,ABANCAY,ABANCAY,ESTACIONES DE SERVICIOS,C1:9000:Diesel B5 S-50 ,C1:4000:Diesel B5 S-50 ,C1:4000:GASOHOL 90 PLUS ,C1:4000:GASOHOL 95 PLUS ,C1:4000:GASOHOL 97 PLUS ,,,,,,25000.0,12/01/2018,INDEFINIDO,MARCO ANTONIO CORREA VALENZUELA,0,-13.6409983,-72.8814632
9,202100101009,106847,106847-050-120721,10432793961,BUSTAMANTE VALLEJOS MIGUEL ANGEL,KM 2 + 100 CARRETERA FERNANDO BELAUNDE TERRY - SECTOR LOS BOLICHES,LAMBAYEQUE,LAMBAYEQUE,OLMOS,ESTACIONES DE SERVICIOS,C1:2200:Diesel B5 S-50 ,C1:2200:GASOHOL 90 PLUS ,,,,,,,,,4400.0,12/07/2021,INDEFINIDO,MIGUEL ANGEL BUSTAMANTE VALLEJOS,0,-5.9889804,-79.69393939999999
10,201900175165,91157,91157-050-111119,20603239220,ESTACION DE SERVICIO ROBIN E.I.R.L,"AV. LAS ROSAS Nº 620 - AA.HH. LAS ROSAS, MZ. A, LOTE 53, VIA EVITAMIENTO",AYACUCHO,HUAMANGA,JESUS NAZARENO,PUESTO DE VENTA DE COMBUSTIBLE - GRIFOS,C1:6037:Diesel B5 S-50 ,C1:3227:GASOHOL 84 PLUS ,C1:3227:GASOHOL 90 PLUS ,,,,,,,,12491.0,11/11/2019,INDEFINIDO,MARCIAL JANAMPA CUADROS,0,-13.1594275,-74.2167237
11,202200210041,105948,105948-050-141022,20539043782,SERVICENTRO TROYA E.I.R.L.,MZ. PV 16 LOTE 09 SECTOR PUEBLO VIEJO - PUEBLO TRADICIONAL CERCADO BAGUA GRANDE,AMAZONAS,UTCUBAMBA,BAGUA GRANDE,ESTACIONES DE SERVICIOS,C1:3500:Diesel B5 S-50 C2:1500:GASOLINA 84 ,C1:4000:GASOLINA 90 ,C1:2000:GASOHOL 95 PLUS ,,,,,,,,11000.0,14/10/2022,INDEFINIDO,SEGUNDO JAVIER TROYA DELGADO ,0,-5.7566878,-78.4366479
12,202200117204,137063,137063-050-280622,10286018853,ADINA LIMACHE CARDENAS,ESQUINA AV. LA UNION Y JR. MANRIQUE,AYACUCHO,HUANTA,CANAYRE,ESTACIONES DE SERVICIOS,C1:6000:Diesel B5 S-50 ,C1:3000:GASOHOL 90 PLUS C2:3000:GASOHOL 90 PLUS ,,,,,,,,,12000.0,28/06/2022,28/06/2023,ADINA LIMACHE CARDENAS,480,-12.2819013,-74.0251466
13,201400077024,108495,108495-050-210614,20542838494,SERVICENTRO J. AMERICANO S.A.C.,CARRETERA INTEROCEANICA PUERTO MALDONADO-CUSCO KM. 06 (MARGEN IZQUIERDA),MADRE DE DIOS,TAMBOPATA,TAMBOPATA,PUESTO DE VENTA DE COMBUSTIBLE - GRIFOS,C1:8158:Diesel B5 S-50 ,C1:8158:Diesel B5 S-50 ,C1:8158:Diesel B5 S-50 ,C1:6818:GASOLINA 84 ,C1:2687:GASOLINA 90 ,,,,,,33979.0,21/06/2014,INDEFINIDO,JHON AMERICO HUAMAN SALAS ,0,-12.5881812,-69.2188051
14,202100246303,150451,150451-050-141221,20527939471,R & K CONSTRUCTORES S.A.C.,"COMUNIDAD CAMPESINA DE YANAMA, SECTOR AYLLUMAYO",CUSCO,ANTA,ZURITE,ESTACIONES DE SERVICIOS,C1:8160:Diesel B5 S-50 ,C1:8160:Diesel B5 S-50 ,C1:8160:GASOHOL 90 PLUS ,C1:4060:GASOHOL 90 PLUS C2:4040:GASOHOL 95 PLUS ,,,,,,,32580.0,14/12/2021,INDEFINIDO,DUSAN ROBERT QUISPE CAMARGO ,0,-13.4834259,-72.24642899999999
15,201900050948,115584,115584-050-020419,20542821176,GRIFO REY DAVID EMPRESA INDIVIDUAL DE RESPONSABILIDAD LIMITADA,CAR. TRES ISLAS KM. 14 C.C. TUPAC AMARU,MADRE DE DIOS,TAMBOPATA,TAMBOPATA,PUESTO DE VENTA DE COMBUSTIBLE - GRIFOS,C1:10723:Diesel B5 S-50 ,C1:5290:GASOLINA 84 ,,,,,,,,,16013.0,2/04/2019,INDEFINIDO,NIDIA VILMA HUAINA VEGA DE CALLA,0,-12.8563839,-69.097023
16,201900040728,132404,132404-050-150319,10311439923,JUAN ROQUE LIZUNDE CCOICCA,AVENIDA LA CULTURA S/N,APURIMAC,ANDAHUAYLAS,PACUCHA,ESTACIONES DE SERVICIOS,C1:7331:Diesel B5 S-50 ,C1:1339:GASOHOL 90 PLUS C2:1339:GASOHOL 90 PLUS ,,,,,,,,,10009.0,15/03/2019,INDEFINIDO,JUAN ROQUE LIZUNDE CCOICCA,0,-13.5266611,-73.6694169
17,202300078328,8625,8625-050-220423,20527600546,GRIFO DEL CARMEN E.I.R.L.,JR. LIBERTAD N° 212,CUSCO,LA CONVENCION,SANTA ANA,ESTACIONES DE SERVICIOS,C1:8000:Diesel B5 S-50 ,C1:4000:GASOHOL REGULAR ,C1:2150:GASOHOL 84 PLUS ,,,,,,,,14150.0,21/04/2023,11/09/2023,CARINA HUAMAN MEZA DE EVANS,240,-12.863447,-72.6918436
18,202100219671,8909,8909-050-061021,20605571574,COMERCIALIZADORA DE COMBUSTIBLES SANTIAGO S.A.C.,CARRETERA PANAMERICANA SUR KM. 317.5,ICA,ICA,SANTIAGO,ESTACIONES DE SERVICIOS,C1:2000:GASOHOL 95 PLUS ,C1:4200:GASOHOL 90 PLUS ,C1:1000:GASOHOL 84 PLUS ,C1:3000:SIN PRODUCTO ,C1:5000:Diesel B5 S-50 ,,,,,,15200.0,6/10/2021,INDEFINIDO,CESAR AUGUSTO TRIVEÑO GARCIA,0,-14.184565,-75.7145283
19,202000061095,149611,149611-050-130720,20601448689,COMPAÑIA DE COMBUSTIBLES DEL SUR S.A.C.,AV. VILLARREAL MZ. B LOTE. 33 ANEXO VILLARREAL ,LIMA,CAÑETE,IMPERIAL,PUESTO DE VENTA DE COMBUSTIBLE - GRIFOS,C1:4500:Diesel B5 S-50 ,C1:3200:GASOHOL 90 PLUS C2:1300:GASOHOL 95 PLUS ,,,,,,,,,9000.0,13/07/2020,INDEFINIDO,LADY DIANA ESPICHAN CANDELA,0,-11.9096403,-77.0335515
20,202200199559,152431,152431-050-261022,20502097840,SUMINISTROS PETROLEROS S.A.C.,"MZ. DN, LOTES 03,07, 8A, 8B, SECTOR EL PALOMAR, ANEXO 22",LIMA,HUAROCHIRI,SAN ANTONIO,ESTACIONES DE SERVICIOS,C1:6000:Diesel B5 S-50 ,C1:2000:GASOHOL 90 PLUS C2:2000:GASOHOL 95 PLUS ,,,,,,,,,10000.0,26/10/2022,INDEFINIDO,MANUEL GODOY MALLQUI,0,-11.9275108,-76.9605163
21,202100291081,160569,160569-050-100322,20603205856,ESTACION DE SERVICIOS LA BONITA S.A.C.,"VÍA DE ACCESO A ACARÍ S/N, SECTOR MUNCHER",AREQUIPA,CARAVELI,ACARI,ESTACIONES DE SERVICIOS,C1:8100:Diesel B5 S-50 ,C1:2100:GASOHOL 90 PLUS C2:2100:GASOHOL 95 PLUS C3:1050:GASOHOL 98 PLUS ,,,,,,,,,13350.0,10/03/2022,INDEFINIDO,ERICK ESTEBAN CASALINO JORDAN,0,-15.4384565,-74.6180833
22,202000033540,42090,42090-050-260220,20452694698,SERVICENTRO POSBEN S.A.C.,CARRETA PANAMERICANA SUR KM 290.7,ICA,ICA,SALAS,ESTACIONES DE SERVICIOS,C1:3000:Diesel B5 S-50 ,C1:3000:GASOHOL 98 PLUS ,C1:3000:GASOHOL 90 PLUS ,C1:3000:GASOHOL 95 PLUS ,C1:6000:Diesel B5 S-50 ,C1:3000:Diesel B5 S-50 ,C1:2000:GASOHOL 84 PLUS ,,,,23000.0,26/02/2020,INDEFINIDO,FELIX GERMAN POSADAS CABRERA,0,-13.9320433,-75.9104798
23,201700122034,130463,130463-050-100817,20601646201,GRIFO VILLA HERMOSA JULIACA S.A.C.,"JR.SUCRE N°1277,ESQUINA CON JR. MIRAFLORES",PUNO,SAN ROMAN,JULIACA,PUESTO DE VENTA DE COMBUSTIBLE - GRIFOS,C1:6586:Diesel B5 S-50 ,C1:3951:GASOHOL 90 PLUS ,C1:3951:GASOHOL 95 PLUS ,C1:6586:GASOHOL 84 PLUS ,,,,,,,21074.0,10/08/2017,INDEFINIDO,HILDA ARO ARO,0,-15.4856422,-70.1230514
24,202000033537,43772,43772-050-260220,10417457220,SORAYDA KALA HUAMAN,"CRUCE CARRETERA PANAMERICANA SUR CON CARRETERA AREQUIPA-MAJES-CAMANA, SECTOR “EL SOLITARIO”",AREQUIPA,CAYLLOMA,MAJES,PUESTO DE VENTA DE COMBUSTIBLE - GRIFOS,C1:3927:Diesel B5 S-50 ,C1:1947:GASOHOL 90 PLUS ,C1:1957:SIN PRODUCTO ,C1:5260:Diesel B5 S-50 ,,,,,,,13091.0,26/02/2020,INDEFINIDO,SORAYDA KALA HUAMAN,0,-16.3499293,-72.18553949999999
25,201800209483,18587,18587-050-271218,20602517099,ESTACION DE SERVICIOS MARIA ANGELINA & VALENTINA E.I.R.L.,MARISCAL CACERES N° 217,LORETO,ALTO AMAZONAS,YURIMAGUAS,ESTACIONES DE SERVICIOS,C1:6000:DIESEL B5 ,C1:6000:DIESEL B5 ,C1:3000:GASOLINA 84 ,C1:2996:GASOLINA 90 ,C1:3800:SIN PRODUCTO ,,,,,,21796.0,27/12/2018,INDEFINIDO,MARILU FLORES CASTRO,0,-5.8966767,-76.10676269999999
26,202200164538,105492,105492-050-101122,20530043186,ESTACION DE SERVICIOS AYPATE E.I.R.L.,AV. CHANURAN S/N,PIURA,AYABACA,AYABACA,ESTACIONES DE SERVICIOS,C1:1000:GASOHOL 84 PLUS C2:2000:GASOHOL 90 PLUS ,C1:5000:Diesel B5 S-50 ,,,,,,,,,8000.0,10/11/2022,INDEFINIDO,FLORENTINO GARCIA VELASQUEZ,0,-4.6433595,-79.72567230000001
27,201800209468,130362,130362-050-181218,20600626109,CORPORACION GLESB E.I.R.L.,CARRETERA CAMPO ARMIÑO NORESTE L4-09,HUANCAVELICA,TAYACAJA,COLCABAMBA,ESTACIONES DE SERVICIOS,C1:4000:Diesel B5 S-50 ,C1:1500:GASOHOL 90 PLUS C2:1500:GASOHOL 95 PLUS ,,,,,,,,,7000.0,18/12/2018,INDEFINIDO,PEDRO ANTONIO FLORES SINCHI,0,-12.4679321,-74.6350266
28,201700030801,120556,120556-050-020317,20480099720,INVERSIONES Y SERVICIOS ALEX & LALITO EIRL,AV. EUFEMIO LORA Y LORA N° 2450,LAMBAYEQUE,CHICLAYO,JOSE LEONARDO ORTIZ,ESTACIONES DE SERVICIOS,"C1:5125:DIESEL B5,Diesel B5 S-50 ","C1:4148:DIESEL B5,Diesel B5 S-50 ",C1:1138:GASOHOL 95 PLUS ,C1:1138:GASOHOL 90 PLUS ,C1:1138:GASOHOL 84 PLUS ,,,,,,12687.0,2/03/2017,INDEFINIDO,EDIS DIAZ PEREZ,0,-6.7557031,-79.8592436
29,201800112619,113006,113006-050-130718,10200647799,MARISOL PALACIOS COLONIO,"CALLE CAMPO ARMIÑO S/N MZ. F-4, SECTOR NOR ESTE",HUANCAVELICA,TAYACAJA,COLCABAMBA,ESTACIONES DE SERVICIOS,C1:5000:Diesel B5 S-50 ,C1:500:GASOHOL 90 PLUS C2:850:GASOHOL 90 PLUS ,,,,,,,,,6350.0,13/07/2018,INDEFINIDO,MARISOL PALACIOS COLONIO,0,-12.4679321,-74.6350266
30,202000059239,145574,145574-050-250520,20600890469,GRIFO SOL DE SELVA S.A.C.,CARRETERA FERNANDO BELAUNDE TERRY KM 68 (CASERIO NUEVA UNION) ,SAN MARTIN,PICOTA,CASPISAPA,ESTACIONES DE SERVICIOS,C1:3000:Diesel B5 S-50 ,C1:3000:Diesel B5 S-50 ,C1:1500:GASOLINA 84 C2:1500:GASOLINA 90 ,,,,,,,,9000.0,25/05/2020,INDEFINIDO,IRMA MILAGROS DELGADO MORALES,0,-6.9283559,-76.39770299999999
31,202300070894,96562,96562-050-310323,20486100215,REPRESENTACIONES SOSA S.A.C.,AV. MANUEL A. PINTO N° 403 SECTOR HUASA HUASI,JUNIN,CHANCHAMAYO,CHANCHAMAYO,ESTACIONES DE SERVICIOS,C1:1500:SIN PRODUCTO ,C1:4100:Diesel B5 S-50 ,C1:4500:GASOHOL REGULAR ,C1:2300:GASOHOL PREMIUM C2:1500:SIN PRODUCTO ,,,,,,,13900.0,31/03/2023,INDEFINIDO,LUCY JOWANY YARO BALBIN,480,-11.058612,-75.3328684
32,202200169121,37465,37465-050-051022,20601223334,PETROLL SUR II S.R.L.,AV. VENEZUELA N° 219,AREQUIPA,AREQUIPA,AREQUIPA,PUESTO DE VENTA DE COMBUSTIBLE - GRIFOS,C1:5000:GASOHOL 90 PLUS ,C1:5000:GASOHOL 90 PLUS ,C1:2000:Diesel B5 S-50 ,C1:2000:Diesel B5 S-50 ,C1:2500:GASOHOL 95 PLUS ,C1:3500:SIN PRODUCTO ,C1:5000:GASOHOL 90 PLUS ,C1:5000:Diesel B5 S-50 ,,,30000.0,5/10/2022,INDEFINIDO,CARLOS RAFAEL JUSTO OVIEDO ,0,-16.4043736,-71.5199324
33,202300035046,166268,166268-050-280223,20609568306,ESTACION DE SERVICIOS LA PERLA DEL HUASCAYACU S.A.C.,JR. BAGUA S/N – CENTRO POBLADO PUEBLO LIBRE,SAN MARTIN,MOYOBAMBA,MOYOBAMBA,ESTACIONES DE SERVICIOS,C1:4000:GASOLINA 90 ,C1:4000:GASOLINA 84 ,C1:3000:Diesel B5 S-50 ,,,,,,,,11000.0,28/02/2023,INDEFINIDO,CASTREJON RAMIREZ WILLAN,0,-5.877680499999999,-77.1226288
34,201900035420,7264,7264-050-070319,20446357396,SERVICENTRO SANTA CLARA S.A.C,CARRETERA HUACHO-SAYAN CRUCE SAN BOSCO S/N. - CENTRO POBLADO IRRIGACION SANTA ROSA.,LIMA,HUAURA,SAYAN,ESTACIONES DE SERVICIOS,C1:2400:GASOHOL 90 PLUS ,C1:4000:Diesel B5 S-50 ,C1:1160:GASOHOL 95 PLUS ,C1:1160:GASOHOL 98 PLUS ,,,,,,,8720.0,7/03/2019,INDEFINIDO,MIRIAN ZENAIDA ZAMUDIO HUERTA,0,-11.2169018,-77.4142176
35,202200131471,163767,163767-050-051022,20601399297,INVERSIONES KELMAIN S.A.C.,SECTOR YACUCUICA (REFERENCIA CARRETERA - AYACUCHO HUANTA KM 11),AYACUCHO,HUAMANGA,JESUS NAZARENO,ESTACIONES DE SERVICIOS,C1:8000:Diesel B5 S-50 ,C1:8000:GASOHOL 90 PLUS ,C1:4000:GASOHOL 95 PLUS C2:4000:GASOHOL 97 PLUS ,,,,,,,,24000.0,5/10/2022,INDEFINIDO,MAXIMINA PALOMINO VENTURA,0,-13.1590999,-74.2209399
36,202000056552,18586,18586-050-160520,20105300914,SERVICENTRO SECHURA E.I.R.L.,AV. PRIMAVERA URB. LA RIVERA S/N,PIURA,SECHURA,SECHURA,ESTACIONES DE SERVICIOS,C1:5000:Diesel B5 S-50 ,C1:5000:GASOHOL 84 PLUS ,C1:5000:GASOHOL 90 PLUS ,C1:5000:GASOHOL 95 PLUS ,,,,,,,20000.0,16/05/2020,INDEFINIDO,MENDOZA DE CURO FLORA,0,-5.5530021,-80.8213869
37,202000198646,101659,101659-050-301220,10286904799,ANDRES CORCINO PALOMINO CCORAHUA,AV. ANCCARA S/N. MZ H LT 7 Y 8 - BARRIO BELLAVISTA,HUANCAVELICA,ANGARAES,LIRCAY,PUESTO DE VENTA DE COMBUSTIBLE - GRIFOS,C1:4000:Diesel B5 S-50 ,C1:2000:GASOHOL 90 PLUS C2:2000:GASOHOL 95 PLUS ,,,,,,,,,8000.0,30/12/2020,INDEFINIDO,ANDRES CORCINO PALOMINO CCORAHUA,0,-12.9944858,-74.72379509999999
38,201900035423,92959,92959-050-080319,20407837178,ESTACION DE SERVICIO LOS MEDANOS S.A.C.,"CARRETERA HUACHO - SAYAN, MZ. D, LT. 4 - LOS MEDANOS, SECTOR IRRIGACION SANTA ROSA",LIMA,HUAURA,SAYAN,ESTACIONES DE SERVICIOS,C1:2833:GASOHOL 95 PLUS ,C1:2819:GASOHOL 98 PLUS ,C1:2899:GASOHOL 90 PLUS ,C1:2833:Diesel B5 S-50 ,,,,,,,11384.0,8/03/2019,INDEFINIDO,MIRIAN ZENAIDA ZAMUDIO HUERTA,0,-11.2348932,-77.3790965
39,202300086966,108444,108444-050-210423,20609536196,INVERSIONES PETROLUZ S.A.C.,CARRETERA MARGINAL KM. 43 SECTOR PUENTE PUCHARINI,JUNIN,CHANCHAMAYO,PERENE,PUESTO DE VENTA DE COMBUSTIBLE - GRIFOS,C1:5323:Diesel B5 S-50 ,C1:1786:GASOHOL REGULAR ,C1:1763:GASOHOL PREMIUM ,,,,,,,,8872.0,21/04/2023,INDEFINIDO,POMA YARO WALTER SAMUEL,0,-10.8812955,-75.06111469999999
40,202200081212,7255,7255-050-050522,20517849368,FULL OILS PETRO SOCIEDAD ANONIMA CERRADA-FULL OILS PETRO S.A.C.,AV. REVOLUCION N° 783 PRIMERA ZONA - COLLIQUE,LIMA,LIMA,COMAS,ESTACIONES DE SERVICIOS,C1:3000:GASOHOL 90 PLUS ,C1:3000:GASOHOL 95 PLUS ,C1:6000:Diesel B5 S-50 ,C1:6000:SIN PRODUCTO ,,,,,,,18000.0,5/05/2022,INDEFINIDO,ELVA GLADIS GUARDAMINO CHAPARRO,0,-11.9149149,-77.0347194
41,202300090587,147633,147633-050-130523,20603782756,ESTACION DE SERVICIOS AMAZONS TRAVELS E.I.R.L.,"MZ N1, LOTE 11, 12, 13 AA.HH. LA TUNA",AMAZONAS,CONDORCANQUI,NIEVA,ESTACIONES DE SERVICIOS,C1:3300:Diesel B5 S-50 ,C1:3145:GASOLINA REGULAR C2:1900:GASOLINA PREMIUM ,,,,,,,,,8345.0,13/05/2023,INDEFINIDO,WINNIE KIMBERLY SOLANGE SILVA CORONEL,720,-4.6040625,-77.8714375
42,202200062418,157600,157600-050-130522,10022880395,ZARATE CUNO MARIA FORTUNATA,"ESQUINA ENTRE LOS JIRONES ATAHUALPA Y TUPAC AMARU SUB LOTE 1-A, MZ. G",PUNO,MELGAR,AYAVIRI,PUESTO DE VENTA DE COMBUSTIBLE - GRIFOS,C1:3000:Diesel B5 S-50 ,C1:2000:GASOHOL 84 PLUS ,C1:2500:GASOHOL 90 PLUS ,C1:2500:GASOHOL 90 PLUS ,,,,,,,10000.0,13/05/2022,INDEFINIDO,ZARATE CUNO MARIA FORTUNATA,0,-14.8842942,-70.5889612
43,202200238410,7251,7251-050-110123,20606639270,INVERSION QUINTO LYR E.I.R.L.,"AV. JUAN VELASCO ALVARADO N° 811-813-815 Y 817, COOP. VALLE DE SHARON",LIMA,LIMA,SAN JUAN DE MIRAFLORES,PUESTO DE VENTA DE COMBUSTIBLE - GRIFOS,C1:1350:GASOHOL 90 PLUS ,C1:3000:GASOHOL 84 PLUS ,C1:3000:Diesel B5 S-50 ,C1:1550:GASOHOL 95 PLUS ,,,,,,,8900.0,11/01/2023,INDEFINIDO,LUIS ALBERTO CALDERON VALENCIA,120,-12.1722077,-76.9650961
44,201700068551,14380,14380-050-180517,20490575554,SERVICENTRO EL ARCO S.R.L.,AV. TAMBURCO S/N-URB. MIRAFLORES,APURIMAC,ABANCAY,TAMBURCO,ESTACIONES DE SERVICIOS,C1:4000:Diesel B5 S-50 ,C1:4000:Diesel B5 S-50 ,C1:1500:GASOHOL 84 PLUS ,C1:2000:GASOHOL 90 PLUS C2:1500:GASOHOL 95 PLUS ,,,,,,,13000.0,18/05/2017,INDEFINIDO,KARLA SADITH SANTA CRUZ VARGAS,0,-13.6240516,-72.8746323
45,202300072913,141616,141616-050-140423,20600834925,NEGOCIOS CORPORATIVOS MB S.A.C.,AV. TAHUANTINSUYO - BARRIO HUAYCHAUHUACCANA S/N,AYACUCHO,VILCAS HUAMAN,VILCAS HUAMAN,ESTACIONES DE SERVICIOS,C1:6000:Diesel B5 S-50 ,C1:3000:GASOHOL REGULAR ,,,,,,,,,9000.0,14/04/2023,INDEFINIDO,ISABEL CRISTINA BERTO HUAMAN,0,-13.6544169,-73.9502507
46,202300090148,97728,97728-050-040523,20610712216,GRUPO CAYNARACHI S.A.C.,CARRETERA TARAPOTO-YURIMAGUAS KM 55.06,SAN MARTIN,LAMAS,CAYNARACHI,PUESTO DE VENTA DE COMBUSTIBLE - GRIFOS,C1:1800:Diesel B5 S-50 ,C1:1240:Diesel B5 S-50 ,C1:1800:GASOLINA 90 ,C1:589:GASOLINA 84 ,,,,,,,5429.0,4/05/2023,INDEFINIDO,MEDINA RENGIFO MANUELA DE JESUS,0,-6.0069082,-76.240192
47,201800165796,138985,138985-050-231018,10462910741,YONY BEDRILLANA QUISPE,CARRETERA AYACUCHO-SECCELAMBRAS (ALTURA KM. 40),AYACUCHO,HUAMANGA,ACOCRO,ESTACIONES DE SERVICIOS,C1:5360:Diesel B5 S-50 ,C1:4000:GASOHOL 90 PLUS ,,,,,,,,,9360.0,23/10/2018,INDEFINIDO,YONY BEDRILLANA QUISPE,0,-13.2579213,-74.0761229
48,201800073962,7043,7043-050-070518,10199309825,LUCIO ARTURO CARRION CARRERA ,AV. LAS AMERICAS N° 2850,JUNIN,HUANCAYO,PILCOMAYO,ESTACIONES DE SERVICIOS,C1:10000:GASOHOL 95 PLUS ,C1:10000:Diesel B5 S-50 ,C1:10000:Diesel B5 S-50 ,C1:10000:GASOHOL 90 PLUS ,,,,,,,40000.0,7/05/2018,INDEFINIDO,LUCIO ARTURO CARRION CARRERA ,0,-12.0431084,-75.253896
49,202100193458,147933,147933-050-030921,20448092900,ETRACONSAN S.A.,"ESQUINA JR. ARENALES, JR. SANTA CRUZ Y AV. CIRCUNVALACION S/N",PUNO,SAN ANTONIO DE PUTINA,ANANEA,PUESTO DE VENTA DE COMBUSTIBLE - GRIFOS,C1:9220:Diesel B5 S-50 ,C1:9220:Diesel B5 S-50 ,C1:3951:GASOHOL 95 PLUS ,C1:3951:GASOHOL 90 PLUS ,,,,,,,26342.0,3/09/2021,INDEFINIDO,PORTILLO MAMANI MOISES SALVADOR,0,-14.6777581,-69.53567579999999
50,202300086970,19898,19898-050-250423,10200257630,MAXIMILIANO JOAQUIN ATAO CAJA,"AV. JUAN SANTOS ATAHUALPA S/N KM. 93, SECTOR HUACARA",JUNIN,CHANCHAMAYO,SAN RAMON,PUESTO DE VENTA DE COMBUSTIBLE - GRIFOS,C1:3065:Diesel B5 S-50 ,C1:2000:GASOHOL PREMIUM C2:1650:GASOHOL REGULAR ,,,,,,,,,6715.0,25/04/2023,INDEFINIDO,MAXIMILIANO JOAQUIN ATAO CAJA,720,-11.1260175,-75.3613535
51,201900107821,32640,32640-050-080719,20530745024,SERVICENTRO HUALLANCA S.R.L.,AV. AREQUIPA S/N,ANCASH,BOLOGNESI,HUALLANCA,ESTACIONES DE SERVICIOS,C1:2500:GASOHOL 95 PLUS C2:2500:GASOHOL 90 PLUS ,C1:6000:Diesel B5 S-50 ,,,,,,,,,11000.0,8/07/2019,INDEFINIDO,JUAN EDGARDO MATOS VALVERDE,0,-9.8975064,-76.9398195
52,202000104363,150597,150597-050-170820,20603611030,MULTISERVICIOS FLARMIA SOCIEDAD COMERCIAL DE RESPONSABILIDAD LIMITADA,AV. CIRCUNVALACION N° 1899 ESQUINA CON JR. CARACOTO - URB. SELVA ALEGRE,PUNO,SAN ROMAN,JULIACA,PUESTO DE VENTA DE COMBUSTIBLE - GRIFOS,C1:5000:Diesel B5 S-50 ,C1:2500:GASOHOL 84 PLUS ,C1:2500:GASOHOL 90 PLUS ,C1:2500:GASOHOL 95 PLUS ,,,,,,,12500.0,17/08/2020,INDEFINIDO,LUZ MERY CALSIN QUISPE ,0,-15.5020152,-70.1179653
53,202100061663,8911,8911-050-250521,20542902338,EMPRESA DE TRANSPORTES DE RESIDUOS SOLIDOS GAMEZ E.I.R.L.,AV. LAMBAYEQUE / CALLE SAN FERNANDO Nº 299 P.J. SANTA ANA,LAMBAYEQUE,CHICLAYO,JOSE LEONARDO ORTIZ,PUESTO DE VENTA DE COMBUSTIBLE - GRIFOS,C1:4580:Diesel B5 S-50 ,C1:1756:Diesel B5 S-50 ,C1:2820:GASOHOL 90 PLUS ,,,,,,,,9156.0,25/05/2021,INDEFINIDO,ELMER MARIEL LLAMO VASQUEZ,0,-6.7477021,-79.8498096
54,202200256887,62603,62603-050-181222,20607978868,ESTACION DE SERVICIO CASTRO S.R.L.,CARRETERA NAZCA PUQUIO KM 2.5,ICA,NAZCA,NAZCA,ESTACIONES DE SERVICIOS,C1:2900:Diesel B5 S-50 ,C1:2900:GASOHOL 90 PLUS ,C1:1450:GASOHOL 95 PLUS ,C1:3650:Diesel B5 S-50 ,,,,,,,10900.0,18/12/2022,INDEFINIDO,LIZARDO GIAMPIER HUARCAYA ACOSTA,0,-14.8295462,-74.8851856
55,201500037184,43627,43627-050-170615,20557125737,GRIFOS SOYUZ S.A.,AV. MEXICO N° 333,LIMA,LIMA,LA VICTORIA,PUESTO DE VENTA DE COMBUSTIBLE - GRIFOS,C1:4000:GASOHOL 95 PLUS ,C1:4000:GASOHOL 90 PLUS C2:4000:GASOHOL 97 PLUS ,C1:15000:Diesel B5 S-50 ,,,,,,,,27000.0,10/04/2015,INDEFINIDO,LUIS ENRIQUE FLORES FERNANDEZ,0,-12.0757626,-77.02673209999999
56,201700172575,18790,18790-050-161017,20558258404,SERVICENTRO LADI E.I.R.L.,PANAMERICANA SUR KM. 931.5,AREQUIPA,AREQUIPA,SANTA RITA DE SIGUAS,PUESTO DE VENTA DE COMBUSTIBLE - GRIFOS,C1:6000:GASOHOL 95 PLUS ,C1:2000:SIN PRODUCTO ,C1:2000:SIN PRODUCTO ,C1:6000:Diesel B5 S-50 ,C1:6000:GASOHOL 90 PLUS ,,,,,,22000.0,16/10/2017,INDEFINIDO,ELISA ELSA CARDENAS TAMO,0,-16.39827,-72.0827459
57,201600034976,89004,89004-050-140316,20600716833,TPA SERVICENTRO S.R.L.,KM 1204 CARRETERA PANAMERICANA SUR SECTOR ALTO CAMIARA,TACNA,JORGE BASADRE,ITE,ESTACIONES DE SERVICIOS,C1:3300:GASOHOL 90 PLUS ,C1:2000:GASOHOL 95 PLUS ,C1:7250:Diesel B5 S-50 ,,,,,,,,12550.0,14/03/2016,INDEFINIDO,TEODORA PUMA ALLASE,0,-17.6488395,-70.8982211
58,201300145141,8508,8508-050-090913,20451433254,SERVICENTRO CESAR S.R.L.,AV. ALFONSO UGARTE N° 700-712 ESQ. CON BOLOGNESI N° 1296,LORETO,MAYNAS,IQUITOS,PUESTO DE VENTA DE COMBUSTIBLE - GRIFOS,C1:3542:GASOLINA 90 ,C1:5054:DIESEL B5 ,C1:2549:SIN PRODUCTO ,C1:5548:GASOLINA 84 ,,,,,,,16693.0,9/09/2013,INDEFINIDO,CESAR RIOS CARDENAS,240,-3.757522299999999,-73.25422809999999
59,201700220526,14534,14534-050-271217,20281453492,GRIFO JOSE OLAYA E.I.R.L.,AV. JOSÉ OLAYA Nº 548,JUNIN,HUANCAYO,HUANCAYO,PUESTO DE VENTA DE COMBUSTIBLE - GRIFOS,C1:3000:GASOHOL 95 PLUS ,C1:7900:Diesel B5 S-50 ,C1:5150:GASOHOL 90 PLUS ,C1:4160:GASOHOL 98 PLUS ,C1:4160:SIN PRODUCTO ,,,,,,24370.0,27/12/2017,INDEFINIDO,PEPE JUAN CHUQUILLANQUI ALIAGA,0,-12.0305585,-75.2370348
60,201800145683,9070,9070-050-060918,20600716833,TPA SERVICENTRO S.R.L.,"CARRETERA COSTANERA AL SUR, MANZANA D3 LOTE 23",MOQUEGUA,ILO,ILO,PUESTO DE VENTA DE COMBUSTIBLE - GRIFOS,C1:3800:GASOHOL 95 PLUS ,C1:5400:GASOHOL 90 PLUS ,C1:5400:Diesel B5 S-50 ,,,,,,,,14600.0,6/09/2018,INDEFINIDO,GEORGE STOP SANCHEZ HENRIQUEZ,0,-17.6436453,-71.3066303
61,202000108330,18709,18709-050-210820,20378937061,NEGOCIACIONES J.C.A. S.R.L.,"AV. NICOLAS DE PIEROLA ESQ. CON CALLE 20, MZ. K, LOTE 8, COOPERATIVA DE VIVIENDA MANYLSA LTDA. N° 476",LIMA,LIMA,ATE,PUESTO DE VENTA DE COMBUSTIBLE - GRIFOS,C1:5000:Diesel B5 S-50 ,C1:2000:GASOHOL 90 PLUS ,C1:1000:GASOHOL 95 PLUS ,C1:1000:GASOHOL 98 PLUS ,,,,,,,9000.0,21/08/2020,INDEFINIDO,CALIXTO MANUEL SALINAS IPARRAGUIRRE,0,-12.0983618,-76.9625149
62,1550644,8956,0013-GRIF-11-2002,20310552021,ESTACION DE SERVICIO SAN CRISTOBAL S.A.C,PANAMERICANA SUR KM. 193,ICA,CHINCHA,GROCIO PRADO,PUESTO DE VENTA DE COMBUSTIBLE - GRIFOS,C1:3000:GASOLINA 95 ,C1:3000:GASOLINA 90 ,C1:6000:GASOLINA 84 ,C1:6000:DIESEL 2 ,,,,,,,18000.0,20/07/2005,INDEFINIDO,"NUÑEZ PATIÑO, JEANNE YUL",0,-13.4089281,-76.1669764
63,201900206836,18295,18295-050-080222,20601659671,SERVICENTRO TRES ESTRELLAS S.A.C.,VIA CUSCO - URCOS KM. 39,CUSCO,QUISPICANCHI,HUARO,ESTACIONES DE SERVICIOS,C1:10590:Diesel B5 S-50 ,C1:3990:GASOHOL 90 PLUS ,C1:2665:GASOHOL 95 PLUS ,C1:10626:Diesel B5 S-50 ,C1:10626:GASOHOL 90 PLUS ,,,,,,38497.0,4/02/2022,INDEFINIDO,MAMANI QUISPE MARTHA,0,-13.6908547,-71.6421194
64,202000060712,82358,82358-050-290520,20566149401,ESTACIONES DEL NORTE S.A.C.,AV. GRAU S/N PANAMERICANA NORTE KM. 1168 BARRIO LETICIA,PIURA,TALARA,MANCORA,ESTACIONES DE SERVICIOS,C1:1500:GASOHOL 90 PLUS C2:1000:GASOHOL 95 PLUS ,C1:2500:Diesel B5 S-50 ,,,,,,,,,5000.0,29/05/2020,INDEFINIDO,MARCELO LOAYZA VICENTE ENRIQUE,0,-4.092758,-81.024864
65,202000056599,18434,18434-050-170520,20605183434,ESTACION DE SERVICIOS R & Z DE TUMBES E.I.R.L.,PANAMERICANA NORTE - KM N.º 1267 AA.HH. PUEBLO NUEVO,TUMBES,TUMBES,TUMBES,ESTACIONES DE SERVICIOS,C1:6500:GASOHOL 90 PLUS ,C1:3950:GASOHOL 95 PLUS ,C1:6500:Diesel B5 S-50 ,C1:6500:Diesel B5 S-50 ,C1:6500:Diesel B5 S-50 ,C1:2000:GASOHOL 90 PLUS C2:2500:GASOHOL 84 PLUS C3:2000:GASOHOL 95 PLUS ,,,,,36450.0,17/05/2020,INDEFINIDO,DANTE OMAR CORDOVA RIVERA,0,-3.553831,-80.4290114
66,202200012914,160466,160466-050-180222,20608797433,CORPORACION SWV PETROGAS,CARRETERA IQUITOS NAUTA KM 57.5,LORETO,MAYNAS,SAN JUAN BAUTISTA,ESTACIONES DE SERVICIOS,C1:3371:GASOLINA 84 C2:2022:GASOLINA 90 ,C1:2696:DIESEL B5 ,,,,,,,,,8089.0,18/02/2022,INDEFINIDO,WALTER JUNIOR VASQUEZ QUESADA,720,-4.0471722,-73.4378896
67,202200075511,162517,162517-050-060822,20600166621,ESTACION DE SERVICIOS RURAL ALIANZA SOCIEDAD ANONIMA CERRADA,CARRETERA INTEROCEANICA SUR KM. 186+618,PUNO,CARABAYA,MACUSANI,PUESTO DE VENTA DE COMBUSTIBLE - GRIFOS,C1:8000:Diesel B5 S-50 ,C1:6000:GASOHOL 84 PLUS ,C1:3147:GASOHOL 95 PLUS ,C1:5000:GASOHOL 90 PLUS ,,,,,,,22147.0,6/08/2022,INDEFINIDO,GREGORIO MILTON ARIEL MAMANI FRISANCHO,0,-14.0690784,-70.4280632
68,201900199262,115600,115600-050-021219,20572216315,INVERSIONES Y SERVICIOS PETROMAX E.I.R.L.,ESQ. DE LA AVENIDA LEONCIO PRADO N° 1008 CON JR. ALFONSO UGARTE N° 256,SAN MARTIN,TOCACHE,UCHIZA,ESTACIONES DE SERVICIOS,C1:2000:GASOLINA 95 C2:3000:GASOLINA 90 ,C1:2000:GASOLINA 90 C2:4000:Diesel B5 S-50 ,,,,,,,,,11000.0,2/12/2019,INDEFINIDO,SANTOS CELIA SANCHEZ VARAS,720,-8.289552400000002,-76.317414
69,202200166695,134502,134502-050-260822,10282867538,JUAN JORGE ARANGO,CARRETERA SAN ANTONIO - CENTRO POBLADO LECHEMAYO,AYACUCHO,LA MAR,ANCO,ESTACIONES DE SERVICIOS,C1:3000:GASOHOL 90 PLUS ,C1:3000:GASOHOL 90 PLUS ,C1:3000:Diesel B5 S-50 ,C1:3000:Diesel B5 S-50 ,,,,,,,12000.0,26/08/2022,26/08/2023,JUAN JORGE ARANGO ,0,-13.0093071,-73.5133973
70,201600173681,125188,125188-050-100117,20363544615,SERVICENTRO SAROHI S.R.L. ,"CIRCUNVALACIÓN ESTE-JOSE IGNACIO MIRANDA URB. ALEXANDER MZ. A5 LOTE 1,2,3 Y 20",PUNO,SAN ROMAN,JULIACA,PUESTO DE VENTA DE COMBUSTIBLE - GRIFOS,C1:5000:GASOHOL 84 PLUS ,C1:5000:Diesel B5 S-50 ,C1:5000:GASOHOL 90 PLUS ,C1:5000:GASOHOL 95 PLUS ,C1:5000:Diesel B5 S-50 ,C1:5000:Diesel B5 S-50 ,,,,,30000.0,10/01/2017,INDEFINIDO,JOHANNA CLAUDIA SUAREZ CRUZ,0,-15.5188447,-70.109113
71,201800113715,7352,7352-050-180718,20603157941,CIA. HEROS E.I.R.L.,AV. ARANCOTA N° 100-104-106,AREQUIPA,AREQUIPA,SACHACA,PUESTO DE VENTA DE COMBUSTIBLE - GRIFOS,C1:4250:Diesel B5 S-50 ,C1:2750:GASOHOL 90 PLUS ,C1:2750:GASOHOL 95 PLUS ,,,,,,,,9750.0,18/07/2018,INDEFINIDO,HERNANI CUSI JUSTO GERMAN,0,-16.4330996,-71.567561
72,202000086842,109668,109668-050-210720,10432793961,BUSTAMANTE VALLEJOS MIGUEL ANGEL,KM. 14 CARRETERA PÍTIPO-BATANGRANDE-CASERÍO LOS AGUILARES,LAMBAYEQUE,FERREÑAFE,PITIPO,ESTACIONES DE SERVICIOS,C1:2287:Diesel B5 S-50 ,C1:1143:GASOHOL 84 PLUS ,C1:1143:GASOHOL 90 PLUS ,,,,,,,,4573.0,21/07/2020,INDEFINIDO,BUSTAMANTE VALLEJOS MIGUEL ANGEL,0,-6.4814437,-79.65161400000001
73,202200108308,18425,18425-050-140622,20609328674,GRIFO LINO SOCIEDAD COMERCIAL DE RESPONSABILIDAD LIMITADA - GRIFO LINO S.R.L.,"AV. ANDRES AVELINO CACERES S/N, ESQUINA CALLE C",MOQUEGUA,ILO,PACOCHA,PUESTO DE VENTA DE COMBUSTIBLE - GRIFOS,C1:5093:Diesel B5 S-50 ,C1:3340:GASOHOL 90 PLUS ,C1:2215:GASOHOL 95 PLUS ,C1:3340:GASOHOL 97 PLUS ,C1:2224:GASOHOL 95 PLUS ,,,,,,16212.0,14/06/2022,INDEFINIDO,ELARD RODRIGO SAAVEDRA BARRIGA,0,-17.6179629,-71.3412245
74,201900180348,16702,16702-050-040220,20536210238,GRUPO RANESI S.A.C.,AV. CIRCUNVALACION LT. 34 ASOCIACION DIGNIDAD NACIONAL HUACHIPA - SANTA MARIA DE HUACHIPA,LIMA,LIMA,LURIGANCHO,ESTACIONES DE SERVICIOS,C1:3000:SIN PRODUCTO ,C1:3000:GASOHOL 95 PLUS ,C1:4000:Diesel B5 S-50 C2:2500:GASOHOL 90 PLUS ,,,,,,,,12500.0,4/02/2020,INDEFINIDO,PATRICIA CECILIA ALIAGA ANCIETA,0,-12.0140842,-76.91625239999999
75,202000014430,109510,109510-050-290120,20605782001,SERVICENTRO CURIMANA S.R.L.,AV. CURIMANA ESQ. JR. DOS DE MAYO MZ. 49 LT. 10,UCAYALI,PADRE ABAD,CURIMANA,PUESTO DE VENTA DE COMBUSTIBLE - GRIFOS,C1:2500:DIESEL B5 ,C1:2500:GASOLINA 90 ,,,,,,,,,5000.0,29/01/2020,INDEFINIDO,LESLY LINDA VASQUEZ MEZA,480,-8.4343931,-75.1538084
76,202000134048,41562,41562-050-071020,20605869328,PETROLEMP GROUP S.A.C.,"JR. CUSCO MZ. E-8 LOTE 14 A1, TABLADA DE LURIN",LIMA,LIMA,VILLA MARIA DEL TRIUNFO,PUESTO DE VENTA DE COMBUSTIBLE - GRIFOS,C1:5000:Diesel B5 S-50 ,C1:3000:GASOHOL 95 PLUS C2:2000:GASOHOL 90 PLUS ,C1:2500:SIN PRODUCTO ,,,,,,,,12500.0,7/10/2020,INDEFINIDO,LUIS ENRIQUE MENDOZA PECEROS,0,-12.1454846,-76.93650149999999
77,202200230251,147898,147898-050-271122,20601898871,INVERSIONES OREPAL S.A.C.,CARRETERA MARGINAL N° 2091 ,JUNIN,SATIPO,MAZAMARI,ESTACIONES DE SERVICIOS,C1:8000:Diesel B5 S-50 ,C1:4000:GASOHOL 90 PLUS C2:2000:GASOHOL 97 PLUS C3:2000:GASOHOL 84 PLUS ,,,,,,,,,16000.0,27/11/2022,27/11/2023,AURELIO MAURO ORELLANA RAMOS ,0,-11.225777,-74.6280082
78,202200068195,9273,9273-050-290522,20603782250,EL OLAM COMPAÑÍA OPERADORA DE SERVICIOS MÚLTIPLES S.A.C.,AV. MANUEL ODRIA N° 1848 ,JUNIN,TARMA,TARMA,ESTACIONES DE SERVICIOS,C1:7000:GASOHOL 95 PLUS ,C1:7000:Diesel B5 S-50 ,C1:7000:GASOHOL 90 PLUS ,C1:7000:Diesel B5 S-50 ,C1:7000:SIN PRODUCTO ,,,,,,35000.0,29/05/2022,INDEFINIDO,JULCARIMA VENTOCILLA ALEX ANGEL,720,-11.4082743,-75.6842107
79,201500054104,7635,7635-050-300415,10320262513,NELLY ISABEL GRAZA CABALLERO,CARRETERA PATIVILCA - CARAZ KM. 230,ANCASH,CARHUAZ,ACOPAMPA,PUESTO DE VENTA DE COMBUSTIBLE - GRIFOS,C1:4000:DIESEL B5 ,C1:4000:GASOHOL 90 PLUS ,,,,,,,,,8000.0,30/04/2015,INDEFINIDO,NELLY ISABEL GRAZA CABALLERO,0,-9.048495299999999,-77.8109958
80,201900006590,21014,21014-050-130119,20600461231,SERVICENTRO ERICK S.R.L.,INTERSECCION AV. BUENAVENTURA CON CALLE AREQUIPA,AREQUIPA,CASTILLA,ORCOPAMPA,PUESTO DE VENTA DE COMBUSTIBLE - GRIFOS,C1:8000:Diesel B5 S-50 ,C1:5000:GASOHOL 95 PLUS ,C1:3000:GASOHOL 90 PLUS ,,,,,,,,16000.0,13/01/2019,INDEFINIDO,EVANGELINA CHOQUE MAYTA,0,-15.2697515,-72.34607079999999
81,202000060701,93425,93425-050-300520,20605955704,PETRO LAS LOMAS S.A.C.,AV. BELLAVISTA S/N A.H. JUAN VELASCO ALVARADO,PIURA,PIURA,LAS LOMAS,PUESTO DE VENTA DE COMBUSTIBLE - GRIFOS,C1:5000:Diesel B5 S-50 ,C1:3000:GASOHOL 84 PLUS C2:2000:GASOHOL 90 PLUS ,,,,,,,,,10000.0,30/05/2020,INDEFINIDO,MARCELO LOAYZA VICENTE ENRIQUE,720,-5.185748,-80.6583368
82,202100159079,21059,21059-050-210721,20573848161,PETRO GAS TORRES E.I.R.L.,CARRETERA MARGINAL KM. 3.5 - SECTOR RIO ALBERTA,JUNIN,SATIPO,RIO NEGRO,ESTACIONES DE SERVICIOS,C1:3380:Diesel B5 S-50 C2:1685:GASOHOL 90 PLUS C3:555:GASOHOL 97 PLUS ,,,,,,,,,,5620.0,21/07/2021,INDEFINIDO,SILVANO ROSENDO TORRES REYES,720,-11.2173237,-74.6115602
83,201800131720,125017,125017-050-280818,20494965080,ESTACIÓN EVICO E.I.R.L.,CARRETERA AYACUCHO - VISCHONGO (ALTURA KM 08) C.P. SAN ANTONIO MANALLASACC,AYACUCHO,HUAMANGA,AYACUCHO,PUESTO DE VENTA DE COMBUSTIBLE - GRIFOS,C1:6300:Diesel B5 S-50 ,C1:3000:GASOHOL 90 PLUS C2:1500:Diesel B5 S-50 ,,,,,,,,,10800.0,28/08/2018,INDEFINIDO,HUGO AUQUI SALVATIERRA ,0,-14.7783417,-74.1041752
84,201400087281,21490,21490-050-160714,20448644520,SERVICENTRO ORO NEGRO S.R.L.,URB PARQUE INDUSTRIAL TAPARACHI MZ C LOTE 18 SUB LOTE B,PUNO,SAN ROMAN,JULIACA,PUESTO DE VENTA DE COMBUSTIBLE - GRIFOS,C1:7500:Diesel B5 S-50 ,C1:5800:GASOHOL 84 PLUS ,C1:3700:GASOHOL 90 PLUS ,,,,,,,,17000.0,16/07/2014,INDEFINIDO,JHON CHARLES BACA ORTEGA,0,-15.5170955,-70.1128343
85,202200174087,97051,97051-050-200922,20609859432,ESTACIONES DE SERVICIOS GLOBALES IDRO PERU E.I.R.L.,CALLE 15 DE AGOSTO S/N ESQUINA CON CALLE JOSE CARLOS BECERRA PINTO ,LORETO,ALTO AMAZONAS,YURIMAGUAS,ESTACIONES DE SERVICIOS,C1:2000:DIESEL B5 C2:2500:GASOLINA 84 C3:1200:GASOLINA 90 ,,,,,,,,,,5700.0,20/09/2022,INDEFINIDO,ELMER JULIO SALAS SOLORZANO,200,-5.884004,-76.1318409
86,202200041528,9480,9480-050-130422,20136217306,SERVICENTRO PANAMERICANA S.R.L.,KM. 53 DE LA CARRETERA PUNO-ILAVE ,PUNO,EL COLLAO,ILAVE,PUESTO DE VENTA DE COMBUSTIBLE - GRIFOS,C1:6000:GASOHOL 90 PLUS ,C1:6000:Diesel B5 S-50 ,,,,,,,,,12000.0,13/04/2022,INDEFINIDO,EDUARDO PACCO NINA,0,-16.0915761,-69.6369082
87,201600126209,104091,104091-050-080916,20568196067,ESTACION DE SERVICIOS F Y F SEÑOR DE MURUHUAY E.I.R.L.,AV. VICTOR VILLACHICA GAMBINI S/N - SECTOR CHUNCHUYACU.,JUNIN,CHANCHAMAYO,SAN RAMON,ESTACIONES DE SERVICIOS,C1:5905:Diesel B5 S-50 ,C1:1623:GASOHOL 97 PLUS C2:2473:GASOHOL 90 PLUS ,,,,,,,,,10001.0,8/09/2016,INDEFINIDO,FIORELLA MILAGROS RUIZ UMPIRE,0,-11.084134,-75.3266416
88,201300038497,9100,9100-050-040313,10250104087,CIRILA VARGAS CARDENAS,AV. DOS DE MAYO ESQUINA CON JR. MANU,MADRE DE DIOS,TAMBOPATA,TAMBOPATA,PUESTO DE VENTA DE COMBUSTIBLE - GRIFOS,C1:7000:GASOLINA 84 ,C1:7000:Diesel B5 S-50 ,C1:3500:Diesel B5 S-50 ,,,,,,,,17500.0,4/03/2013,INDEFINIDO,CIRILA VARGAS CARDENAS,0,-12.7175855,-69.5860354
89,202000056595,120149,120149-050-180520,20601162289,GRIFO PAKAY S.R.L.,CALLE UNION S/N,PIURA,AYABACA,PACAIPAMPA,PUESTO DE VENTA DE COMBUSTIBLE - GRIFOS,C1:2000:Diesel B5 S-50 ,C1:1300:Diesel B5 S-50 ,C1:1300:GASOHOL 90 PLUS ,,,,,,,,4600.0,18/05/2020,INDEFINIDO,DIOMENES SOTO LOPEZ,0,-4.9955235,-79.66793679999999
90,202000056594,18347,18347-050-140520,20399491488,ESTACION DE SERVICIOS CIENEGUILLO S.R.L.,VIA PERIFERICA SUR KM. 03 CARRETERA SULLANA - TAMBOGRANDE,PIURA,SULLANA,SULLANA,ESTACIONES DE SERVICIOS,C1:6600:GASOHOL 84 PLUS ,C1:4500:GASOHOL 90 PLUS ,C1:2500:GASOHOL 95 PLUS ,C1:5300:Diesel B5 S-50 ,,,,,,,18900.0,14/05/2020,INDEFINIDO,RODRIGUEZ PINGO MARIANELA DOLORES,0,-4.9162479,-80.66403749999999
91,201900029909,34805,34805-050-260219,20547699115,INVERSIONES KENY S.A.C.,"ESQ. AV. MICAELA BASTIDAS Y MATEO PUMACAHUA SECTOR I, GRUPO 16 MZ. K, LT. 5 Y 6",LIMA,LIMA,VILLA EL SALVADOR,PUESTO DE VENTA DE COMBUSTIBLE - GRIFOS,C1:3000:Diesel B5 S-50 ,C1:1500:GASOHOL 95 PLUS C2:1500:GASOHOL 90 PLUS ,C1:1000:SIN PRODUCTO ,,,,,,,,7000.0,26/02/2019,INDEFINIDO,KELVIN TARAZONA TREJO,0,-12.191219,-76.9565306
92,1546766,16643,0020-EESS-15-2003,20414668713,ESTACION DE SERVICIOS AVIACION S.A.C.,INTERSECCION DE LA AV. SAN BORJA NORTE Y LA AV. AVIACION N° 2680,LIMA,LIMA,SAN BORJA,ESTACIONES DE SERVICIOS,C1:5000:GASOLINA 95 ,C1:5000:DIESEL 2 ,C1:5000:GASOLINA 97 ,C1:5000:GASOLINA 90 ,,,,,,,20000.0,2/08/2005,INDEFINIDO,"YAGI YAGI, ROSSANA KEIKO",0,-12.0936663,-77.00311880000001
93,202300116735,14567,14567-050-160523,20175642341,ESTACION DE SERVICIOS SAN JOSE S.A.C.,CARRETERA PANAMERICANANORTE KM. 783 - MOCCE ,LAMBAYEQUE,LAMBAYEQUE,LAMBAYEQUE,ESTACIONES DE SERVICIOS,C1:8000:Diesel B5 S-50 ,C1:8000:Diesel B5 S-50 ,C1:3000:GASOHOL PREMIUM ,C1:3000:GASOHOL REGULAR ,,,,,,,22000.0,16/05/2023,INDEFINIDO,GUNTER MARTÍN CASTILLO GALLO,0,-6.6812475,-79.9039856
94,202200147382,33542,33542-050-220922,20498047174,A Y L S.R.L.,"ASOCIACIÓN DE VIVIENDA VILLA EL PARAISO, MZ G-1, LOTES Nº 01, 17 Y 18",AREQUIPA,AREQUIPA,CERRO COLORADO,PUESTO DE VENTA DE COMBUSTIBLE - GRIFOS,C1:3000:GASOHOL 95 PLUS ,C1:6000:Diesel B5 S-50 ,C1:3000:GASOHOL 90 PLUS ,,,,,,,,12000.0,22/09/2022,INDEFINIDO,JAVIER CENTENO VELASQUEZ,0,-16.3424659,-71.58469749999999
95,201900147295,19992,19992-050-240919,20602652565,MAHANAIM GENERAL VIDAL S.A.C.,JR. GENERAL VIDAL N° 895. LOTE 2. MZ. 6E - PUEBLO JOVEN SAN FRANCISCO DE LA TABLADA DE LURÍN - SECTOR PRIMERO,LIMA,LIMA,VILLA MARIA DEL TRIUNFO,PUESTO DE VENTA DE COMBUSTIBLE - GRIFOS,C1:2000:Diesel B5 S-50 C2:2000:GASOHOL 90 PLUS C3:2000:SIN PRODUCTO ,C1:6000:SIN PRODUCTO ,,,,,,,,,12000.0,24/09/2019,INDEFINIDO,ELARD ESPINOZA ORIHUELA,0,-12.1956543,-76.9194224
96,202000133763,8596,8596-050-041020,20231217356,REPRESENTACIONES Y SERVICIOS SAN JORGE S.R.L.,AV. TUPAC AMARU CUADRA 15 URB. MOCHICA,LA LIBERTAD,TRUJILLO,TRUJILLO,ESTACIONES DE SERVICIOS,C1:8000:Diesel B5 S-50 ,C1:4500:GASOHOL 90 PLUS ,C1:8000:GASOHOL 95 PLUS ,C1:8000:Diesel B5 S-50 ,,,,,,,28500.0,4/10/2020,INDEFINIDO,ORESTES ANTICONA VALVERDE,0,-8.0923328,-79.0352179
97,202000184747,37830,37830-050-111220,20514636843,ESTACION DE SERVICIOS PETRO WORLD S.A.C.,AV. ARGENTINA N° 1542 - URB. GENERALISIMO SAN MARTIN,AREQUIPA,AREQUIPA,MARIANO MELGAR,PUESTO DE VENTA DE COMBUSTIBLE - GRIFOS,C1:3600:Diesel B5 S-50 ,C1:2600:GASOHOL 95 PLUS ,C1:1600:GASOHOL 90 PLUS ,,,,,,,,7800.0,11/12/2020,INDEFINIDO,LUIS ALCIDES GALVEZ GUTIERREZ,0,-16.4039755,-71.49227139999999
98,202300063430,42250,42250-050-260423,20440447814,INVERSIONES GRAN CHIMU S.A.C,CARRETERA PANAMERICANA NORTE KM. 496 SECTOR JUAN VELASCO ALVARADO DE LA VILLA DE CHAO,LA LIBERTAD,VIRU,CHAO,PUESTO DE VENTA DE COMBUSTIBLE - GRIFOS,C1:5059:Diesel B5 S-50 ,C1:2028:Diesel B5 S-50 ,C1:3035:GASOHOL REGULAR C2:2023:GASOHOL REGULAR ,,,,,,,,12145.0,26/04/2023,INDEFINIDO,VERONIKA DZIDO MARINOVICH,0,-8.5941726,-78.6680505
99,202200096080,61570,61570-050-080622,20517895718,CONSORCIO PETRO CENTRAL S.A.C.,AV. NICOLAS AYLLON S/N CARRETERA CENTRAL KM. 13 C.P. SAN JUAN DE PARIACHI,LIMA,LIMA,ATE,PUESTO DE VENTA DE COMBUSTIBLE - GRIFOS,C1:2689:GASOHOL 95 PLUS C2:2689:GASOHOL 90 PLUS C3:1339:Diesel B5 S-50 ,C1:6696:Diesel B5 S-50 ,,,,,,,,,13413.0,8/06/2022,INDEFINIDO,JAIME RUBEN CAPCHA IPARRAGUIRRE,0,-12.0100347,-76.8719359
100,202200059908,111758,111758-050-180422,20604591831,GRIFOS YEFREE EMPRESA INDIVIDUAL DE RESPONSABILIDAD LIMITADA,CARRETERA PANAMERICANA JULIACA-CUSCO KM. 1290+940,PUNO,LAMPA,CALAPUJA,PUESTO DE VENTA DE COMBUSTIBLE - GRIFOS,C1:4000:Diesel B5 S-50 ,C1:4000:Diesel B5 S-50 ,C1:3146:GASOHOL 90 PLUS ,C1:2247:GASOHOL 95 PLUS ,C1:2500:GASOHOL 84 PLUS ,C1:5000:GASOHOL 90 PLUS ,C1:10000:Diesel B5 S-50 ,,,,30893.0,18/04/2022,INDEFINIDO,YESICA IDALIA TAIPE OCHOCHOQUE,0,-15.8759768,-74.1731891
101,202300086080,148680,148680-050-200423,10408870475,HILDA ADELAIDA PAREDES CRUZ ,KM 300.85 CARRETERA PANAMERICANA SUR,PUNO,CHUCUITO,DESAGUADERO,PUESTO DE VENTA DE COMBUSTIBLE - GRIFOS,C1:3260:GASOHOL PREMIUM ,C1:3260:GASOHOL REGULAR ,C1:4067:Diesel B5 S-50 ,C1:4067:Diesel B5 S-50 ,,,,,,,14654.0,20/04/2023,INDEFINIDO,HILDA ADELAIDA PAREDES CRUZ ,0,-16.5631251,-69.040395
102,202000110174,122653,122653-050-170920,20601329060,ESTACION DE SERVICIOS HNOS ARGANDOÑA S.C.R.L.,CASERIO SANTA CRUZ DE MATICHICO ALTURA DEL KM. 377 DE LA CARRETERA CENTRAL LIMA-HUANUCO,HUANUCO,AMBO,AMBO,ESTACIONES DE SERVICIOS,C1:6000:Diesel B5 S-50 C2:3000:GASOHOL 90 PLUS ,,,,,,,,,,9000.0,17/09/2020,INDEFINIDO,ISIDRO BELMONT ARGANDOÑA HUAMAN,0,-9.936226999999999,-76.2431951
103,202200238456,99732,99732-050-241122,20608556436,GRIFO CURQ S.R.L.,AV. MILTON CORDOVA MZ. O LOTE 1,AYACUCHO,HUANTA,LLOCHEGUA,ESTACIONES DE SERVICIOS,C1:4000:Diesel B5 S-50 ,C1:2000:GASOHOL 95 PLUS C2:2000:GASOHOL 90 PLUS ,C1:3300:GASOHOL 90 PLUS C2:2200:GASOHOL 95 PLUS ,,,,,,,,13500.0,24/11/2022,24/11/2023,CURO PULLUCO JUAN,0,-12.4095969,-73.90814999999999
104,201700109945,40616,40616-050-130717,20100226732,GRIFO LAS PEÑAS S.R.L.,CALLE LIBERTAD N° 103,AREQUIPA,CASTILLA,APLAO,PUESTO DE VENTA DE COMBUSTIBLE - GRIFOS,C1:4500:Diesel B5 S-50 ,C1:3000:SIN PRODUCTO ,C1:1200:GASOHOL 95 PLUS ,C1:4900:GASOHOL 90 PLUS ,,,,,,,13600.0,13/07/2017,INDEFINIDO,BETSY ANGELICA RODRIGUEZ MEDINA,0,-16.0753942,-72.4936461
105,202000175468,152935,152935-050-241120,10467411760,RONAL ARAPA MONTOYA ,CALLE CUSCO S/N BARRIO CERRO COLORADO,PUNO,AZANGARO,ASILLO,PUESTO DE VENTA DE COMBUSTIBLE - GRIFOS,C1:2010:GASOHOL 84 PLUS ,C1:1005:GASOHOL 90 PLUS ,C1:1005:Diesel B5 S-50 ,,,,,,,,4020.0,24/11/2020,INDEFINIDO,RONAL ARAPA MONTOYA ,0,-14.7848278,-70.3557446
106,201600149821,62976,62976-050-241016,20493942094,ESTACION DE SERVICIOS SORITOR E.I.R.L.,CARRETERA SORITOR - CALZADA KM 001+114,SAN MARTIN,MOYOBAMBA,SORITOR,ESTACIONES DE SERVICIOS,C1:1800:GASOLINA 84 ,C1:1800:GASOLINA 90 ,"C1:9380:DIESEL B5,Diesel B5 S-50 ",,,,,,,,12980.0,24/10/2016,INDEFINIDO,NORBIL ALADINO VÁSQUEZ PINEDO ,0,-6.1404974,-77.1049178
107,202200009471,8430,8430-050-160222,10013385934,POMA QUENTA YOLANDA,AV. EJERCITO Nº 1597,PUNO,YUNGUYO,YUNGUYO,PUESTO DE VENTA DE COMBUSTIBLE - GRIFOS,C1:1500:Diesel B5 S-50 ,C1:1500:GASOHOL 90 PLUS ,,,,,,,,,3000.0,16/02/2022,INDEFINIDO,POMA QUENTA YOLANDA,720,-16.2420706,-69.0928666
108,202300047408,140091,140091-050-160323,10452674781,FRANK EDISON SOPLIN RODRIGUEZ,AAHH REQUENA MZ.57 LT. 3 ETAPA 1. ZONA A,LORETO,REQUENA,REQUENA,ESTACIONES DE SERVICIOS,C1:6800:GASOLINA 84 ,C1:4000:GASOLINA 90 C2:2300:DIESEL B5 ,,,,,,,,,13100.0,16/03/2023,INDEFINIDO,FRANK EDISON SOPLIN RODRIGUEZ,480,-5.0641652,-73.8507279
109,201900061036,6914,6914-050-180419,20109980855,GRIFO DENNIS S.A.C.,AV. CHINCHAYSUYO 315. ESQ. CON CALLE UNO,LIMA,LIMA,INDEPENDENCIA,PUESTO DE VENTA DE COMBUSTIBLE - GRIFOS,C1:2000:GASOHOL 98 PLUS C2:2000:Diesel B5 S-50 ,C1:3000:GASOHOL 90 PLUS ,C1:4000:Diesel B5 S-50 ,C1:3000:GASOHOL 95 PLUS ,,,,,,,14000.0,18/04/2019,INDEFINIDO,ALFONSO JAVIER MARCELINO VELASQUEZ REINOSO,0,-11.9787189,-77.0545796
110,202300028101,166953,166953-050-050523,20609097087,HBO HERF BENZ OPERATIONS S.A.C.,AV LAS TORRES S/N ASOC AUGUSTO SALAZAR BONDY MZ R LOTE 10 COOP MARISCAL ANDRES AVELINO CACERES,AREQUIPA,AREQUIPA,ALTO SELVA ALEGRE,PUESTO DE VENTA DE COMBUSTIBLE - GRIFOS,C1:1650:GASOHOL 84 PLUS C2:1650:GASOHOL REGULAR C3:1650:GASOHOL PREMIUM ,C1:2600:Diesel B5 S-50 ,,,,,,,,,7550.0,5/05/2023,INDEFINIDO,ROBERTO CARLOS HERNANI FERNANDEZ,0,-16.3753046,-71.523402
111,202100072974,7006,7006-050-160421,20225900907,GRIFO A Y R E.I.R.L.,JR. MARISCAL CASTILLA Nº 512,LORETO,ALTO AMAZONAS,YURIMAGUAS,PUESTO DE VENTA DE COMBUSTIBLE - GRIFOS,C1:5000:GASOLINA 84 ,C1:2000:DIESEL B5 ,C1:3000:GASOLINA 90 ,,,,,,,,10000.0,16/04/2021,INDEFINIDO,ÁNGEL RAFAEL ROMAN ROMAN,0,-5.8913671,-76.1056108
112,202100211216,158799,158799-050-101121,10473348701,HANCCO MAMANI ALAIN,"JR. LUIS RIVAROLA N° 1190, ESQ. CON JR. VIA ALTERNA CARR INTER. BARRIO LIZANDRO LUNA",PUNO,AZANGARO,AZANGARO,PUESTO DE VENTA DE COMBUSTIBLE - GRIFOS,C1:6000:Diesel B5 S-50 ,C1:3000:GASOHOL 84 PLUS ,C1:3000:GASOHOL 90 PLUS ,C1:2000:GASOHOL 95 PLUS ,C1:2000:GASOHOL 90 PLUS ,,,,,,16000.0,25/10/2021,INDEFINIDO,HANCCO MAMANI ALAIN,0,-14.9116896,-70.1985219
113,201600078119,8820,8820-050-030616,20451706323,ESTACION DE SERVICIOS VAMA S.A.C.,AV. DE LOS HEROES N° 1187 - 1189,LIMA,LIMA,SAN JUAN DE MIRAFLORES,ESTACIONES DE SERVICIOS,C1:8000:GASOHOL 95 PLUS ,C1:4000:GASOHOL 90 PLUS ,C1:4000:SIN PRODUCTO ,C1:4000:SIN PRODUCTO ,C1:4000:SIN PRODUCTO ,C1:8000:Diesel B5 S-50 ,,,,,32000.0,3/06/2016,INDEFINIDO,CARLOS ALFREDO IBAÑEZ MANCHEGO,240,-12.1594426,-76.95916079999999
114,202000106629,8543,8543-050-200820,20311786904,SERVICENTRO MIRAFLORES S.R.LTDA.,AV. TARAPACA 1001 - UNION EDIFICADORES MISTI,AREQUIPA,AREQUIPA,MIRAFLORES,PUESTO DE VENTA DE COMBUSTIBLE - GRIFOS,C1:4000:Diesel B5 S-50 ,C1:4000:GASOHOL 95 PLUS ,C1:4000:GASOHOL 90 PLUS ,,,,,,,,12000.0,20/08/2020,INDEFINIDO,MAXIMO HONORATO CORRALES CALIZAYA,0,-16.3857453,-71.51444719999999
115,202200052888,87660,87660-050-010422,20490162802,INVERSIONES Y COMBUSTIBLES MANU S.R.L.,CARRETERA VILLA SALVACION - SHINTUYA S/N A 10 KM DEL POBLADO DE VILLA SALVACION,MADRE DE DIOS,MANU,MANU,ESTACIONES DE SERVICIOS,C1:2000:GASOLINA 84 C2:3500:Diesel B5 S-50 ,,,,,,,,,,5500.0,1/04/2022,INDEFINIDO,SUSANA MARLYN AYALA CALISAYA,720,-12.6682151,-71.2961955
116,201900062151,95173,95173-050-220419,20604023514,INVERSIONES Y COMBUSTIBLES DE LA SELVA S.A.C.,CARRETERA FEDERICO BASADRE KM. 28.500,UCAYALI,CORONEL PORTILLO,CAMPOVERDE,ESTACIONES DE SERVICIOS,C1:2000:GASOLINA 90 C2:1000:GASOLINA 90 C3:1000:GASOLINA 90 ,C1:3293:DIESEL B5 ,C1:3293:DIESEL B5 ,,,,,,,,10586.0,20/04/2019,INDEFINIDO,CARLOS CAMPOS CONDOR,0,-8.4993283,-74.8391926
117,201900162163,14438,14438-050-061019,20455962227,MULTISERVICIOS ARAGON S.R.L.,CALLE PIURA N° 1213 ESQUINA CON CALLE MADRE DE DIOS,AREQUIPA,AREQUIPA,MARIANO MELGAR,ESTACIONES DE SERVICIOS,C1:2600:GASOHOL 90 PLUS C2:1300:GASOHOL 95 PLUS ,C1:3900:Diesel B5 S-50 C2:1300:Diesel B5 S-50 ,,,,,,,,,9100.0,6/10/2019,INDEFINIDO,NANCY HILDA LOSTANAU NAVARRO,0,-16.4014927,-71.5041106
118,202200256843,122201,122201-050-180123,20568163304,INVERSIONES GIOMAX S.A.C. ,AV. EVITAMIENTO NRO. S/N (REFERENCIA: MZ. 36 LT. 06 SECTOR 03),PASCO,OXAPAMPA,PUERTO BERMUDEZ,ESTACIONES DE SERVICIOS,C1:6000:Diesel B5 S-50 ,C1:3000:GASOHOL 90 PLUS C2:3000:GASOHOL 95 PLUS ,C1:6000:GASOHOL 90 PLUS ,,,,,,,,18000.0,18/01/2023,18/01/2024,"MAXIMO JUSTINO CONTRERAS MIGUEL,",240,-10.2968608,-74.9398748
119,202300093977,149378,149378-050-240423,20605162429,ESTACION DE SERVICIOS LORETO S.A.C.,CARRETERA YURIMAGUAS - TARAPOTO KM 46 CASERIO PAMPA HERMOSA,LORETO,ALTO AMAZONAS,YURIMAGUAS,ESTACIONES DE SERVICIOS,C1:10000:DIESEL B5 ,C1:9000:GASOLINA 90 ,C1:3000:GASOLINA 84 ,C1:3000:GASOLINA 84 ,,,,,,,25000.0,24/04/2023,INDEFINIDO,ILDER LLAMO VASQUEZ,480,-5.9025614,-76.1575515
120,202300037317,167107,167107-050-210423,20607120448,INVERSIONES CRISTO MORADO S.A.C.,AV. VIA DE EVITAMIENTO SUR N°1101 MZ. 1 LT. 1 URB. NUEVA AMERICA ,UCAYALI,CORONEL PORTILLO,MANANTAY,ESTACIONES DE SERVICIOS,C1:10000:DIESEL B5 ,C1:5000:GASOLINA REGULAR C2:3000:GASOLINA PREMIUM C3:2000:GASOLINA PREMIUM ,,,,,,,,,20000.0,21/04/2023,INDEFINIDO,NERI MARLENE REATEGUI RENGIFO,0,-8.4219885,-74.5742637
121,202000026839,16735,16735-050-140220,20490882058,MEGA TOURS INKA INVERSIONES SOCIEDAD COMERCIAL DE RESPONSABILIDAD LIMITADA,CARRETERA CUSCO CALCA KM. 41.5,CUSCO,CALCA,COYA,PUESTO DE VENTA DE COMBUSTIBLE - GRIFOS,C1:3800:Diesel B5 S-50 ,C1:1750:GASOHOL 90 PLUS ,C1:1000:SIN PRODUCTO ,,,,,,,,6550.0,14/02/2020,INDEFINIDO,JORGE RAMIRO CANAL CALDERON ,0,-13.3251255,-71.9526221
122,1487019,92677,92677-050-010611,10048284316,TORIBIO ERNESTO PEREZ VALER,"MANZANA 154 LOTES Nº 15,17 Y 19",MADRE DE DIOS,MANU,HUEPETUHE,PUESTO DE VENTA DE COMBUSTIBLE - GRIFOS,C1:5312:GASOLINA 84 ,C1:10207:DIESEL B5 ,C1:10207:DIESEL B5 ,,,,,,,,25726.0,1/06/2011,INDEFINIDO,TORIBIO ERNESTO PEREZ VALER,0,-13.0258926,-70.6692655
123,202000200254,153723,153723-050-260321,10174264487,DE LA CRUZ TEJADA HEBERT,PROLONGACION CALLE ANDRES AVELINO CACERES S/N ,LAMBAYEQUE,LAMBAYEQUE,SALAS,PUESTO DE VENTA DE COMBUSTIBLE - GRIFOS,C1:2400:Diesel B5 S-50 ,C1:1200:GASOHOL 84 PLUS C2:1200:GASOHOL 90 PLUS ,,,,,,,,,4800.0,26/03/2021,INDEFINIDO,DE LA CRUZ TEJADA HEBERT,0,-6.7035412,-79.8989588
124,202300062795,8959,8959-050-120523,10739373412,JULIA FIORELLA BERNABEL DAVILA,AV. TUPAC AMARU N° 3603 AA.HH. EL PROGRESO,LIMA,LIMA,CARABAYLLO,ESTACIONES DE SERVICIOS,C1:5000:Diesel B5 S-50 ,C1:900:GASOHOL PREMIUM ,C1:900:GASOHOL REGULAR ,C1:900:GASOHOL REGULAR ,C1:900:GASOHOL PREMIUM ,,,,,,8600.0,12/05/2023,INDEFINIDO,JULIA FIORELLA BERNABEL DAVILA,0,-11.9092073,-77.037284
125,202000027588,7351,7351-050-200220,20498693718,INVERSIONES MARINGA S.A.C.,PANAMERICANA SUR KM. 957 - EL CRUCE,AREQUIPA,AREQUIPA,LA JOYA,ESTACIONES DE SERVICIOS,C1:8000:Diesel B5 S-50 ,C1:8000:Diesel B5 S-50 ,C1:5000:Diesel B5 S-50 ,C1:5000:Diesel B5 S-50 ,C1:1400:GASOHOL 95 PLUS C2:1400:GASOHOL 97 PLUS C3:4700:GASOHOL 90 PLUS ,C1:2500:SIN PRODUCTO ,,,,,36000.0,17/02/2020,INDEFINIDO,LUIS A. GUTIERREZ RODRIGUEZ ,0,-16.4929159,-71.8466189
126,202000110191,14777,14777-050-280820,20542806291,GRIFO VIRGEN PURIFICADA S.R.L.,AV. MADRE DE DIOS Nº 695 CRUCE CON AV. FITZCARRALD,MADRE DE DIOS,TAMBOPATA,TAMBOPATA,PUESTO DE VENTA DE COMBUSTIBLE - GRIFOS,C1:10200:Diesel B5 S-50 ,C1:10200:GASOLINA 84 ,,,,,,,,,20400.0,28/08/2020,INDEFINIDO,MARYLUZ VELASQUEZ PAREJA,0,-12.5942662,-69.1890039
127,202000161771,98376,98376-050-131220,20605802533,GRIFO JENNY S.C.R.L.,LOTIZADORA ISMAEL COLAN MZ E LOTES 8 Y 9,LIMA,HUARAL,HUARAL,PUESTO DE VENTA DE COMBUSTIBLE - GRIFOS,C1:1200:GASOHOL 90 PLUS C2:2600:Diesel B5 S-50 ,C1:1000:GASOHOL 84 PLUS ,,,,,,,,,4800.0,13/12/2020,INDEFINIDO,JOSEFINA CONTADOR BLAS,0,-11.9981215,-77.0423375
128,202300116705,9474,9474-050-160523,20175642341,ESTACION DE SERVICIOS SAN JOSE S.A.C.,KM 3.25 CARRETERA CHICLAYO - POMALCA,LAMBAYEQUE,CHICLAYO,CHICLAYO,ESTACIONES DE SERVICIOS,C1:6535:GASOHOL REGULAR ,C1:6535:Diesel B5 S-50 ,C1:6535:Diesel B5 S-50 ,,,,,,,,19605.0,16/05/2023,INDEFINIDO,GUNTER MARTIN CASTILLO GALLO,0,-6.7679573,-79.7763815
129,202100062063,106725,106725-050-130521,20406538053,SERVICENTRO HUAYNAROQUE E.I.R.L.,CARRETERA JULIACA - CUSCO KM. 11+55,PUNO,SAN ROMAN,JULIACA,PUESTO DE VENTA DE COMBUSTIBLE - GRIFOS,C1:5854:Diesel B5 S-50 ,C1:2954:GASOHOL 90 PLUS ,,,,,,,,,8808.0,13/05/2021,INDEFINIDO,HUANCO MAMANI JUSTINA,0,-15.5066438,-70.1169401
130,202200213402,119255,119255-050-091122,20600948378,GRIFO MULTISERVICIOS ALELUYA S.A.C.,KM. 0.9 DE LA CARRETERA A LA LOCALIDAD DE LUYA-SECTOR EL MOJON,AMAZONAS,LUYA,LUYA,ESTACIONES DE SERVICIOS,C1:3500:Diesel B5 S-50 ,C1:1750:GASOLINA 90 C2:1750:GASOLINA 90 ,,,,,,,,,7000.0,9/11/2022,INDEFINIDO,DORALIZA CAMPOS MEDINA,0,-6.1737435,-77.93959699999999
131,202200083339,92756,92756-050-050522,20609026881,GRUPO DON ANDRES S.A.C.,"AVENIDA PRINCIPAL, MANZANA 208 LOTES 1, 3 Y 5",MADRE DE DIOS,MANU,HUEPETUHE,PUESTO DE VENTA DE COMBUSTIBLE - GRIFOS,C1:5301:GASOLINA 84 ,C1:9252:Diesel B5 S-50 ,C1:9262:Diesel B5 S-50 ,C1:9262:Diesel B5 S-50 ,,,,,,,33077.0,5/05/2022,INDEFINIDO,JHON ANDRES GUTIERREZ QUISPE,0,-13.0258926,-70.6692655
132,202300047423,38291,38291-050-210423,20487133788,SERVICENTRO SAN FRANCISCO S.A.C.,AV. SAN MARTIN 765,PASCO,OXAPAMPA,OXAPAMPA,ESTACIONES DE SERVICIOS,C1:6690:Diesel B5 S-50 ,C1:4000:GASOHOL REGULAR C2:2690:GASOHOL PREMIUM ,C1:2690:Diesel B5 S-50 ,,,,,,,,16070.0,21/04/2023,INDEFINIDO,FABIO ANTONY JIMENEZ SANTOS,720,-10.5745911,-75.40005959999999
133,201900061055,9582,9582-050-180419,20109980855,GRIFO DENNIS S.A.C.,AV. LOS DOMINICOS. MZ. 63 LOTES 9 Y 10. URB. PREVI,PROV. CONST. DEL CALLAO,PROV. CONST. DEL CALLAO,CALLAO,PUESTO DE VENTA DE COMBUSTIBLE - GRIFOS,C1:1581:GASOHOL 98 PLUS C2:1581:Diesel B5 S-50 C3:5286:Diesel B5 S-50 ,C1:1500:GASOHOL 95 PLUS C2:2500:GASOHOL 90 PLUS ,,,,,,,,,12448.0,18/04/2019,INDEFINIDO,ALFONSO JAVIER MARCELINO VELASQUEZ REINOSO,0,-12.0552372,-77.1161561
134,202300049684,20018,20018-050-050323,20527599602,W-LEO REPRESENTACIONES S.R.L.,"AV. FITZCARRALD Nº 902, ESQ. CON JR ANCASH",MADRE DE DIOS,TAMBOPATA,TAMBOPATA,PUESTO DE VENTA DE COMBUSTIBLE - GRIFOS,C1:5269:Diesel B5 S-50 ,C1:5269:GASOLINA 84 ,C1:5269:GASOLINA 84 ,C1:5269:GASOLINA 90 ,C1:5200:Diesel B5 S-50 ,C1:5200:GASOLINA 84 ,C1:3750:GASOLINA 95 ,,,,35226.0,5/03/2023,INDEFINIDO,WILVERTO CCORIMANYA CHUCYA,0,-12.5944801,-69.18831709999999
135,201600025139,40472,40472-050-190216,20486255171,CORPORACION RIO BRANCO S.A.,"CARRETERA PANAMERICANA NORTE KM. 92.5, MZ. A, LOTE 13, POBLADO 4 DE JUNIO, CHANCAYLLO.",LIMA,HUARAL,CHANCAY,ESTACIONES DE SERVICIOS,C1:6500:Diesel B5 S-50 ,C1:3930:Diesel B5 S-50 C2:2560:SIN PRODUCTO ,C1:2590:GASOHOL 90 PLUS C2:2560:GASOHOL 95 PLUS ,"C1:1310:GASOHOL 95 PLUS,GASOHOL 98 PLUS ",,,,,,,19450.0,19/02/2016,INDEFINIDO,MOISES LUCAS MENDOZA ESTEBAN,0,-11.4762047,-77.3091561
136,202000011542,148871,148871-050-250120,10106781520,ORACIO MEDARDO VERA RAMOS,CALLE SANCHEZ CARRION CUADRA 3,LA LIBERTAD,SANTIAGO DE CHUCO,ANGASMARCA,PUESTO DE VENTA DE COMBUSTIBLE - GRIFOS,C1:3000:Diesel B5 S-50 ,C1:1500:GASOHOL 90 PLUS C2:1500:GASOHOL 95 PLUS ,,,,,,,,,6000.0,25/01/2020,INDEFINIDO,ORACIO MEDARDO VERA RAMOS,0,-8.131079,-78.0583707
137,202200272290,94440,94440-050-250123,20603324359,ESTACION DE SERVICIOS Y GASOCENTRO PETROSUR EMPRESA INDIVIDUAL DE RESPONSABILIDAD LIMITADA,CALLE REAL S/N ,HUANCAVELICA,TAYACAJA,AHUAYCHA,ESTACIONES DE SERVICIOS,C1:4000:GASOHOL 90 PLUS ,C1:4000:GASOHOL 95 PLUS ,C1:4000:Diesel B5 S-50 ,,,,,,,,12000.0,25/01/2023,INDEFINIDO,PEDRO PALOMINO MARTINEZ,180,-12.4069326,-74.8927452
138,201900092027,9344,9344-050-120619,20101312519,LIMABANDA S.A.C.,AV. VICTOR RAUL HAYA DE LA TORRE 250 ESQUINA CON CALLE LA FLORIDA,LAMBAYEQUE,CHICLAYO,CHICLAYO,ESTACIONES DE SERVICIOS,C1:8000:GASOHOL 90 PLUS ,C1:4000:GASOHOL 84 PLUS C2:4000:GASOHOL 95 PLUS ,C1:8000:Diesel B5 S-50 ,C1:8000:Diesel B5 S-50 ,,,,,,,32000.0,12/06/2019,INDEFINIDO,LUIS JOAQUIN ORMEÑO MALONE ,0,-6.779140399999999,-79.8354518
139,202000141494,15210,15210-050-221020,20127765279,COESTI S.A. ,CALLE DERECHA N° 898 (CALLE DERECHA CUADRA 9 ESQ. CAMAL VIEJO),LIMA,HUARAL,HUARAL,PUESTO DE VENTA DE COMBUSTIBLE - GRIFOS,C1:6000:GASOHOL 90 PLUS ,C1:3000:GASOHOL 95 PLUS C2:3000:GASOHOL 95 PLUS ,C1:6000:Diesel B5 S-50 ,C1:4000:Diesel B5 S-50 ,C1:4000:SIN PRODUCTO ,,,,,,26000.0,22/10/2020,INDEFINIDO,ABRAHAM HUGO CALDERON MAVILA,720,-11.4935139,-77.20237279999999
140,202200195748,138357,138357-050-291122,20602544002,COMPAÑIA OPERADORA DE LA SELVA S.A.,AV. COLONIZACIÓN/ESQUINA CON CALLE 14 DE NOVIEMBRE MZ. 16 LOTE 1C,UCAYALI,CORONEL PORTILLO,CALLERIA,ESTACIONES DE SERVICIOS,C1:2612:GASOHOL 95 PLUS C2:2612:GASOLINA 90 C3:1734:DIESEL B5 ,,,,,,,,,,6958.0,29/11/2022,INDEFINIDO,MARLY PATRICIA RENGIFO RÍOS,240,-8.3904284,-74.547968
141,201900193827,147939,147939-050-221119,20601647771,PROYECTOS Y SERVICIOS SIMAX S.A.C.,CENTRO POBLADO PUENTE CENTRAL APACHACO CARRETERA ESPINAR O ESPINAR CAYLLOMA,CUSCO,ESPINAR,COPORAQUE,ESTACIONES DE SERVICIOS,C1:3270:GASOHOL 90 PLUS ,C1:3270:GASOHOL 84 PLUS ,C1:3270:Diesel B5 S-50 ,,,,,,,,9810.0,22/11/2019,INDEFINIDO,HERNAN VALERIO FIGUEROA CCAMA ,0,-15.1895112,-71.7707989
142,202100286041,20993,20993-050-311221,20525166415,MULTISERVICIOS ECOGAS S.A.C.,ESQUINA . AV. COLLPA CON AV. CRISTO REY,TACNA,TACNA,TACNA,ESTACIONES DE SERVICIOS,C1:4800:GASOHOL 90 PLUS ,C1:3600:GASOHOL 84 PLUS ,C1:3600:GASOHOL 95 PLUS ,C1:8100:DIESEL B5 ,,,,,,,20100.0,31/12/2021,INDEFINIDO,SAMM MAURICIO AAROM MATOS SIFUENTES,0,-18.0304539,-70.2698721
143,201900213132,148444,148444-050-231219,10154376459,CARLOS ENRIQUE VICENTE HUAMAN,AV. VICTOR ANDRES BELAUNDE MZ. D2 LT. 1K PUEBLO NUEVO DE CONTA,LIMA,CAÑETE,NUEVO IMPERIAL,PUESTO DE VENTA DE COMBUSTIBLE - GRIFOS,C1:1120:Diesel B5 S-50 ,C1:1120:GASOHOL 90 PLUS ,C1:1120:GASOHOL 95 PLUS ,,,,,,,,3360.0,23/12/2019,INDEFINIDO,CARLOS ENRIQUE VICENTE HUAMAN,0,-13.0153265,-76.336077
144,202100104682,34491,34491-050-060821,20494506565,EMPRESA DE TRANSPORTES MULTISERVICIOS SEÑOR DE LOS MILAGROS S.R.L.,"AV. MARISCAL CASTILLA N° 181, ESQ. CON SAENZ PEÑA",AYACUCHO,HUANTA,HUANTA,ESTACIONES DE SERVICIOS,C1:6000:GASOHOL 90 PLUS ,C1:3000:GASOHOL 95 PLUS ,C1:6000:Diesel B5 S-50 ,,,,,,,,15000.0,6/08/2021,INDEFINIDO,JEINEER ROBERTH JUSCAMAITA RODRIGUEZ,0,-12.9393602,-74.24906030000001
145,202100155560,7824,7824-050-151121,20223020195,SERVICENTRO HUARAZ S.R.L. - SERVI S.R.L.,AV. AGUSTIN GAMARRA Nº 332,ANCASH,HUARAZ,HUARAZ,PUESTO DE VENTA DE COMBUSTIBLE - GRIFOS,C1:6000:Diesel B5 S-50 ,C1:6000:GASOHOL 90 PLUS ,C1:3000:GASOHOL 95 PLUS ,,,,,,,,15000.0,10/11/2021,INDEFINIDO,HUBER CAMONES ROMERO,0,-9.525537,-77.5264265
146,202100252788,107059,107059-050-241121,20603145292,COMPAÑÍA AZTECA SOCIEDAD DE RESPONSABILIDAD LIMITADA,AV. EL SOL DE ORO S/N – HUAYLACUCHO,HUANCAVELICA,HUANCAVELICA,HUANCAVELICA,PUESTO DE VENTA DE COMBUSTIBLE - GRIFOS,C1:3000:Diesel B5 S-50 C2:3000:GASOHOL 90 PLUS ,,,,,,,,,,6000.0,24/11/2021,INDEFINIDO,ANGEL CONTRERAS VARGAS,0,-12.7934626,-74.9449892
147,201700024215,8697,8697-050-150217,20480299737,PETROCENTRO EMANUEL S.R.L.,CALLE PROLONGACION MARISCAL RAMON CASTILLA N° 997,LAMBAYEQUE,CHICLAYO,SANTA ROSA,ESTACIONES DE SERVICIOS,C1:3000:DIESEL B5 ,C1:2350:GASOHOL 90 PLUS ,C1:1500:GASOHOL 84 PLUS C2:1500:GASOHOL 95 PLUS ,,,,,,,,8350.0,15/02/2017,INDEFINIDO,JUAN VALENTIN PALMA HUAMANCHUMO,0,-6.8438789,-79.9340209
148,201900130288,18299,18299-050-130819,20406220479,SOMOS FE EN CRISTO E.I.R.L.,PROLONGACIÓN AV. BALSAPATA S/N,PUNO,MELGAR,AYAVIRI,PUESTO DE VENTA DE COMBUSTIBLE - GRIFOS,C1:5000:GASOHOL 84 PLUS ,C1:3700:Diesel B5 S-50 ,,,,,,,,,8700.0,13/08/2019,INDEFINIDO,CESAR EMILIO MACEDO MAMANI ,0,-14.7297006,-70.4547199
149,202200266107,34039,34039-050-150223,20487631460,GRIFO PETROSOL S.R.L.,CARRETERA JAEN-SAN IGNACIO KM 23 SECTOR LINDEROS,CAJAMARCA,JAEN,JAEN,PUESTO DE VENTA DE COMBUSTIBLE - GRIFOS,C1:2000:GASOHOL 95 PLUS ,C1:6500:Diesel B5 S-50 ,C1:2500:GASOHOL 84 PLUS ,C1:2000:GASOHOL 90 PLUS ,C1:4500:GASOHOL 90 PLUS ,,,,,,17500.0,15/02/2023,INDEFINIDO,LIZETH PAOLA HOYOS CORONEL,0,-5.6588199,-78.7611347
150,201700146854,131352,131352-050-220917,20534249960,JAARSOM E.I.R.L,"VIA LOS LIBERTADORES WARI, KM 197 - RUMICHACA",AYACUCHO,CANGALLO,PARAS,ESTACIONES DE SERVICIOS,C1:4000:GASOHOL 95 PLUS C2:8000:GASOHOL 90 PLUS ,C1:12250:Diesel B5 S-50 ,,,,,,,,,24250.0,22/09/2017,INDEFINIDO,SONIA MENDOZA QUISPE,0,-13.1561208,-74.2355362
151,202200153955,149259,149259-050-150822,20447817862,SERVICIOS Y DISTRIBUCIONES SAN JORGE DE PUTINA PUNCO SOCIEDAD ANONIMA CERRADA,SECTOR ALTO PUTINA SECCIÓN MARCAPATA A 265.65 KM. CARRETERA JULIACA - PUTINA PUNCO,PUNO,SANDIA,SAN PEDRO DE PUTINA PUNCO,PUESTO DE VENTA DE COMBUSTIBLE - GRIFOS,C1:4500:Diesel B5 S-50 ,C1:4500:GASOHOL 84 PLUS ,C1:2500:GASOHOL 84 PLUS ,C1:2500:GASOHOL 90 PLUS ,,,,,,,14000.0,15/08/2022,15/08/2023,REYNALDO HEBER GIRONDA CEREZO ,0,-13.4766885,-69.1923916
152,201600155129,123814,123814-050-021116,20601004098,ESTACION DE SERVICIOS LOS OLIVOS D & L S.A.C.,PASEO SAN MATEO N° 223,CAJAMARCA,CHOTA,CHOTA,ESTACIONES DE SERVICIOS,"C1:6000:DIESEL B5,Diesel B5 S-50 ",C1:4000:GASOHOL 84 PLUS C2:2000:GASOHOL 90 PLUS ,,,,,,,,,12000.0,2/11/2016,INDEFINIDO,SEGUNDO DANIEL IDROGO BUSTAMANTE ,0,-6.556301299999999,-78.6503476
153,202000188096,37557,37557-050-171220,20453552846,GRIFO CONTINENTAL S.A.C.,CARRETERA CAJAMARCA - CHILETE KM. 2 SECTOR SUR,CAJAMARCA,CAJAMARCA,CAJAMARCA,PUESTO DE VENTA DE COMBUSTIBLE - GRIFOS,C1:15640:Diesel B5 S-50 ,C1:15640:Diesel B5 S-50 ,C1:4000:GASOHOL 95 PLUS ,C1:4000:GASOHOL 90 PLUS ,C1:4000:SIN PRODUCTO ,,,,,,43280.0,17/12/2020,INDEFINIDO,JAIME ALEJANDRO CABANILLAS RAMOS,0,-7.220739099999999,-78.83968
154,202000195739,135016,135016-050-261220,20602135714,GRUPO D´GUADALUPE S.A.C.,"PREDIO RUSTICO DENOMINADO MOLLECHAYOC, SECTOR COYLLORCUCHO",CUSCO,QUISPICANCHI,ANDAHUAYLILLAS,ESTACIONES DE SERVICIOS,C1:9300:Diesel B5 S-50 ,C1:9300:Diesel B5 S-50 ,C1:4600:GASOHOL 90 PLUS C2:4600:GASOHOL 95 PLUS ,C1:5300:GASOHOL 90 PLUS ,,,,,,,33100.0,26/12/2020,INDEFINIDO,YUDI MARIBEL VILLACA CONDORI ,0,-13.674114,-71.6777177
155,202200153185,164188,164188-050-180822,20605434224,HIDROPERU SP S.A.C.,SECTOR PAMPAS DE LEQUE LEQUE ,LAMBAYEQUE,CHICLAYO,NUEVA ARICA,PUESTO DE VENTA DE COMBUSTIBLE - GRIFOS,C1:5000:Diesel B5 S-50 ,C1:3000:GASOHOL 90 PLUS C2:2000:GASOHOL 84 PLUS ,,,,,,,,,10000.0,16/08/2022,INDEFINIDO,MISAEL MEJÍA VARGAS,240,-6.8726113,-79.34233119999999
156,202100017163,87309,87309-050-100221,20103818860,SERVICENTRO VILUSSA S.A.C,RIBERA DEL RIO AMAZONAS FRENTE A LA CARRETERA SANTA MARIA DE NANAY-SECTOR NORTE,LORETO,MAYNAS,PUNCHANA,ESTACIONES DE SERVICIOS,C1:2483:DIESEL B5 ,C1:2638:GASOLINA 84 ,,,,,,,,,5121.0,10/02/2021,INDEFINIDO,TEODORO VILCA ACHO,480,-3.5493075,-73.4180211
157,202000113918,35357,35357-050-050920,20537221136,REPRESENTACIONES E INVERSIONES CAMAMA S.A.C.,"ESQ. AV. SAN JUAN Y CALLE CAJAMARCA MZ. R-10 LT. 12, SECTOR LEONCIO PRADO - PAMPLONA ALTA",LIMA,LIMA,SAN JUAN DE MIRAFLORES,PUESTO DE VENTA DE COMBUSTIBLE - GRIFOS,C1:2600:GASOHOL 95 PLUS ,C1:2600:GASOHOL 90 PLUS ,C1:4000:Diesel B5 S-50 ,C1:2600:SIN PRODUCTO ,,,,,,,11800.0,5/09/2020,INDEFINIDO,CARLOS MANUEL ALIAGA MEZA,0,-12.1351314,-76.9614552
158,202300074222,8738,8738-050-250423,20127765279,COESTI S.A.,VARIANTE DE UCHUMAYO KM. 06,AREQUIPA,AREQUIPA,TIABAYA,PUESTO DE VENTA DE COMBUSTIBLE - GRIFOS,C1:7050:Diesel B5 S-50 ,C1:7050:Diesel B5 S-50 ,C1:6500:Diesel B5 S-50 ,C1:6500:Diesel B5 S-50 ,C1:3500:GASOHOL REGULAR ,C1:4500:GASOHOL PREMIUM ,,,,,35100.0,25/04/2023,INDEFINIDO,ABRAHAM HUGO CALDERON MAVILA,720,-16.4078102,-71.6056126
159,202300063405,7602,7602-050-040423,20527144869,SERVICENTRO EL PILOTO S.R.LTDA,ESQUINA AV. RICARDO PALMA - JR. QUILLABAMBA Nº 528,CUSCO,LA CONVENCION,SANTA ANA,ESTACIONES DE SERVICIOS,C1:8270:Diesel B5 S-50 ,C1:8248:GASOHOL REGULAR ,C1:4113:GASOHOL 84 PLUS C2:4168:GASOHOL PREMIUM ,,,,,,,,24799.0,4/04/2023,4/04/2024,CESAR RODOLFO ROZAS POZO ,0,-12.8605451,-72.6960701
160,202100010965,154372,154372-050-230321,20606191589,ESTACION DE SERVICIOS CRUZ BLANCA E.I.R.L.,CARRETERA TUCUME GRANJA SASAPE KM. 1.5 SECTOR SULLON BALDERA,LAMBAYEQUE,LAMBAYEQUE,TUCUME,PUESTO DE VENTA DE COMBUSTIBLE - GRIFOS,C1:3000:Diesel B5 S-50 ,C1:1300:GASOHOL 84 PLUS C2:1800:GASOHOL 90 PLUS ,,,,,,,,,6100.0,23/03/2021,INDEFINIDO,LIN DAYLAN GALVEZ ACUÑA,0,-6.5121799,-79.8478784
161,201600128534,98753,98753-050-080916,10283024623,GUILLERMO CURI YAURI,"CARRETERA PATIVILCA-HUARAZ KM. 542, SECTOR PARCO",ANCASH,RECUAY,CATAC,ESTACIONES DE SERVICIOS,"C1:9200:DIESEL B5,Diesel B5 S-50 ",C1:3200:GASOHOL 90 PLUS ,,,,,,,,,12400.0,8/09/2016,INDEFINIDO,GUILLERMO CURI YAURI,720,-10.0916968,-77.2959977
162,201700127393,100967,100967-050-180817,20601574480,INVERSIONES COLLAO E.I.R.L.,AV. PANAMERICANA KM 34.18,PUNO,PUNO,ACORA,PUESTO DE VENTA DE COMBUSTIBLE - GRIFOS,C1:3145:Diesel B5 S-50 ,C1:3145:GASOHOL 90 PLUS ,,,,,,,,,6290.0,18/08/2017,INDEFINIDO,DOMINGO PACCO QUISPE,720,-15.8402218,-70.0218805
163,202000113911,21510,21510-050-150920,20537220831,SERVICIOS MULTIPLES POGAS S.A.C.,"AV. 26 DE NOVIEMBRE N° 2415, ESQUINA CON CALLE ZAÑA AA.HH. NUEVA ESPERANZA",LIMA,LIMA,VILLA MARIA DEL TRIUNFO,PUESTO DE VENTA DE COMBUSTIBLE - GRIFOS,C1:2200:SIN PRODUCTO ,C1:6000:Diesel B5 S-50 ,C1:1800:GASOHOL 95 PLUS ,C1:1800:GASOHOL 90 PLUS ,,,,,,,11800.0,15/09/2020,INDEFINIDO,CARLOS MANUEL ALIAGA MEZA,0,-12.1709709,-76.9172025
164,202200096026,163017,163017-050-270522,10001028460,DE LA CRUZ JULIAN ESTEBAN PERCY,CARRETERA FEDERICO BASADRE KM. 71-72 PARCELA 39B - PARCELACION SECTOR SAN JUAN 12 ETAPA ,UCAYALI,PADRE ABAD,NESHUYA,ESTACIONES DE SERVICIOS,C1:9000:DIESEL B5 ,C1:4500:GASOLINA 90 C2:4500:GASOLINA 90 ,,,,,,,,,18000.0,27/05/2022,INDEFINIDO,DE LA CRUZ JULIAN ESTEBAN PERCY,0,-8.7089879,-74.9961722
165,202300057855,154138,154138-050-100423,20606803487,GRUPO DIESEL PERU S.A.C.,ASENTAMIENTO HUMANO CARLOS PORTOCARRERO - SECOCHA – ESQUINA CALLE URINSAYA S/N CON CALLE VENADO S/N,AREQUIPA,CAMANA,MARIANO NICOLAS VALCARCEL,PUESTO DE VENTA DE COMBUSTIBLE - GRIFOS,C1:1320:GASOHOL REGULAR ,C1:5000:Diesel B5 S-50 ,C1:7890:Diesel B5 S-50 ,,,,,,,,14210.0,10/04/2023,INDEFINIDO,CARMEN VICTORIA JARA ESPINOZA,0,-15.9819717,-73.17013229999999
166,202000119667,151086,151086-050-110920,10022625719,DOMINGA ARIZACA LIMACHI ,ESQUINA JR. GRAU CON JR. ATAHUALPA N° 497,PUNO,MELGAR,AYAVIRI,PUESTO DE VENTA DE COMBUSTIBLE - GRIFOS,C1:3951:Diesel B5 S-50 ,C1:3951:GASOHOL 84 PLUS ,C1:3951:GASOHOL 90 PLUS ,C1:3951:GASOHOL 95 PLUS ,,,,,,,15804.0,11/09/2020,INDEFINIDO,DOMINGA ARIZACA LIMACHI ,0,-14.8842942,-70.5889612
167,202100260899,160174,160174-050-130122,10098008280,PINEDO RUIZ GINA RAQUEL,CARRETERA FERNANDO BELAUNDE TERRY ESQ. JR. SAN MARTIN,SAN MARTIN,SAN MARTIN,CACATACHI,ESTACIONES DE SERVICIOS,C1:14641:Diesel B5 S-50 ,C1:14641:Diesel B5 S-50 ,C1:14641:GASOLINA 84 ,C1:14641:GASOLINA 90 ,C1:8393.92:GASOLINA 95 C2:6282.36:GASOLINA 97 ,,,,,,73240.28,13/01/2022,INDEFINIDO,GINA RAQUEL PINEDO RUIZ ,0,-6.465966799999999,-76.4471507
168,202100042686,21147,21147-050-240321,20556119636,XACT PERU S.A.C.,CARRETERA A MATARANI - AREQUIPA KM. 53+600,AREQUIPA,ISLAY,ISLAY,PUESTO DE VENTA DE COMBUSTIBLE - GRIFOS,C1:2000:GASOHOL 90 PLUS ,C1:3000:Diesel B5 S-50 ,,,,,,,,,5000.0,24/03/2021,INDEFINIDO,JOSE JENNER BAZAN RODRIGUEZ,0,-16.9986552,-72.0903305
169,201900061018,9516,9516-050-180419,20109980855,GRIFO DENNIS S.A.C.,AV. BERTELLO MZ. U LT. 14 URB. ALBINO HERRERA,PROV. CONST. DEL CALLAO,PROV. CONST. DEL CALLAO,CALLAO,PUESTO DE VENTA DE COMBUSTIBLE - GRIFOS,C1:3000:GASOHOL 95 PLUS ,C1:4000:Diesel B5 S-50 ,C1:3000:GASOHOL 90 PLUS ,C1:2000:GASOHOL 98 PLUS C2:2000:Diesel B5 S-50 ,,,,,,,14000.0,18/04/2019,INDEFINIDO,ALFONSO JAVIER MARCELINO VELASQUEZ REINOSO,0,-12.0101915,-77.1058231
170,202300105241,113005,113005-050-090523,20573842635,ESTACION DE SERVICIOS SEÑOR DE LUREN S.A.C,CARRETERA MARGINAL KM. 1 A PUERTO OCOPA,JUNIN,SATIPO,PANGOA,PUESTO DE VENTA DE COMBUSTIBLE - GRIFOS,C1:1000:GASOHOL PREMIUM C2:1000:GASOHOL REGULAR C3:4500:GASOHOL REGULAR ,C1:6500:Diesel B5 S-50 ,,,,,,,,,13000.0,9/05/2023,9/05/2024,MARGARITA CASTRO DE PANEZ,0,-11.2344236,-74.6313966
171,202300075864,158279,158279-050-040423,20449488009,AGAMA SOCIEDAD ANÓNIMA CERRADA,CARRETERA A TOQUEPALA KM.3 PREDIO CHILICANE,MOQUEGUA,MARISCAL NIETO,MOQUEGUA,PUESTO DE VENTA DE COMBUSTIBLE - GRIFOS,C1:6000:Diesel B5 S-50 ,C1:6000:Diesel B5 S-50 ,C1:6000:Diesel B5 S-50 ,C1:2600:GASOHOL REGULAR ,C1:1300:GASOHOL PREMIUM ,C1:1300:GASOHOL REGULAR ,,,,,23200.0,4/04/2023,INDEFINIDO,JUSTINA PASTORITA FELICIANO SOMOUCO,0,-17.4142314,-70.8107232
172,202000148684,40524,40524-050-261020,20606354348,GRIFO PETROCASMA E.I.R.L.,ESQUINA PANAMERICANA NORTE ALTURA KM 374 CON CALLE SECHIN LOTIZACIÓN CUNCAN MZ H LOTE 11,ANCASH,CASMA,CASMA,ESTACIONES DE SERVICIOS,C1:4170:GASOHOL 90 PLUS C2:2085:GASOHOL 95 PLUS ,C1:6200:Diesel B5 S-50 ,C1:700:SIN PRODUCTO ,,,,,,,,13155.0,25/10/2020,INDEFINIDO,KARHOL SORAY SANTOLALLA SOLIS,0,-9.4771965,-78.290067
173,202000092262,16638,16638-050-280820,20503840121,REPSOL COMERCIAL S.A.C.,"AV. 09 DE OCTUBRE Nº 508 (AV. CIRCUNVALACION KM. 6.5), PIEDRA LIZA",LIMA,LIMA,RIMAC,ESTACIONES DE SERVICIOS,C1:6000:Diesel B5 S-50 ,C1:5000:GASOHOL 90 PLUS ,C1:6000:GASOHOL 90 PLUS ,C1:5000:Diesel B5 S-50 ,C1:6000:GASOHOL 98 PLUS ,C1:6000:DIESEL B5 ,C1:5000:GASOHOL 95 PLUS ,C1:3000:SIN PRODUCTO ,,,42000.0,28/08/2020,INDEFINIDO,VICTOR GONZALO CASTILLO OVIEDO,0,-12.1351811,-76.9794187
174,201500090645,104367,104367-050-250715,20501096408,EMPRESA DE TRANSPORTES SERVICIOS Y COMERCIALIZACION REYDA EIRL,"LOTE 2B, LA RINCONADA PAMPLONA ALTA",LIMA,LIMA,SAN JUAN DE MIRAFLORES,PUESTO DE VENTA DE COMBUSTIBLE - GRIFOS,C1:3937:Diesel B5 S-50 C2:2022:GASOHOL 90 PLUS ,C1:1123:Diesel B5 S-50 ,,,,,,,,,7082.0,25/07/2015,INDEFINIDO,GISSELLA BENITES MASIAS,240,-12.1059389,-76.96414970000001
175,201800136536,33967,33967-050-070918,20452839769,GRIFO CASTILLA E.I.R.L.,AV. MARISCAL CASTILLA N° 789,AYACUCHO,HUAMANGA,AYACUCHO,PUESTO DE VENTA DE COMBUSTIBLE - GRIFOS,C1:8000:GASOHOL 95 PLUS ,C1:3000:GASOHOL 90 PLUS ,C1:3000:Diesel B5 S-50 ,C1:2500:Diesel B5 S-50 ,,,,,,,16500.0,7/09/2018,INDEFINIDO,PERSI JANAMPA VALDIVIA,0,-13.1657175,-74.2156936
176,201500104245,39577,39577-050-210815,20452033101,GRUPO SANCHEZ S.A.C.,AV. MARISCAL BENAVIDES N° 630,ICA,CHINCHA,CHINCHA ALTA,ESTACIONES DE SERVICIOS,C1:8000:DIESEL B5 ,C1:4000:GASOHOL 90 PLUS C2:4000:GASOHOL 84 PLUS ,C1:4000:GASOHOL 95 PLUS C2:4000:GASOHOL 90 PLUS ,,,,,,,,24000.0,21/08/2015,INDEFINIDO,JUAN PEDRO SANCHEZ ACEVEDO,0,-13.4163117,-76.1389655
177,202000060797,149469,149469-050-030620,20603379960,INVERSIONES Y TRANSPORTES FN GEORGEUS E.I.R.L.,AV. CALIXTO ARNULFO MUÑOZ O N° 1200 SECTOR IV,LA LIBERTAD,ASCOPE,CHICAMA,PUESTO DE VENTA DE COMBUSTIBLE - GRIFOS,C1:3300:Diesel B5 S-50 ,C1:3300:Diesel B5 S-50 ,C1:3300:GASOHOL 90 PLUS ,C1:2200:GASOHOL 95 PLUS ,,,,,,,12100.0,3/06/2020,INDEFINIDO,LUIS ARMANDO ZALDIVAR PORTILLA,0,-7.847994799999999,-79.1407421
178,202200233826,39885,39885-050-081222,20494004039,MULTISERVICIOS TICLA S.A.C.,AV. SALAVERRY N° 895 CON JR. ALFONSO UGARTE C-8,SAN MARTIN,SAN MARTIN,MORALES,ESTACIONES DE SERVICIOS,C1:5000:GASOLINA 90 ,C1:3500:GASOLINA 90 ,C1:2589:GASOLINA 95 ,C1:5000:Diesel B5 S-50 ,,,,,,,16089.0,8/12/2022,INDEFINIDO,DORIS VILMA TICLAVILCA CHAVEZ,0,-6.4818758,-76.3768214
179,201800078759,83002,83002-050-150518,10805473270,MANUEL EVERT CORDOVA CORDOVA,AV. CHICLAYO Nº 1925 - CERCADO,LAMBAYEQUE,CHICLAYO,CHONGOYAPE,PUESTO DE VENTA DE COMBUSTIBLE - GRIFOS,C1:2000:GASOHOL 90 PLUS ,"C1:3000:DIESEL B5,Diesel B5 S-50 ",C1:2000:GASOHOL 84 PLUS ,,,,,,,,7000.0,15/05/2018,INDEFINIDO,MANUEL EVERT CORDOVA CORDOVA,0,-6.7564696,-79.8210264
180,202000126879,151482,151482-050-250920,20600078632,ESTACION DE SERVICIOS SIGÜENZA S.R.L.,"CRUCE CARRETERA MARGINAL DE LA SIERRA (CARRETERA SAN MARCOS-CAJABAMBA) CON CARRETERA A CHUQUIBAMBA, LOTE N° 42 SECTOR POMABAMBA",CAJAMARCA,CAJABAMBA,CONDEBAMBA,ESTACIONES DE SERVICIOS,C1:9000:Diesel B5 S-50 ,C1:6500:Diesel B5 S-50 ,C1:4500:Diesel B5 S-50 ,C1:3000:GASOHOL 90 PLUS ,C1:3000:GASOHOL 90 PLUS ,C1:3000:GASOHOL 84 PLUS ,C1:3000:GASOHOL 95 PLUS ,,,,32000.0,25/09/2020,INDEFINIDO,CLAUDIA KATIA SIGÜENZA ALVAREZ,0,-15.8403809,-72.6532936
181,202100039675,105818,105818-050-220421,20406527019,SERVICENTRO CASBEL S.R.L,PROLONGACIÓN AV. HEROES DE LA GUERRA DEL PACIFICO S/N KM 2.5 CARRETERA JULIACA-AREQUIPA,PUNO,SAN ROMAN,JULIACA,PUESTO DE VENTA DE COMBUSTIBLE - GRIFOS,C1:8300:Diesel B5 S-50 ,C1:4300:GASOHOL 90 PLUS ,C1:3100:GASOHOL 95 PLUS C2:2000:GASOHOL 98 PLUS ,,,,,,,,17700.0,22/04/2021,INDEFINIDO,BELTRAME DE SULLCA JUANA MARLENI,0,-15.5003172,-70.1521693
182,202200152047,8010,8010-050-050822,10044022465,SUCESION INDIVISA REGINO DOMINGO TUMBA VALDEZ,"PANAMERICANA SUR KM. 1150, FUNDO LOS CHAMOS",MOQUEGUA,MARISCAL NIETO,MOQUEGUA,PUESTO DE VENTA DE COMBUSTIBLE - GRIFOS,C1:5000:GASOHOL 95 PLUS ,C1:2260:GASOHOL 90 PLUS ,C1:2260:Diesel B5 S-50 ,C1:3000:Diesel B5 S-50 ,,,,,,,12520.0,5/08/2022,INDEFINIDO,EULOGIO GUILLERMO TUMBA COAYLA,0,-17.2175612,-70.9715109
183,202300063425,163408,163408-050-300323,20609903041,SERVICENTRO ESMAD S.A.C.,URBANIZACION EL BOSQUE MZ. B LOTE 2,CUSCO,ANTA,PUCYURA,ESTACIONES DE SERVICIOS,C1:9210:Diesel B5 S-50 ,C1:9210:Diesel B5 S-50 ,C1:9210:GASOHOL REGULAR ,C1:4605:GASOHOL PREMIUM C2:4605:GASOHOL PREMIUM ,,,,,,,36840.0,30/03/2023,INDEFINIDO,SALCEDO GUTIERREZ SONIA,0,-13.4787955,-72.1135662
184,202200109826,33373,33373-050-180722,20607752941,G&P INVERSIONES ISLAY S.A.C.,"AV. PANAMERICANA S/N INTERSECCION CON CALLE 10, URB. ALTO INCLAN, MZ. X, LT. 12, ZONA A",AREQUIPA,ISLAY,MOLLENDO,PUESTO DE VENTA DE COMBUSTIBLE - GRIFOS,C1:2200:GASOHOL 95 PLUS C2:2200:SIN PRODUCTO C3:2200:GASOHOL 90 PLUS ,C1:4100:Diesel B5 S-50 C2:1200:SIN PRODUCTO ,,,,,,,,,11900.0,18/07/2022,INDEFINIDO,AMALIA PUMA HUAMANI,0,-17.0191811,-72.0083065
185,201500165203,37796,37796-050-020216,20119207992,BENCAR S.R.LTDA.,VILLA CUAJONE- CUAJONE MOQUEGUA,MOQUEGUA,MARISCAL NIETO,TORATA,PUESTO DE VENTA DE COMBUSTIBLE - GRIFOS,C1:3500:GASOHOL 95 PLUS ,C1:3500:Diesel B5 S-50 ,,,,,,,,,7000.0,2/02/2016,INDEFINIDO,HUGO FRANCISCO BENAVIDES CARTAGENA,0,-17.0384034,-70.70495199999999
186,201600128554,120578,120578-050-080916,10283024623,GUILLERMO CURI YAURI,CARRETERA PATIVILCA – HUARAZ KM 120,ANCASH,RECUAY,PAMPAS CHICO,ESTACIONES DE SERVICIOS,"C1:10000:DIESEL B5,Diesel B5 S-50 ",C1:5000:SIN PRODUCTO ,C1:2000:GASOHOL 95 PLUS C2:4000:GASOHOL 90 PLUS ,,,,,,,,21000.0,8/09/2016,INDEFINIDO,GUILLERMO CURI YAURI,0,-9.529453799999999,-77.5291577
187,202100177015,109986,109986-050-160821,20603300484,GRUPO KATFER ESTACION DE SERVICIOS S.R.L,CARRETERA HUANUCO - BAÑOS KM 01(CIUDAD DE BAÑOS),HUANUCO,LAURICOCHA,BAÑOS,ESTACIONES DE SERVICIOS,C1:1300:GASOHOL 95 PLUS ,C1:2600:GASOHOL 90 PLUS ,C1:2600:Diesel B5 S-50 ,,,,,,,,6500.0,16/08/2021,INDEFINIDO,FRANKLIN HERBERT MATOS CAMPOS ,720,-10.075285,-76.7350951
188,202100052554,91988,91988-050-210521,20490306227,SERVICENTRO ELENA EMPRESA INDIVIDUAL DE RESPONSABILIDAD LIMITADA / SERV. ELENA EIRL,MZ J - LOTES 1 Y 10 APV PICOL ORCOMPUGIO,CUSCO,CUSCO,SAN JERONIMO,ESTACIONES DE SERVICIOS,C1:3249:GASOHOL 97 PLUS C2:2393:GASOHOL 84 PLUS ,C1:9351:Diesel B5 S-50 ,C1:9252:GASOHOL 90 PLUS ,C1:7900:GASOHOL 95 PLUS ,,,,,,,32145.0,21/05/2021,INDEFINIDO,ARTURO DEL CARPIO DELGADO ,0,-13.5473483,-71.8980758
189,202200096893,15207,15207-050-120822,20127765279,COESTI S.A.,ESQ. DE LA AV. SAN LUIS N° 2605 CON SAN BORJA SUR,LIMA,LIMA,SAN BORJA,ESTACIONES DE SERVICIOS,C1:8000:GASOHOL 90 PLUS ,C1:4000:GASOHOL 97 PLUS C2:4000:GASOHOL 95 PLUS ,C1:4000:GASOHOL 95 PLUS C2:4000:Diesel B5 S-50 ,,,,,,,,24000.0,12/08/2022,INDEFINIDO,CESAR DOMINGO CRUCES LIBERT,240,-12.100766,-76.9943526
190,202000142920,151881,151881-050-191020,20605858601,GRUPO EMPRESARIAL NONATO E.I.R.L.,"CARRETERA PANAMERICANA SUR KM. 87.5 LOTE 01 ESQUINA CON PASAJE PALOMINO (UC 11676 SALITRE BUJAMA, SECTOR PAMPA BARCELONA)",LIMA,CAÑETE,MALA,ESTACIONES DE SERVICIOS,C1:5000:Diesel B5 S-50 ,C1:5000:GASOHOL 90 PLUS ,C1:2500:GASOHOL 95 PLUS C2:2500:GASOHOL 97 PLUS ,,,,,,,,15000.0,19/10/2020,INDEFINIDO,FAUSTO NONATO RAMOS,0,-12.714459,-76.631885
191,202000176673,105234,105234-050-261120,20542693747,ESTACION DE SERVICIOS GRIFO CAMPÍÑA EMPRESA INDIVIDUAL DE RESPONSABILIDAD LIMITADA,CARRETERA ASILLO - MACUSANI KM 75+500 C.P. TURUPAMPA LA ESTRELLA,PUNO,AZANGARO,ASILLO,PUESTO DE VENTA DE COMBUSTIBLE - GRIFOS,C1:6585:Diesel B5 S-50 ,C1:2634:GASOHOL 84 PLUS ,C1:3143:Diesel B5 S-50 ,C1:2694:GASOHOL 95 PLUS ,C1:2694:GASOHOL 90 PLUS ,,,,,,17750.0,26/11/2020,INDEFINIDO,HILDA EULOGIA MAMANI MENDOZA,720,-14.9065714,-70.1943599
192,201300162205,83963,83963-050-161013,20530814018,SERVICENTRO PETRO HUAURA S.A.C.,"CARRETERA HUAURA-SAYAN, KM.3.755, CASERIO DESAGRAVIO, U.C. 10612, SUB PARCELA B",LIMA,HUAURA,HUAURA,ESTACIONES DE SERVICIOS,C1:10888:Diesel B5 S-50 ,C1:3402:GASOHOL 95 PLUS C2:3402:GASOHOL 90 PLUS ,,,,,,,,,17692.0,16/10/2013,INDEFINIDO,EMMA NINFA SANCHEZ YUPANQUI,240,-11.1374632,-77.19739969999999
193,201800201468,17842,17842-050-041218,20535163350,NEGOCIACIONES J.P.C. S.R.L.,CARRETERA TACNA - CALIENTES KM. 8.5,TACNA,TACNA,CALANA,PUESTO DE VENTA DE COMBUSTIBLE - GRIFOS,C1:3000:Diesel B5 S-50 ,C1:3000:GASOHOL 90 PLUS ,,,,,,,,,6000.0,4/12/2018,INDEFINIDO,JUAN ANACLETO PACO CUSI,0,-18.0266509,-70.26170309999999
194,202300051010,91287,91287-050-080323,20480812582,SERVICIOS E INVERSIONES ENERGYNOR E.I.R.L,"CARRETERA CHICLAYO - SAN JOSE - MZ 35 - LOTES 1, 2, 16, 17 - URB. EL PESCADOR",LAMBAYEQUE,LAMBAYEQUE,SAN JOSE,PUESTO DE VENTA DE COMBUSTIBLE - GRIFOS,C1:2400:GASOHOL PREMIUM C2:2500:GASOHOL REGULAR ,C1:2000:Diesel B5 S-50 ,,,,,,,,,6900.0,8/03/2023,INDEFINIDO,FERNANDEZ VASQUEZ YONY BELLO,480,-6.7718844,-79.9344538
195,201700128967,14849,14849-050-250817,20351664674,MULTISERVICIOS EL GOLFO S.C.R.L.,AV. 9 DE OCTUBRE Nº 125 - AA.HH 9 DE OCTUBRE,UCAYALI,CORONEL PORTILLO,CALLERIA,PUESTO DE VENTA DE COMBUSTIBLE - GRIFOS,C1:7000:DIESEL B5 ,C1:7000:GASOLINA 90 ,C1:7000:GASOLINA 95 ,C1:7000:DIESEL B5 ,,,,,,,28000.0,25/08/2017,INDEFINIDO,INES CABRERA RAMIREZ,0,-8.3867197,-74.5440685
196,202300030788,158183,158183-050-170423,20602756921,GROUP MACKRE E.I.R.L.,AV. LOS INCAS S/N – CENTRO POBLADO URIPA,APURIMAC,CHINCHEROS,ANCO-HUALLO,ESTACIONES DE SERVICIOS,C1:11000:Diesel B5 S-50 ,C1:5000:GASOHOL REGULAR C2:2900:GASOHOL PREMIUM C3:3100:GASOHOL REGULAR ,,,,,,,,,22000.0,17/04/2023,INDEFINIDO,CARBAJAL SALCEDO MARIO,0,-13.5321991,-73.67602579999999
197,202000017956,149036,149036-050-310120,20228985237,ESTACION DE SERVICIOS SAN JOSE ESPINAR-CUSCO SRL,"CARRETERA IMATA - OCORURO KM 90.8 COMUNIDAD DE OCORURO, SECTOR DE ROSASANI SUB PARCELA N° 01-B",CUSCO,ESPINAR,OCORURO,PUESTO DE VENTA DE COMBUSTIBLE - GRIFOS,C1:10000:Diesel B5 S-50 ,C1:10000:Diesel B5 S-50 ,C1:10000:Diesel B5 S-50 ,C1:6900:GASOHOL 90 PLUS ,C1:3000:GASOHOL 95 PLUS C2:2000:GASOHOL 84 PLUS ,,,,,,41900.0,31/01/2020,INDEFINIDO,LUIS ALBERTO PEZO HUAYLLA ,0,-15.056867,-71.12669919999999
198,202200076963,140382,140382-050-030522,10091890912,BEATRIZ PICOY JESUS,PROLONGACIÓN AV. WALTER QUISPE FERRER S/N (REF. A 01 KM INGRESO A LAJAS),CAJAMARCA,CHOTA,LAJAS,ESTACIONES DE SERVICIOS,C1:4000:Diesel B5 S-50 ,C1:1000:GASOHOL 95 PLUS C2:1000:GASOHOL 84 PLUS C3:2000:GASOHOL 90 PLUS ,,,,,,,,,8000.0,3/05/2022,INDEFINIDO,BEATRIZ PICOY JESUS,720,-6.5588437,-78.7348674
199,201900191622,35855,35855-050-201119,10267047605,JAIME ANTONIO CONTRERAS TORRES,AV. LOS MAESTROS S/N. SECTOR COTEL,CAJAMARCA,SANTA CRUZ,SANTA CRUZ,PUESTO DE VENTA DE COMBUSTIBLE - GRIFOS,C1:4000:GASOHOL 84 PLUS ,C1:6000:Diesel B5 S-50 ,C1:2600:GASOHOL 90 PLUS ,,,,,,,,12600.0,20/11/2019,INDEFINIDO,JAIME ANTONIO CONTRERAS TORRES,0,-6.620040200000001,-78.9457948
200,202100289571,109779,109779-050-280122,20573238339,ESTACION DE SERVICIOS LUNA S.A.C.,KM 1.5 CARRETERA TINGO MARIA - BELLA JACINTILLO CP CASTILLO GRANDE,HUANUCO,LEONCIO PRADO,CASTILLO GRANDE,ESTACIONES DE SERVICIOS,C1:4000:Diesel B5 S-50 ,C1:2000:GASOHOL 90 PLUS C2:2000:GASOHOL 95 PLUS ,,,,,,,,,8000.0,28/01/2022,INDEFINIDO,FIGUEREDO LUNA CESAR DAVID,0,-9.323983199999999,-76.0273849
201,202300027721,20019,20019-050-150223,20154491873,MUNICIPALIDAD PROVINCIAL DE ILO,"PAMPA INALAMBRICA SECTOR H-I, LOTE 1",MOQUEGUA,ILO,ILO,PUESTO DE VENTA DE COMBUSTIBLE - GRIFOS,C1:6000:Diesel B5 S-50 ,C1:6000:GASOHOL 90 PLUS ,C1:6000:GASOHOL 95 PLUS ,,,,,,,,18000.0,15/02/2023,INDEFINIDO,HUMBERTO JESUS TAPIA GARAY,0,-17.6421123,-71.3385505
202,202300001517,15727,15727-050-060223,20392883208,SERVICENTRO MALI S.A.C.,ESQ. AV. GUARDIA CHALACA Y AV. SAENZ PEÑA N° 1513 - 1531,PROV. CONST. DEL CALLAO,PROV. CONST. DEL CALLAO,BELLAVISTA,ESTACIONES DE SERVICIOS,C1:4000:GASOHOL 90 PLUS C2:4000:Diesel B5 S-50 ,C1:3000:GASOHOL 95 PLUS C2:3000:Diesel B5 S-50 ,,,,,,,,,14000.0,6/02/2023,INDEFINIDO,JOSE LUIS COLETTI MIRELES,0,-12.059054,-77.1283617
203,201700117274,130728,130728-050-010817,20494781353,SERVICIOS GENERALES FULL GRIFOS DEL PERU S.A.C.,"PREDIO RUSTICO, LA JOYA, PREDIO LA HUACA, UC N°04293 Y UC N°04299",ICA,ICA,SANTIAGO,ESTACIONES DE SERVICIOS,C1:5500:Diesel B5 S-50 ,C1:5500:Diesel B5 S-50 ,C1:2300:GASOHOL 90 PLUS ,C1:2300:GASOHOL 95 PLUS ,,,,,,,15600.0,1/08/2017,INDEFINIDO,LORENZO MURIEL TTITO,0,-14.1761113,-75.71679619999999
204,201800154762,9496,9496-050-180918,20485878794,GRIFO REAL S.A.,CALLE REAL 308 - 312,JUNIN,HUANCAYO,CHILCA,PUESTO DE VENTA DE COMBUSTIBLE - GRIFOS,C1:6000:Diesel B5 S-50 ,C1:4200:GASOHOL 90 PLUS ,C1:5200:Diesel B5 S-50 ,C1:3500:GASOHOL 95 PLUS ,,,,,,,18900.0,18/09/2018,INDEFINIDO,ROBERTO PAULINO PARRAGA CORREA,0,-12.0783713,-75.2041579
205,202100045281,33444,33444-050-200321,20490291955,CORPORACION GRIFERA EDUARDO SOCIEDAD COMERCIAL DE RESPONSABILIDAD LIMITADA,VIA EVITAMIENTO ESQ. AV. SANTA CRUZ DE ACCOTA ,CUSCO,CANCHIS,SICUANI,ESTACIONES DE SERVICIOS,C1:6000:Diesel B5 S-50 ,C1:3000:GASOHOL 95 PLUS C2:3000:GASOHOL 90 PLUS ,C1:3000:GASOHOL 90 PLUS C2:3000:Diesel B5 S-50 ,,,,,,,,18000.0,20/03/2021,INDEFINIDO,LAURA CHURA SARA,0,-14.2841014,-71.229178
206,201700111405,93573,93573-050-260717,20489551854,CONSORCIO CORASMA S.R.L.,ZONA INDUSTRIAL SECTOR 1 MZ 6 LOTES 03 AL 09,PASCO,PASCO,VICCO,ESTACIONES DE SERVICIOS,C1:1500:GASOHOL 90 PLUS ,C1:7000:Diesel B5 S-50 ,C1:2000:Diesel B5 S-50 ,C1:1500:GASOHOL 95 PLUS ,,,,,,,12000.0,26/07/2017,INDEFINIDO,JULIO TEOBALDO CORASMA HUAMALI,0,-10.8436946,-76.24211849999999
207,202300051026,34623,34623-050-070323,20452311276,ESTACION DE SERVICIOS EL SOL S.R.L.,CARRETERA PANAMERICANA SUR KM 441.85,ICA,NAZCA,NAZCA,ESTACIONES DE SERVICIOS,C1:5490:SIN PRODUCTO ,C1:2573:SIN PRODUCTO C2:2573:SIN PRODUCTO ,C1:5490:SIN PRODUCTO ,C1:6700:Diesel B5 S-50 ,C1:8000:Diesel B5 S-50 ,"C1:0:GASOHOL 90 PLUS,GASOHOL REGULAR C2:0:GASOHOL 95 PLUS,GASOHOL PREMIUM ",C1:10500:Diesel B5 S-50 ,"C1:5000:Diesel B5 S-50 C2:0:GASOHOL 95 PLUS,GASOHOL PREMIUM C3:2500:GASOHOL 90 PLUS,GASOHOL REGULAR ",,,56826.0,7/03/2023,INDEFINIDO,FAVIO SATURNINO ALATRISTA MEDINA,0,-14.8369317,-74.9424281
208,202100249911,159642,159642-050-290122,20605683097,MULTISERVICIOS GUAPISIMO S.A.C.,PREDIO RUSTICO DENOMINADO LA PAMPLONA UC 19510 SECTOR CONDEBAMBA VALLE HUATANAY,CUSCO,CUSCO,SAYLLA,ESTACIONES DE SERVICIOS,C1:10625:Diesel B5 S-50 ,C1:8056:Diesel B5 S-50 C2:2528:GASOHOL 97 PLUS ,C1:8056:GASOHOL 90 PLUS C2:2528:GASOHOL 95 PLUS ,,,,,,,,31793.0,29/01/2022,INDEFINIDO,ROOSEVELT MEDINA ROSA,0,-13.5506489,-71.82748459999999
209,201900161498,19964,19964-050-231019,20251205311,GRIFOS TERESA DE CALCUTA S.A.,CARRETERA CIENEGUILLA (AV. LA MOLINA) KM. 11.5 Y DESVIO A MANCHAY URB. MUSA,LIMA,LIMA,PACHACAMAC,ESTACIONES DE SERVICIOS,C1:7500:GASOHOL 95 PLUS C2:7500:GASOHOL 90 PLUS ,C1:4000:GASOHOL 97 PLUS C2:4000:SIN PRODUCTO ,C1:8000:Diesel B5 S-50 ,,,,,,,,31000.0,23/10/2019,INDEFINIDO,ALBERTO GONZALEZ LARA ,0,-12.166667,-76.86666699999999
210,202000157958,37125,37125-050-021120,20356178093,ESTACION DE SERVICIOS CALIFORNIA E.I.R.L.,CARRETERA PIURA - SECHURA KM. 26.5,PIURA,SECHURA,VICE,PUESTO DE VENTA DE COMBUSTIBLE - GRIFOS,C1:3200:GASOHOL 90 PLUS ,C1:607:SIN PRODUCTO ,C1:1952:Diesel B5 S-50 ,,,,,,,,5759.0,2/11/2020,INDEFINIDO,SEMINARIO MENDOZA JULIO ERNESTO,0,-5.4217722,-80.7757458
211,202000028304,8660,8660-050-250220,10738130877,DENIS MICHAEL MADARIAGA ANDIA ,AV. PANAMERICANA NORTE S/N.,PUNO,CHUCUITO,DESAGUADERO,PUESTO DE VENTA DE COMBUSTIBLE - GRIFOS,C1:4000:GASOHOL 90 PLUS C2:4000:Diesel B5 S-50 ,,,,,,,,,,8000.0,25/02/2020,INDEFINIDO,DENIS MICHAEL MADARIAGA ANDIA ,0,-15.9039696,-69.8865431
212,202100091172,156084,156084-050-180521,10408482921,HUMBERTO MANUEL FERNANDO LAZARO MARTINEZ,"SECTOR HUAPALAS, ZONA DE CORAZÓN DE JESÚS, CON RRCC 56447-01 – CARRETERA A CHULUCANAS",PIURA,MORROPON,CHULUCANAS,ESTACIONES DE SERVICIOS,C1:6140:Diesel B5 S-50 ,C1:5110:GASOHOL 90 PLUS ,C1:4000:GASOHOL 84 PLUS ,C1:4000:GASOHOL 95 PLUS ,C1:3000:SIN PRODUCTO ,,,,,,22250.0,18/05/2021,INDEFINIDO,HUMBERTO MANUEL FERNANDO LAZARO MARTINEZ,0,-5.1205189,-80.19517809999999
213,202000058471,45101,45101-050-220520,20542395720,GRIFOS CRYSMAR E.I.R.L.,CARRETERA MARGINAL KM 486 - SECTOR SAN JUAN DE TANGUMI,SAN MARTIN,MOYOBAMBA,CALZADA,PUESTO DE VENTA DE COMBUSTIBLE - GRIFOS,C1:2000:GASOLINA 90 C2:6000:Diesel B5 S-50 ,C1:6000:Diesel B5 S-50 C2:2000:GASOLINA 84 ,,,,,,,,,16000.0,22/05/2020,INDEFINIDO,ORESTES VICTORIANO ARAUJO ARAUJO,0,-6.0388475,-77.09820119999999
214,202100020463,154272,154272-050-080421,20607150738,ESTACION & SERVICIOS A & Y S.R.L.,"PUEBLO JOVEN 3 DE OCTUBRE MZ. N, LOTE N° 1",AREQUIPA,AREQUIPA,JOSE LUIS BUSTAMANTE Y RIVERO,PUESTO DE VENTA DE COMBUSTIBLE - GRIFOS,C1:1300:GASOHOL 95 PLUS C2:2600:Diesel B5 S-50 ,C1:1300:GASOHOL 97 PLUS C2:2600:GASOHOL 90 PLUS ,,,,,,,,,7800.0,8/04/2021,INDEFINIDO,YANIRA ZULEMA QUISPE CHAMBI,0,-16.4445144,-71.5197219
215,201200171947,98303,98303-050-190912,20490539914,SERVICENTRO TODA UNA VIDA S.R.L.,CARRETERA PUERTO MALDONADO - CUSCO KM. 7+500,MADRE DE DIOS,TAMBOPATA,TAMBOPATA,ESTACIONES DE SERVICIOS,C1:10600:GASOLINA 84 ,C1:10600:Diesel B5 S-50 ,C1:8515:Diesel B5 S-50 C2:2085:GASOLINA 90 ,,,,,,,,31800.0,19/09/2012,INDEFINIDO,KLEIBERT QUISPE CRUZ,0,-12.5844962,-69.1907152
216,201700048401,104438,104438-050-310317,10423686770,MARIA ESPERANZA AGUILAR REYES,AV. CUCHUPAMPA S/N-CARRETERA HUARMACA A HUALAPAMPA-CASERIO CUCHUPAMPA,PIURA,HUANCABAMBA,HUARMACA,ESTACIONES DE SERVICIOS,"C1:2100:DIESEL B5,Diesel B5 S-50 ",C1:1500:GASOHOL 90 PLUS ,,,,,,,,,3600.0,31/03/2017,INDEFINIDO,MARIA ESPERANZA AGUILAR REYES,0,-5.5859383,-79.52173789999999
217,201900197101,7247,7247-050-021219,20503840121,REPSOL COMERCIAL S.A.C.,"AV. LA MOLINA N° 2880, URB. EL SAUCE DE LA RINCONADA",LIMA,LIMA,LA MOLINA,ESTACIONES DE SERVICIOS,C1:6000:Diesel B5 S-50 ,C1:6000:GASOHOL 90 PLUS ,C1:6000:GASOHOL 90 PLUS ,C1:6000:GASOHOL 98 PLUS ,C1:6000:GASOHOL 95 PLUS ,,,,,,30000.0,2/12/2019,INDEFINIDO,VICTOR GONZALO CASTILLO OVIEDO,0,-12.083817,-76.927588
218,202000058476,101109,101109-050-200520,10418966721,ANTONIO OCAMPO RODRIGUEZ,CODIGO CATASTRAL 173 -A MARGEN DERECHA DEL RIO MASHUYACU,AMAZONAS,RODRIGUEZ DE MENDOZA,OMIA,ESTACIONES DE SERVICIOS,C1:2390:Diesel B5 S-50 ,C1:2390:GASOLINA 90 ,,,,,,,,,4780.0,20/05/2020,INDEFINIDO,ANTONIO OCAMPO RODRIGUEZ,0,-6.491660899999999,-77.244826
219,201800210878,9548,9548-050-261218,20602544002,COMPAÑIA OPERADORA DE LA SELVA S.A.,ESQUINA CALLE FANNING CON CALLE CALVO DE ARAUJO N° 801,LORETO,MAYNAS,IQUITOS,ESTACIONES DE SERVICIOS,C1:6000:GASOLINA 84 ,C1:4000:SIN PRODUCTO ,C1:3000:GASOLINA 90 ,C1:1500:DIESEL B5 ,,,,,,,14500.0,26/12/2018,INDEFINIDO,MARLY PATRICIA RENGIFO RIOS,0,-3.7470946,-73.2499152
220,202200162624,16815,16815-050-070922,20102663196,ESTACION DE SERVICIOS ECA S.R.L.,CARRETERA PIURA - SECHURA KM. 37 CASERIO BECARA,PIURA,SECHURA,VICE,ESTACIONES DE SERVICIOS,C1:3030:GASOHOL 84 PLUS ,C1:3030:Diesel B5 S-50 ,C1:3030:GASOHOL 90 PLUS ,,,,,,,,9090.0,7/09/2022,INDEFINIDO,JOSE ANDRES ECA PANTA,720,-5.431653,-80.8059799
221,1500215,93759,93759-050-010911,10048271214,SANTIAGO CONDORI RODRIGUEZ,"FRACCION DE PARCELA Nº 20, UC 30474 - ALTO LIBERTAD ALTURA KM 98+500 CARRET. PTO MALDONADO-MAZUKO",MADRE DE DIOS,TAMBOPATA,INAMBARI,PUESTO DE VENTA DE COMBUSTIBLE - GRIFOS,C1:6400:DIESEL B5 ,C1:6400:DIESEL B5 ,C1:6400:DIESEL B5 ,C1:5200:GASOLINA 84 ,,,,,,,24400.0,1/09/2011,INDEFINIDO,SANTIAGO CONDORI RODRIGUEZ,0,-13.0974726,-70.3682625
222,202000055019,8552,8552-050-070520,20127765279,COESTI S.A.,AV. GRAU N° 1308,PIURA,PIURA,PIURA,ESTACIONES DE SERVICIOS,C1:6000:GASOHOL 90 PLUS ,C1:6500:GASOHOL 95 PLUS ,C1:6500:GASOHOL 90 PLUS ,C1:6500:GASOHOL 84 PLUS ,C1:6500:Diesel B5 S-50 ,,,,,,32000.0,7/05/2020,INDEFINIDO,ABRAHAM HUGO CALDERON MAVILA,240,-5.1933965,-80.638048
223,201800134387,8219,8219-050-160818,20176915464,GRILUSE S.R.L.,CARRETERA PANAMERICANA NORTE KM. 517,LA LIBERTAD,VIRU,VIRU,PUESTO DE VENTA DE COMBUSTIBLE - GRIFOS,C1:3500:Diesel B5 S-50 ,C1:2900:GASOHOL 90 PLUS ,C1:1400:GASOHOL 97 PLUS ,,,,,,,,7800.0,16/08/2018,INDEFINIDO,MANUEL GUERRERO LEON ,0,-8.6093197,-78.6653401
224,202100266598,160069,160069-050-270122,20522542726,EMPRESA DE TRANSPORTES JUNELY S.A.C. - TRANSPORTES JUNELY S.A.C.,AV. TUPAC AMARU ESQUINA CON CALLE 8,UCAYALI,CORONEL PORTILLO,CALLERIA,ESTACIONES DE SERVICIOS,C1:5000:DIESEL B5 ,C1:2500:GASOLINA 90 C2:2500:GASOLINA 95 ,,,,,,,,,10000.0,27/01/2022,INDEFINIDO,PERCY WALDIR VICUÑA PONCE,0,-8.4028735,-74.5797345
225,201800036315,6829,6829-050-070318,20602804705,SERVICIOS GENERALES JDDR S.A.C.,CARRETERA PANAMERICANA SUR KM. 226,ICA,PISCO,SAN CLEMENTE,PUESTO DE VENTA DE COMBUSTIBLE - GRIFOS,C1:6000:Diesel B5 S-50 ,C1:3000:GASOHOL 90 PLUS ,C1:1000:SIN PRODUCTO ,C1:6000:GASOHOL 95 PLUS ,,,,,,,16000.0,7/03/2018,INDEFINIDO,JESUS RUBEN NOLVERTO PAREDES,0,-13.6429025,-76.1732143
226,202200165507,151820,151820-050-101122,20603386257,CGN GRIFOS E.I.R.L.,JR. LOS LAURELES ESQ. CON JR. 16 DE NOVIEMBRE MZ. C LT. 1 A.H. PROYECTO INTEGRAL LA PAZ,UCAYALI,CORONEL PORTILLO,MANANTAY,PUESTO DE VENTA DE COMBUSTIBLE - GRIFOS,C1:2800:DIESEL B5 ,C1:2800:GASOLINA 90 ,C1:2800:GASOLINA 90 ,,,,,,,,8400.0,10/11/2022,INDEFINIDO,JORGE ZEVALLOS ACOSTA,720,-8.4203388,-74.54818
227,201700008644,16783,16783-050-200117,20531343949,INVERSIONES ORO NEGRO S.A.C.,JR. TAHUANTINSUYO N° 102,SAN MARTIN,SAN MARTIN,TARAPOTO,ESTACIONES DE SERVICIOS,C1:7800:GASOLINA 90 ,C1:5200:GASOLINA 84 ,"C1:5200:DIESEL B5,Diesel B5 S-50 ",C1:3900:GASOLINA 95 ,C1:3900:GASOLINA 97 ,,,,,,26000.0,20/01/2017,INDEFINIDO,JUAN PABLO MORI REATEGUI,720,-6.4902915,-76.3632868
228,202000145627,124309,124309-050-211020,20605438173,SAN FRANCISCO GROUP S.A.C.,KM. 122 CARRETERA PATIVILCA - CONOCOCHA - CENTRO POBLADO HUAMBO,ANCASH,RECUAY,PAMPAS CHICO,ESTACIONES DE SERVICIOS,C1:6000:Diesel B5 S-50 ,C1:2000:GASOHOL 98 PLUS C2:2000:GASOHOL 90 PLUS C3:2000:GASOHOL 95 PLUS ,,,,,,,,,12000.0,21/10/2020,INDEFINIDO,KATY JANET ARELLANO GONZALES,0,-10.1225068,-77.2928402
229,202000083041,122794,122794-050-110820,20601380316,SERVICENTRO LH S.R.L.,"MZ. E-2, LOTE 1, PUEBLO TRADICIONAL, URB. MARIANO MELGAR",AREQUIPA,AREQUIPA,MARIANO MELGAR,ESTACIONES DE SERVICIOS,C1:4000:Diesel B5 S-50 ,C1:4000:GASOHOL 95 PLUS ,C1:4000:GASOHOL 90 PLUS ,,,,,,,,12000.0,11/08/2020,INDEFINIDO,JUANA HOLGUINO IHUE,0,-16.4184802,-71.5189062
230,201800101262,121432,121432-050-210618,20603110162,ESTACION DE SERVICIOS TUNKIMAYO SOCIEDAD ANONIMA CERRADA,CARRETERA DE SAN PEDRO DE PUTINA PUNCO KM 268 C.P CURVA ALEGRE,PUNO,SANDIA,SAN PEDRO DE PUTINA PUNCO,PUESTO DE VENTA DE COMBUSTIBLE - GRIFOS,C1:5269:Diesel B5 S-50 ,C1:3951:GASOHOL 84 PLUS ,,,,,,,,,9220.0,21/06/2018,INDEFINIDO,FERNANDO MAMANI PERALTA ,0,-14.0409607,-68.95924149999999
231,202000093483,101883,101883-050-020820,20542341808,NL GROUP CONTRATISTAS E.I.R.L.,JR. TUPAC AMARU S/N CON JR. NUEVA ESPERANZA – C.P. CONSUELO,SAN MARTIN,BELLAVISTA,SAN PABLO,PUESTO DE VENTA DE COMBUSTIBLE - GRIFOS,C1:1360:GASOLINA 84 C2:1360:GASOLINA 90 ,C1:2260:Diesel B5 S-50 ,,,,,,,,,4980.0,2/08/2020,INDEFINIDO,NOEL ISUIZA CUMAPA,0,-6.819219899999999,-76.576998
232,201800195843,139940,139940-050-281218,10424459882,JOSE SANTOS MIGUEL FLORES NARRO ,LOTE SUB PARCELA UC N° 017332-C AV. VICTOR RAUL SECTOR MACABI BAJO,LA LIBERTAD,ASCOPE,PAIJAN,ESTACIONES DE SERVICIOS,C1:3400:Diesel B5 S-50 ,C1:1700:GASOHOL 90 PLUS C2:1700:GASOHOL 95 PLUS ,,,,,,,,,6800.0,28/12/2018,INDEFINIDO,JOSE SANTOS MIGUEL FLORES NARRO ,720,-7.7201057,-79.3504182
233,202100217112,103103,103103-050-011021,20548986908,EMPRESA DE TRANSPORTES Y SERVICIOS BEA S.A.C.,"CARRETERA PANAMERICANA NORTE, PARCELA 45A, SECTOR LA CHILAMPA ",LIMA,HUAURA,VEGUETA,ESTACIONES DE SERVICIOS,C1:6600:Diesel B5 S-50 ,C1:1600:GASOHOL 95 PLUS ,C1:1600:GASOHOL 90 PLUS ,,,,,,,,9800.0,1/10/2021,INDEFINIDO,DIANA CRISTINA HUANEY BAZAN,0,-10.9397944,-77.6463323
234,202000116949,21332,21332-050-230222,20600385080,SERVICENTRO LCJ EL EJE S.A.C.,EJE URBANO LOTE N° 192 - EL PEDREGAL,AREQUIPA,CAYLLOMA,MAJES,PUESTO DE VENTA DE COMBUSTIBLE - GRIFOS,C1:4000:Diesel B5 S-50 C2:2000:GASOHOL 95 PLUS ,C1:4061:Diesel B5 S-50 ,C1:2095:GASOHOL 90 PLUS ,,,,,,,,12156.0,23/02/2022,INDEFINIDO,ELISA ELSA CARDENAS TAMO,0,-16.3597954,-72.1927327
235,201900152933,146663,146663-050-300919,20603142153,INVERSIONES JHONNATAN E.I.R.L.,"JR. SIMON BOLIVAR MZ. E, LOTE 15-A",AYACUCHO,SUCRE,QUEROBAMBA,ESTACIONES DE SERVICIOS,C1:4000:Diesel B5 S-50 ,C1:2000:GASOHOL 90 PLUS C2:2000:GASOHOL 95 PLUS ,,,,,,,,,8000.0,30/09/2019,INDEFINIDO,LICET VIRGINIA GARIBAY AROSTEGUI ,0,-13.9891662,-73.8183804
236,1565445,8644,0009-GRIF-21-2000,20322125497,GRIFO MARAVILLAS S.C.R.L.,CARRETERA JULIACA - CUSCO KM. 3.5,PUNO,SAN ROMAN,JULIACA,PUESTO DE VENTA DE COMBUSTIBLE - GRIFOS,C1:4000:DIESEL 2 ,C1:4000:DIESEL 2 ,C1:3000:GASOLINA 84 ,,,,,,,,11000.0,26/05/2005,INDEFINIDO,"CATI VELASQUEZ, JAVIER",0,-15.5066438,-70.1169401
237,202000139532,130942,130942-050-081020,20606525011,GRUPO M & P GRIFOS S.A.C.,AV. INAMBARI CON ESQUINA AV. NUEVA,PUNO,AZANGARO,ASILLO,PUESTO DE VENTA DE COMBUSTIBLE - GRIFOS,C1:3595:GASOHOL 84 PLUS ,C1:3595:GASOHOL 90 PLUS ,C1:5395:Diesel B5 S-50 ,,,,,,,,12585.0,8/10/2020,INDEFINIDO,ANA MARISHELY MAMANCHURA PEREYRA ,0,-14.7861572,-70.353478
238,202200071869,16696,16696-050-090522,20609150751,GRIFO CENTRAL RIOJA E.I.R.L.,JR. ANGAIZA N° 391-395 ESQUINA CON JR. JUAN SIMONS,SAN MARTIN,RIOJA,RIOJA,PUESTO DE VENTA DE COMBUSTIBLE - GRIFOS,C1:5473:GASOLINA 84 ,C1:5473:GASOLINA 90 ,,,,,,,,,10946.0,9/05/2022,INDEFINIDO,JORGE TORIBIO ARBILDO LOPEZ,0,-6.0570886,-77.1684847
239,202100084420,135204,135204-050-200521,20607614807,INVERSIONES BELLOTA JB S.A.C.,CARRETERA COLQUEMARCA - CUSCO S/N,CUSCO,CHUMBIVILCAS,COLQUEMARCA,PUESTO DE VENTA DE COMBUSTIBLE - GRIFOS,C1:4100:Diesel B5 S-50 ,C1:2050:GASOHOL 90 PLUS C2:2050:GASOHOL 90 PLUS ,,,,,,,,,8200.0,20/05/2021,INDEFINIDO,BENIGNO BELLOTA TAPIA ,0,-14.2839374,-72.04153880000001
240,201600128470,63802,63802-050-160916,20480011571,ESTACION DE SERVICIO ZAMY S.R.L.,AV. HUAYNACAPAC N° 200-202 A.H VILLA EL SOL ,LAMBAYEQUE,CHICLAYO,REQUE,ESTACIONES DE SERVICIOS,"C1:3500:DIESEL B5,GASOLINA 84 ",C1:2250:GASOLINA 95 ,C1:4000:Diesel B5 S-50 ,C1:4000:Diesel B5 S-50 ,C1:2250:GASOLINA 90 ,,,,,,16000.0,16/09/2016,INDEFINIDO,ZAMIRRA VIRGINIA DELGADO DE ARRASCUE,0,-6.8711062,-79.81709529999999
241,202100029527,15702,15702-050-200221,20447841496,GRIFO'S K'LIFORNIA SOCIEDAD COMERCIAL DE RESPONSABILIDAD LIMITADA,KM. 28 CARRETERA PANAMERICANA JULIACA - CUSCO,PUNO,LAMPA,CALAPUJA,PUESTO DE VENTA DE COMBUSTIBLE - GRIFOS,C1:3000:GASOHOL 90 PLUS ,C1:4000:Diesel B5 S-50 ,,,,,,,,,7000.0,20/02/2021,INDEFINIDO,CORINA RUTH VELIZ BENIQUE,0,-15.8759768,-74.1731891
242,202200132278,152715,152715-050-010822,10452250361,VELEZ CHERO DAVID IGNACIO,JR. MOQUEGUA N° 697 SECTOR IV,PIURA,MORROPON,CHULUCANAS,ESTACIONES DE SERVICIOS,C1:2500:GASOHOL 84 PLUS ,C1:2500:GASOHOL 90 PLUS ,C1:2500:Diesel B5 S-50 ,,,,,,,,7500.0,1/08/2022,INDEFINIDO,VELEZ CHERO DAVID IGNACIO,0,-5.0988691,-80.1652373
243,201900125212,104839,104839-050-050819,10209775480,PABLO JULIAN EGOAVIL CAMACUARI ,CARRETERA MARGINAL LA MERCED - SATIPO KM 101,JUNIN,SATIPO,RIO NEGRO,ESTACIONES DE SERVICIOS,C1:1800:Diesel B5 S-50 ,C1:1800:GASOHOL 84 PLUS ,C1:1800:GASOHOL 90 PLUS ,C1:1800:GASOHOL 97 PLUS ,,,,,,,7200.0,5/08/2019,INDEFINIDO,PABLO JULIAN EGOAVIL CAMACAURI ,0,-11.2084381,-74.65907279999999
244,202200046419,9369,9369-050-180322,10294676282,FEDERICO ANTONIO CARPIO VARGAS,AV. CONFEDERACION Nº 515,CUSCO,CANCHIS,SICUANI,PUESTO DE VENTA DE COMBUSTIBLE - GRIFOS,C1:6000:GASOHOL 90 PLUS ,C1:6000:Diesel B5 S-50 ,C1:6000:SIN PRODUCTO ,,,,,,,,18000.0,18/03/2022,INDEFINIDO,FEDERICO ANTONIO CARPIO VARGAS,0,-14.2592425,-71.2277744
245,201800161952,108958,108958-050-171018,20488102843,GRIFO´S SAN MARTIN S.A.C.,CASERIO PUERTO NARANJITO KM 248 - CARRETERA FERNANDO BELAUNDE TERRY,AMAZONAS,UTCUBAMBA,JAMALCA,ESTACIONES DE SERVICIOS,C1:3000:Diesel B5 S-50 ,C1:2000:GASOHOL 84 PLUS C2:1600:GASOHOL 90 PLUS ,,,,,,,,,6600.0,17/10/2018,INDEFINIDO,JORGE LUIS ARCE REQUEJO ,0,-5.9214227,-78.1197751
246,1919871,61861,0016-GRIF-15-2007,20504391354,EL REGALON S.A.C,AV. 27 DE DICIEMBRE MZ. 8S LOTE 9 SEGUNDO SECTOR SAN FRANCISCO TABLADA DE LURIN,LIMA,LIMA,VILLA MARIA DEL TRIUNFO,PUESTO DE VENTA DE COMBUSTIBLE - GRIFOS,C1:7952:DIESEL B2 ,C1:2900:SIN PRODUCTO ,C1:2006:GASOLINA 90 ,C1:1749:GASOLINA 84 ,,,,,,,14607.0,3/12/2009,INDEFINIDO,"MENDOZA CISNEROS, ESTHER MARISOL",0,-12.1890488,-76.9279845
247,202200211230,7060,7060-050-091122,20604337012,CRUMAR S.A.C.,CARRETERA PANAMERICANA NORTE KM.186 (ANTES KM. 190 Y ANTES 173.6 LUEGO 185 SEGÚN CONSTA EN LA ESCRITURA DE TRANSFERENCIA DE PROPIEDAD Nº 1077),LIMA,BARRANCA,SUPE PUERTO,ESTACIONES DE SERVICIOS,C1:4000:GASOHOL 95 PLUS ,C1:4000:GASOHOL 90 PLUS ,C1:4000:GASOHOL 97 PLUS ,C1:4000:Diesel B5 S-50 ,C1:6000:Diesel B5 S-50 ,C1:6000:Diesel B5 S-50 ,,,,,28000.0,9/11/2022,INDEFINIDO,JORGE LUIS MARAVI ESPINOZA,0,-7.838863,-79.1526054
248,202100275007,21038,21038-050-231221,20548243948,SERVICIOS GAIA S.A.C.,"AV. TUPAC AMARU, ALTURA KM. 23 CARRETERA CANTA",LIMA,LIMA,CARABAYLLO,ESTACIONES DE SERVICIOS,C1:4000:Diesel B5 S-50 ,C1:2000:GASOHOL 90 PLUS C2:2000:GASOHOL 95 PLUS ,C1:8000:Diesel B5 S-50 ,C1:4000:Diesel B5 S-50 ,,,,,,,20000.0,23/12/2021,INDEFINIDO,JORGE LUIS MARAVI ESPINOZA,0,-11.880316,-77.0203237
249,202200132933,92944,92944-050-310722,10292260003,MIGUEL ANGEL POLANCO VELASQUEZ,"UBIC. RUR. SECTOR-A, LOTE 4, U.C. LADRILLEROS SAN JUAN BAUTISTA DE LA COMUNIDAD CAMPESINA DE CHARACATO",AREQUIPA,AREQUIPA,SOCABAYA,ESTACIONES DE SERVICIOS,C1:5900:Diesel B5 S-50 ,C1:3079:GASOHOL 90 PLUS C2:1480:GASOHOL 95 PLUS ,,,,,,,,,10459.0,31/07/2022,INDEFINIDO,MIGUEL ANGEL POLANCO VELASQUEZ,0,-16.3928384,-71.5307134
250,202000063222,149625,149625-050-160620,20603467851,SERVICENTRO EMPRESARIAL ALEJANDROS S.R.L.,"COMUNIDAD CAMPESINA HUANCARANI, SECTOR PARUPARU",CUSCO,PAUCARTAMBO,HUANCARANI,ESTACIONES DE SERVICIOS,C1:7903:Diesel B5 S-50 ,C1:7903:Diesel B5 S-50 ,C1:7903:GASOHOL 90 PLUS ,C1:3951:GASOHOL 84 PLUS C2:3951:GASOHOL 95 PLUS ,,,,,,,31611.0,16/06/2020,INDEFINIDO,ALEJANDRO PUMACHARA PUMA ,0,-13.5037024,-71.6548169
251,201800142185,20994,20994-050-050918,20509770213,INVERSIONES BROWN S.R.L.,JR. MANCO CAPAC N° 839 Y CALLE QUINUA,AYACUCHO,HUAMANGA,AYACUCHO,PUESTO DE VENTA DE COMBUSTIBLE - GRIFOS,C1:6000:GASOHOL 95 PLUS ,C1:6000:Diesel B5 S-50 ,C1:6000:GASOHOL 90 PLUS ,C1:2000:GASOHOL 84 PLUS ,,,,,,,20000.0,5/09/2018,INDEFINIDO,GLADYS JANETT TENORIO GALVEZ,0,-13.1567029,-74.2208591
252,202200132931,163897,163897-050-220223,10154052882,RUEDA QUISPE JESUS ALFONSO,"AV. CENTRO POBLADO PUEBLO NUEVO DE CONTA, AV. VICTOR ANDRES BELAUNDE MZ. X2 LOTE 6 ",LIMA,CAÑETE,NUEVO IMPERIAL,ESTACIONES DE SERVICIOS,C1:4000:Diesel B5 S-50 ,C1:4000:GASOHOL 90 PLUS ,C1:2000:GASOHOL 95 PLUS C2:2000:GASOHOL 97 PLUS ,,,,,,,,12000.0,22/02/2023,INDEFINIDO,JESUS ALFONSO RUEDA QUISPE,0,-13.0153265,-76.336077
253,202200202910,9575,9575-050-091122,20505880171,RED DE COMBUSTIBLES LIQUIDOS S.A.C.,"JR. TARATA MZ. 1, LOTE 1, URB. LA PERLA",PROV. CONST. DEL CALLAO,PROV. CONST. DEL CALLAO,LA PERLA,PUESTO DE VENTA DE COMBUSTIBLE - GRIFOS,C1:1980:SIN PRODUCTO ,C1:5280:Diesel B5 S-50 ,C1:3300:GASOHOL 95 PLUS C2:3300:GASOHOL 97 PLUS ,C1:6600:GASOHOL 90 PLUS ,,,,,,,20460.0,8/11/2022,INDEFINIDO,FERNANDO FRANCISCO CABADA SAMAME,0,-12.0695909,-77.1236524
254,202300088288,131350,131350-050-050523,20602603505,ESTACION DE SERVICIOS QUILLINCHITO S.R.L.,JIRON CAHUIDE S/N - CARRETERA HUANCARAMA - ABANCAY,APURIMAC,ANDAHUAYLAS,HUANCARAMA,ESTACIONES DE SERVICIOS,C1:10000:Diesel B5 S-50 ,C1:3815:GASOHOL PREMIUM C2:3815:GASOHOL REGULAR ,,,,,,,,,17630.0,5/05/2023,INDEFINIDO,CLAUDIO VERA ALEGRIA,0,-13.6400856,-72.8840661
255,202100279176,138639,138639-050-010122,20601835089,EMPRESA MULTISERVICIOS GENERALES DUQUE JAN EL MAGNATE E.I.R.L.,CARRETERA CAJAMARCA - CELENDIN SECTOR CHIMCHIM CHUQUIPUQUIO (AV. MANCO CAPAC REF. A 01 KM SALIDA CP PUYLLUCANA),CAJAMARCA,CAJAMARCA,LOS BAÑOS DEL INCA,ESTACIONES DE SERVICIOS,C1:10000:GASOHOL 90 PLUS ,C1:10000:GASOHOL 95 PLUS ,C1:10000:Diesel B5 S-50 ,C1:10000:Diesel B5 S-50 ,C1:10000:Diesel B5 S-50 ,C1:5000:GASOHOL 84 PLUS C2:5000:GASOHOL 97 PLUS ,,,,,60000.0,1/01/2022,INDEFINIDO,JULIO ALBERTO NUÑEZ MIREZ,0,-7.1602094,-78.4591457
256,201300057314,100012,100012-050-280313,20547758227,SERVICENTRO SATO E.I.R.L.,"AV. LAS LOMAS DE CARABAYLLO (VÍA PERIURBANA TRAMO I-C), MZ. A, LOTE 01 - ASOCIACIÓN AGROPECUARIA LOS PALOMARES",LIMA,LIMA,CARABAYLLO,ESTACIONES DE SERVICIOS,C1:3690:Diesel B5 S-50 ,C1:2440:GASOHOL 90 PLUS ,C1:1460:GASOHOL 84 PLUS ,C1:1760:GASOHOL 95 PLUS C2:1910:GASOHOL 97 PLUS ,,,,,,,11260.0,28/03/2013,INDEFINIDO,JAVIER WILLIAM SAENZ ROSALES,0,-12.0983551,-76.9620498
257,202300030743,40146,40146-050-160223,20608868225,ORIENTE COMBUSTIBLES Y DERIVADOS S.A.C.,CALLE CONDAMINE Nº 178. ESQ. CON CALLE NAUTA Nº 385-389,LORETO,MAYNAS,IQUITOS,ESTACIONES DE SERVICIOS,C1:3615:DIESEL B5 ,C1:3615:GASOLINA 84 ,C1:5422:GASOLINA 84 ,C1:3615:GASOLINA 90 ,,,,,,,16267.0,16/02/2023,INDEFINIDO,JUAN LUIS LLANOS HERNADEZ,0,-3.7472959,-73.2447677
258,202200051435,44674,44674-050-240322,20441802863,GRUPO EMPRESARIAL DEL CHIRA S.A.,SUB LOTE A-2 ZONA INDUSTRIAL MUNICIPAL IV SULLANA,PIURA,SULLANA,SULLANA,ESTACIONES DE SERVICIOS,C1:6600:Diesel B5 S-50 ,C1:3300:GASOHOL 90 PLUS C2:3300:GASOHOL 84 PLUS ,,,,,,,,,13200.0,24/03/2022,INDEFINIDO,CARLO MARIO SANCHEZ CHUNGA,0,-4.9150687,-80.675692
259,202300074185,83653,83653-050-150423,20610508279,F & K ZEGARRA E.I.R.L.,CALLE TUMBES S/N LOTE 3-B FUNDO EL REINTEGRO LATERAL 4 DEL VALLE DEL CHILI A.A.H.H. ALTO LA LIBERTAD,AREQUIPA,AREQUIPA,CERRO COLORADO,PUESTO DE VENTA DE COMBUSTIBLE - GRIFOS,C1:1955:GASOHOL PREMIUM C2:1942:SIN PRODUCTO ,C1:3957:GASOHOL REGULAR ,C1:3970:Diesel B5 S-50 ,,,,,,,,11824.0,15/04/2023,INDEFINIDO,MARLENE JULIETA ZEGARRA QUIRITA,0,-16.3424659,-71.58469749999999
260,201900085948,144346,144346-050-030619,20601966671,BRYLUZ S.A.C,AV. PICOL ORCOMPUGIO LOTE N°14 MANZANA E,CUSCO,CUSCO,SAN JERONIMO,ESTACIONES DE SERVICIOS,C1:9250:Diesel B5 S-50 ,C1:7240:Diesel B5 S-50 ,C1:7240:GASOHOL 90 PLUS ,C1:5260:GASOHOL 95 PLUS ,,,,,,,28990.0,3/06/2019,INDEFINIDO,TORIBIO ERNESTO PEREZ VALER ,0,-13.5282741,-71.8976205
261,202100198186,21191,21191-050-101021,20608340590,GRUPO CAMECH E.I.R.L.,CARRETERA FEDERICO BASADRE KM. 212,UCAYALI,PADRE ABAD,PADRE ABAD,ESTACIONES DE SERVICIOS,C1:4750:DIESEL B5 ,C1:5000:DIESEL B5 ,C1:8700:GASOLINA 90 ,C1:4000:GASOLINA 90 ,,,,,,,22450.0,10/10/2021,INDEFINIDO,LEYDI CHAINA DUEÑAS,0,-9.0192913,-75.4897739
262,202200188873,123318,123318-050-261022,10073342436,ROSANA S. ORDINOLA PUENTE,AV. SAN FRANCISCO S/N - CARRETERA SANTA ROSA - SAN FRANCISCO,AYACUCHO,LA MAR,SANTA ROSA,PUESTO DE VENTA DE COMBUSTIBLE - GRIFOS,C1:6000:Diesel B5 S-50 ,C1:6000:GASOHOL 90 PLUS ,,,,,,,,,12000.0,26/10/2022,26/10/2023,ROSANA S. ORDINOLA PUENTE,0,-12.6553501,-73.7640738
263,202200271708,103248,103248-050-050123,10473849866,PEÑA CORDOVA CARMEN,JR. INDEPENDENCIA ESQUINA CON JR. APURIMAC,SAN MARTIN,MOYOBAMBA,MOYOBAMBA,ESTACIONES DE SERVICIOS,C1:3000:Diesel B5 S-50 ,C1:3000:GASOLINA 84 ,C1:3000:GASOLINA 90 ,C1:3000:GASOLINA 90 ,,,,,,,12000.0,5/01/2023,INDEFINIDO,PEÑA CORDOVA CARMEN,0,-6.0419882,-76.97006689999999
264,202200029345,44369,44369-050-280222,20484182796,ESTACION DE SERVICIOS SALAZAR E.I.R.L.,KM. 1090 CARETERA PANAMERICANA NORTE URB. LUIS NEGREIROS ,PIURA,TALARA,PARIÑAS,ESTACIONES DE SERVICIOS,C1:3000:GASOHOL 95 PLUS ,C1:3000:GASOHOL 90 PLUS ,C1:6500:Diesel B5 S-50 ,C1:6500:SIN PRODUCTO ,,,,,,,19000.0,28/02/2022,INDEFINIDO,CARLOS HUMBERTO SALAZAR YOVERA,0,-4.5210296,-81.2036633
265,202300100046,131988,131988-050-040523,20533254838,GRUPO DELGADO VELARDE EIRL,ASOCIACIÓN DE VIVIENDA ARTESANOS PAMPAS DE CHEN CHEN MZA. S LOTE 7A SECTOR A-8,MOQUEGUA,MARISCAL NIETO,MOQUEGUA,PUESTO DE VENTA DE COMBUSTIBLE - GRIFOS,C1:9000:Diesel B5 S-50 ,C1:3000:GASOHOL PREMIUM ,C1:3000:GASOHOL REGULAR ,C1:3000:GASOHOL REGULAR ,,,,,,,18000.0,4/05/2023,INDEFINIDO,RENZO EDILBERTO DELGADO SOAÑA,0,-17.1845222,-70.8950943
266,201900032794,34975,34975-050-270219,20498452940,SERVICENTROS MIGUEL GRAU S.R.L.,"AV. MIGUEL GRAU ESQUINA CON CALLE LOS ALPES, PP.JJ. MIGUEL GRAU, MZ 1, LOTE 24A, ZONA B",AREQUIPA,AREQUIPA,PAUCARPATA,PUESTO DE VENTA DE COMBUSTIBLE - GRIFOS,C1:2500:GASOHOL 90 PLUS ,C1:4060:Diesel B5 S-50 ,C1:1500:GASOHOL 95 PLUS ,,,,,,,,8060.0,27/02/2019,INDEFINIDO,WALTER BENITO SALAZAR CHIRIO,0,-16.4101156,-71.495145
267,202100167956,155863,155863-050-050821,20487745635,ESTACIONES DE SERVICIOS OCAÑA S.A.C.,INTERSECCION AV. CIRCUNVALACION OESTE Y CALLE AREQUIPA MZ. B LOTE 1 - HAB. URBANA SAN IGNACIO DE LOYOLA,CAJAMARCA,SAN IGNACIO,SAN IGNACIO,ESTACIONES DE SERVICIOS,C1:6000:Diesel B5 S-50 ,C1:6000:GASOHOL 84 PLUS ,C1:6000:GASOHOL 90 PLUS ,C1:6000:GASOHOL 95 PLUS ,,,,,,,24000.0,5/08/2021,INDEFINIDO,MARIA YOJANA OCAÑA GUERRERO,0,-5.147423499999999,-79.0049918
268,201900202573,62608,62608-050-191219,20605486844,LUZ & MELCH ASOCIADOS S.R.L.,"CARRETERA PANAMERICANA SUR KM 702 - ASENTAMIENTO HUMANO LA FLORIDA MZ. 107, LOTE 01",AREQUIPA,CARAVELI,ATICO,ESTACIONES DE SERVICIOS,C1:3100:GASOHOL 90 PLUS ,C1:900:GASOHOL 95 PLUS ,C1:3100:Diesel B5 S-50 ,C1:6238:Diesel B5 S-50 ,,,,,,,13338.0,6/12/2019,INDEFINIDO,YENY JESUS ORTEGA PADILLA,0,-16.228605,-73.6092411
269,201800169079,14481,14481-050-181018,20317491744,SERVIMAS GRIFO E.I.R.L.,PROLONGACION AV. DE LA CULTURA Nº2338 - B- SANTUTIS CHICO,CUSCO,CUSCO,SAN SEBASTIAN,ESTACIONES DE SERVICIOS,C1:8000:GASOHOL 90 PLUS ,C1:4000:GASOHOL 95 PLUS C2:4000:GASOHOL 97 PLUS ,C1:8000:Diesel B5 S-50 ,,,,,,,,24000.0,18/10/2018,INDEFINIDO,LUZ AMPARO MUJICA RECHARTE ,0,-13.5297698,-71.9147541
270,201800134338,14457,14457-050-171018,10282935789,FREDDY FORTUNATO DE LA CRUZ GARCIA,AV. MARISCAL CACERES 322,AYACUCHO,HUAMANGA,CARMEN ALTO,PUESTO DE VENTA DE COMBUSTIBLE - GRIFOS,C1:6000:GASOHOL 95 PLUS ,C1:6000:Diesel B5 S-50 ,C1:6000:GASOHOL 90 PLUS ,,,,,,,,18000.0,11/09/2018,INDEFINIDO,FREDDY FORTUNATO DE LA CRUZ GARCIA,0,-13.1763286,-74.22395279999999
271,202300030759,126554,126554-050-120323,20610318747,ESTACION DE SERVICIOS MARY ESTEFANY S.R.L.,CARRETERA CHACHAPOYAS - LEYMEBAMBA - CP. YERBABUENA ,AMAZONAS,CHACHAPOYAS,LA JALCA,ESTACIONES DE SERVICIOS,C1:2828:Diesel B5 S-50 ,C1:1882:GASOLINA REGULAR C2:941:GASOLINA PREMIUM ,,,,,,,,,5651.0,12/03/2023,INDEFINIDO,MARIELA AMPARO RAMOS JALCA,0,-6.4888019,-77.8173505
272,202200211999,161201,161201-050-261022,20448516017,JOSE JOSE SETRACONS SOCIEDAD COMERCIAL DE RESPONSABILIDAD LIMITADA,"AV. TIQUILLACA N° 1221 Y 1223 MZ. “A” LOTES 02 Y 17, CENTRO POBLADO ALTO PUNO",PUNO,PUNO,PUNO,PUESTO DE VENTA DE COMBUSTIBLE - GRIFOS,C1:2500:GASOHOL 84 PLUS ,C1:2500:GASOHOL 90 PLUS ,C1:4500:GASOHOL 95 PLUS ,C1:4498:Diesel B5 S-50 ,C1:9193:Diesel B5 S-50 ,,,,,,23191.0,26/10/2022,INDEFINIDO,TIPULA VARGAS JOSE LUIS,0,-15.8215438,-70.0339387
273,202300057904,118862,118862-050-290323,20600809629,ESTACION DE SERVICIOS PETRO SELVA S.A.C.,CASERÍO SAN JUAN DE PORONGO S/N (REF. SUMINISTRO 126379),SAN MARTIN,TOCACHE,UCHIZA,ESTACIONES DE SERVICIOS,C1:6000:Diesel B5 S-50 ,C1:3000:GASOHOL PREMIUM C2:3000:GASOHOL REGULAR ,,,,,,,,,12000.0,29/03/2023,INDEFINIDO,DIAZ DIAZ FERMIN HERIBERTO,720,-8.3309154,-76.3421723
274,202200253811,18330,18330-050-061222,20452417694,LA ESPERANZA S.A.,ESQ. DE CUTERVO Y GERONIMO DE CABRERA,ICA,ICA,ICA,GRIFO VIA PUBLICA,C1:1000:GASOHOL 95 PLUS ,C1:4000:GASOHOL 84 PLUS ,C1:4000:GASOHOL 90 PLUS ,C1:4000:Diesel B5 S-50 ,,,,,,,13000.0,6/12/2022,INDEFINIDO,ADRIAN PAULINO SALCEDO LAGOS,0,-14.071354,-75.7243915
275,1466625,90826,90826-050-2011,20490437593,GRIFO CHANCAYANA S.A.C.,"CARRETERA PUNKIRI CHICO-BOCA COLORADO, KM. 36.5, MARGEN IZQUIERDO",MADRE DE DIOS,MANU,MADRE DE DIOS,PUESTO DE VENTA DE COMBUSTIBLE - GRIFOS,C1:5345:DIESEL B5 ,C1:5356:DIESEL B5 ,C1:3995:GASOLINA 84 ,,,,,,,,14696.0,3/02/2011,INDEFINIDO,RENATO TAPIA CANDIA,0,-12.6190296,-70.39347889999999
276,202100072892,8289,8289-050-210421,20551184006,GRIFOS JUAN DIEGO S.C.R.L.,AV. BATANGRANDE N° 398 U.V. SEÑOR DE LA JUSTICIA,LAMBAYEQUE,FERREÑAFE,FERREÑAFE,PUESTO DE VENTA DE COMBUSTIBLE - GRIFOS,C1:3200:GASOHOL 90 PLUS ,C1:3200:Diesel B5 S-50 ,C1:1457:Diesel B5 S-50 ,,,,,,,,7857.0,21/04/2021,INDEFINIDO,OSCAR YDROGO NUÑEZ,0,-6.628639199999999,-79.7853761
277,202200017937,20072,20072-050-090322,20602251803,OMP PETRONEGOCIACIONES EMPRESA INDIVIDUAL DE RESPONSABILIDAD LIMITADA,KM. 5.042 CARRETERA PUNO - JULIACA,PUNO,PUNO,PUNO,PUESTO DE VENTA DE COMBUSTIBLE - GRIFOS,C1:2700:GASOHOL 95 PLUS ,C1:4900:Diesel B5 S-50 ,C1:2700:GASOHOL 90 PLUS ,,,,,,,,10300.0,9/03/2022,INDEFINIDO,OSCAR UBALDO MEDINA PACORI ,720,-15.5052967,-70.1243451
278,202000128582,106586,106586-050-230920,10447677020,MARTINEZ MAMANI FRIDA AYDE,AV. JULIACA S/N,PUNO,AZANGARO,SAMAN,PUESTO DE VENTA DE COMBUSTIBLE - GRIFOS,C1:1975:GASOHOL 84 PLUS ,C1:3951:Diesel B5 S-50 ,,,,,,,,,5926.0,23/09/2020,INDEFINIDO,MARTINEZ MAMANI FRIDA AYDE,0,-15.2924572,-70.0168186
279,202100020429,21386,21386-050-080321,20603782250,EL OLAM COMPAÑÍA OPERADORA DE SERVICIOS MÚLTIPLES SOCIEDAD ANONIMA CERRADA,AV. JUAN SANTOS ATAHUALPA S/N,JUNIN,TARMA,TARMA,PUESTO DE VENTA DE COMBUSTIBLE - GRIFOS,C1:4000:GASOHOL 95 PLUS ,C1:4000:GASOHOL 90 PLUS ,C1:4000:Diesel B5 S-50 ,C1:4000:SIN PRODUCTO ,,,,,,,16000.0,3/03/2021,INDEFINIDO,JULCARIMA VENTOCILLA ALEX ANGEL,720,-11.411375,-75.6848612
280,202300073553,166544,166544-050-150423,20606888296,ESTACIONES SUR ANDINA S.R.L.,COMUNIDAD CAMPESINA DE ISPACAS BARRO CHAUPI CALLES 5 DE AGOSTO S/N MZ P LOTE 4,AREQUIPA,CONDESUYOS,YANAQUIHUA,PUESTO DE VENTA DE COMBUSTIBLE - GRIFOS,C1:1148:Diesel B5 S-50 ,C1:1000:GASOHOL REGULAR C2:1000:GASOHOL PREMIUM ,,,,,,,,,3148.0,15/04/2023,INDEFINIDO,SEGUNDO JOSE LAZARO ALVAREZ,0,-15.7583145,-72.91957210000001
281,202000017140,19975,19975-050-210220,20551112781,GRUVENI S.R.L.,"INTERSECCION AV. CIRCUNVALACION Y CALLE V. MZ. D, LOTES. 3 Y 4, COOP. DE VIVIENDA LA UNION",LIMA,LIMA,SAN JUAN DE LURIGANCHO,PUESTO DE VENTA DE COMBUSTIBLE - GRIFOS,C1:6000:Diesel B5 S-50 ,C1:3500:GASOHOL 90 PLUS ,C1:1750:GASOHOL 97 PLUS ,C1:1750:GASOHOL 95 PLUS ,,,,,,,13000.0,21/02/2020,INDEFINIDO,JOSABETH ELIANA MARCELO MOTTA,0,-12.0453337,-77.062733
282,202200169092,164515,164515-050-050922,10405295445,CURO QUISPE IRMA FLAVIA,AV. JULIACA N° 1756 CON JR. SAN SALVADOR S/N,PUNO,SAN ROMAN,JULIACA,PUESTO DE VENTA DE COMBUSTIBLE - GRIFOS,C1:5269:Diesel B5 S-50 ,C1:3951:GASOHOL 84 PLUS ,C1:3951:GASOHOL 90 PLUS ,,,,,,,,13171.0,5/09/2022,INDEFINIDO,CURO QUISPE IRMA FLAVIA,0,-15.5048886,-70.1127207
283,202000030243,7362,7362-050-250220,20605809686,GRIFOS ESSA PUCALLPA S.A.C.,AV. FEDERICO BASADRE Nº 298-AGUAYTÍA,UCAYALI,PADRE ABAD,PADRE ABAD,PUESTO DE VENTA DE COMBUSTIBLE - GRIFOS,C1:9000:GASOLINA 90 ,C1:8000:SIN PRODUCTO ,C1:6000:DIESEL B5 ,,,,,,,,23000.0,25/02/2020,INDEFINIDO,ELSA ESPINOZA ORIHUELA DE SALAVERRY,0,-9.0511697,-75.5157945
284,202000027524,114030,114030-050-180220,20602544002,COMPAÑIA OPERADORA DE LA SELVA S.A.,JR. UNION MZ A LOTES 01 Y 02 AA.HH MARGINAL UCAYALI (ESQUINA JR. UNION CON ANTIGUA CARRETERA A YARINACOCHA),UCAYALI,CORONEL PORTILLO,YARINACOCHA,ESTACIONES DE SERVICIOS,C1:3000:GASOHOL 95 PLUS C2:3000:GASOLINA 90 ,C1:3000:GASOLINA 90 C2:3000:DIESEL B5 ,,,,,,,,,12000.0,18/02/2020,INDEFINIDO,MARLY PATRICIA RENGIFO RIOS ,0,-8.3975671,-74.5430218
285,202000116917,7021,7021-050-030920,20558258404,SERVICENTRO LADI E.I.R.L.,CARRETERA PANAMERICANA SUR KM. 825,AREQUIPA,CAMANA,JOSE MARIA QUIMPER,PUESTO DE VENTA DE COMBUSTIBLE - GRIFOS,C1:4000:Diesel B5 S-50 ,C1:4000:Diesel B5 S-50 ,C1:4000:GASOHOL 95 PLUS ,C1:4000:GASOHOL 90 PLUS ,C1:4000:SIN PRODUCTO ,,,,,,20000.0,3/09/2020,INDEFINIDO,ELISA ELSA CARDENAS TAMO,0,-16.589786,-72.7392583
286,202100203136,101947,101947-050-280921,10248918280,ERNESTO AVELINO GUZMAN PANCORBO,CALLE PRINCIPAL MZ. D LT. 7 NUEVA EXPANSION URBANA PARTE ALTA,MADRE DE DIOS,MANU,HUEPETUHE,PUESTO DE VENTA DE COMBUSTIBLE - GRIFOS,C1:4193:Diesel B5 S-50 ,C1:8200:Diesel B5 S-50 ,C1:8188:Diesel B5 S-50 ,C1:8188:Diesel B5 S-50 ,,,,,,,28769.0,28/09/2021,INDEFINIDO,ERNESTO AVELINO GUZMAN PANCORBO,0,-13.0258926,-70.6692655
287,202200182852,164810,164810-050-171022,20607652849,A & F SAYANY S.A.C.,CARRETERA JULIACA-CUSCO KM. 23+650 SECTOR SANTIAGO DE TUTUCACHI “AYRAMPUNI”,PUNO,LAMPA,CALAPUJA,ESTACIONES DE SERVICIOS,C1:9000:Diesel B5 S-50 ,C1:9000:Diesel B5 S-50 ,C1:4000:GASOHOL 95 PLUS ,C1:4000:GASOHOL 90 PLUS ,,,,,,,26000.0,17/10/2022,INDEFINIDO,POCCO PAREDES ABRAHAM ,0,-15.3136824,-70.2229286
288,202200156352,113909,113909-050-110822,20490676407,INVERSIONES CHINCHERO INTERNACIONAL SOCIEDAD ANONIMA CERRADA - INVERSIONES CHINCHERO INTERNACIONAL,"CARRETERA QUILLABAMBA-KITENI, CENTRO POBLADO PAMPA CONCEPCION",CUSCO,LA CONVENCION,ECHARATE,ESTACIONES DE SERVICIOS,C1:12000:Diesel B5 S-50 ,C1:5000:GASOHOL 90 PLUS ,C1:3100:GASOHOL 84 PLUS ,,,,,,,,20100.0,11/08/2022,11/08/2023,JUAN DE DIOS USCAMAYTA HUILLCA ,0,-12.7678937,-72.5782072
289,202100077646,108505,108505-050-030821,20490932501,SERVICIOS MULTIPLES SAMANEZ SOCIEDAD COMERCIAL DE RESPONSABILIDAD LIMITADA,A.P.V. JUAN VELAZCO ALVARADO MANZANA B LOTE 11-C.P. CHILLOROYA,CUSCO,CHUMBIVILCAS,LIVITACA,ESTACIONES DE SERVICIOS,C1:10511:Diesel B5 S-50 ,C1:5243:GASOHOL 95 PLUS ,C1:5220:GASOHOL 90 PLUS ,,,,,,,,20974.0,3/08/2021,INDEFINIDO,ABDON BACA SAMANEZ,480,-14.4952125,-71.77485159999999
290,201600134430,107481,107481-050-061216,20228985237,ESTACION DE SERVICIOS SAN JOSE ESPINAR- CUSCO SOCIEDAD COMERCIAL DE RESPONSABILIDAD LIMITADA,CENTRO POBLADO CHAYCHAPAMPA COMUNIDAD COLLANA VIA VELILLE ESPINAR KM. 1.9,CUSCO,CHUMBIVILCAS,VELILLE,PUESTO DE VENTA DE COMBUSTIBLE - GRIFOS,C1:10000:Diesel B5 S-50 ,C1:3000:GASOHOL 95 PLUS C2:4000:GASOHOL 90 PLUS ,C1:10000:Diesel B5 S-50 ,,,,,,,,27000.0,4/10/2016,INDEFINIDO,LUIS ALBERTO PEZO HUAYLLA,0,-14.7895845,-71.412125
291,202100026150,20983,20983-050-120221,20541487710,SURTIDORES E INVERSIONES MAX E.I.R.L.,AV. JUAN SANTOS ATAHUALPA S/N - URB. EL MILAGRO,JUNIN,CHANCHAMAYO,SAN RAMON,PUESTO DE VENTA DE COMBUSTIBLE - GRIFOS,C1:6000:Diesel B5 S-50 ,C1:5300:Diesel B5 S-50 ,C1:2600:GASOHOL 90 PLUS ,C1:2600:GASOHOL 95 PLUS ,,,,,,,16500.0,12/02/2021,INDEFINIDO,MAXIMILIANO JOAQUIN ATAO CAJA,720,-11.1267005,-75.3628661
292,202200132952,33884,33884-050-150822,20609640333,INVERSIONES D'CEVALLOS S.R.L.,CARRETERA FERNANDO BELAUNDE TERRY SUR KM. 60,SAN MARTIN,PICOTA,PICOTA,ESTACIONES DE SERVICIOS,C1:3800:Diesel B5 S-50 ,C1:3800:GASOLINA 84 ,C1:3800:GASOLINA 90 ,C1:1800:SIN PRODUCTO ,,,,,,,13200.0,15/08/2022,INDEFINIDO,NATHALIE TATIANA CEVALLOS DEL AGUILA ,0,-6.919096400000001,-76.33282299999999
293,202000168966,152758,152758-050-191120,20447996775,COOPERATIVA MINERA LOBO DE ORO LTDA.,"BARRIO INDEPENDENCIA MZ. B1 LOTE 1, CENTRO POBLADO ORIENTAL",PUNO,SANDIA,CUYOCUYO,PUESTO DE VENTA DE COMBUSTIBLE - GRIFOS,C1:6500:Diesel B5 S-50 ,C1:6500:Diesel B5 S-50 ,C1:2500:GASOHOL 90 PLUS ,,,,,,,,15500.0,19/11/2020,INDEFINIDO,PAYE RAMOS LIMNEO ODILON,0,-15.4731711,-70.11664859999999
294,202300051077,161366,161366-050-290323,20606539844,ESTACION DE SERVICIOS SOFIKAR E.I.R.L.,"AV. LA CONVENCIÓN S/N, SECTOR PALMA DE ORO MZ. “B”, LOTES 02, 03, 04 Y 05",CUSCO,LA CONVENCION,KIMBIRI,ESTACIONES DE SERVICIOS,C1:8045:Diesel B5 S-50 ,C1:8045:GASOHOL REGULAR ,C1:4015:GASOHOL PREMIUM C2:4015:Diesel B5 S-50 ,,,,,,,,24120.0,29/03/2023,29/03/2024,WILBER CONSTANTINO PAREDES CHUCHON,0,-12.6147749,-73.791449
295,202200059958,87637,87637-050-160422,10295930441,JESUS BERNABE LLOSA LUZA,MZ. C LT. 9 PUEBLO JOVEN SAN LUIS LA CANO,AREQUIPA,AREQUIPA,LA JOYA,PUESTO DE VENTA DE COMBUSTIBLE - GRIFOS,C1:2634:Diesel B5 S-50 ,C1:1624:GASOHOL 90 PLUS C2:1010:GASOHOL 95 PLUS ,,,,,,,,,5268.0,16/04/2022,INDEFINIDO,JESUS BERNABE LLOSA LUZA,0,-16.4243944,-71.8203229
296,202100004990,151988,151988-050-170321,20524363977,EMPRESA FREE E.I.R.L.,PANAMERICANA NORTE KM 190+400 MT,LIMA,BARRANCA,SUPE,ESTACIONES DE SERVICIOS,C1:4500:Diesel B5 S-50 ,C1:1500:GASOHOL 90 PLUS C2:1500:GASOHOL 95 PLUS C3:1500:GASOHOL 98 PLUS ,,,,,,,,,9000.0,17/03/2021,INDEFINIDO,MANUEL VICTOR GARCIA VILCHEZ,0,-10.8328862,-77.6986939
297,201800200428,105094,105094-050-031218,20542808749,CORPORACION CHALAN DEL SUR S.R.L.,CALLE PRINCIPAL MZ. A LOTE O1 NUEVA EXPANSION URBANA - PARTE ALTA,MADRE DE DIOS,MANU,HUEPETUHE,ESTACIONES DE SERVICIOS,C1:5365:Diesel B5 S-50 ,C1:10701:Diesel B5 S-50 ,C1:10668:Diesel B5 S-50 ,,,,,,,,26734.0,3/12/2018,INDEFINIDO,AVELINA ADELA VARGAS CONTRERAS,720,-13.0258926,-70.6692655
298,201400111438,111255,111255-050-040914,20450636747,INVERSIONES FAMEVA SAC,CARRETERA ANDAHUAYLAS - ABANCAY KM 257+950,APURIMAC,ANDAHUAYLAS,SAN JERONIMO,PUESTO DE VENTA DE COMBUSTIBLE - GRIFOS,C1:3000:GASOHOL 84 PLUS ,C1:3000:GASOHOL 90 PLUS ,C1:3000:GASOHOL 95 PLUS ,C1:8000:DIESEL B5 ,,,,,,,17000.0,4/09/2014,INDEFINIDO,AUREA ROJAS PALOMINO,0,-13.6616684,-73.3767672
299,202200157582,123796,123796-050-220822,20535900800,EMPRESA DE TRANSPORTES Y SERVICIOS FALCON S.R.L.,AV. UNIVERSITARIA N° 100 – URB. SANTA ISABEL,LIMA,LIMA,CARABAYLLO,PUESTO DE VENTA DE COMBUSTIBLE - GRIFOS,C1:6000:Diesel B5 S-50 ,C1:6000:GASOHOL 95 PLUS ,C1:1500:GASOHOL 90 PLUS ,C1:4000:Diesel B5 S-50 ,,,,,,,17500.0,22/08/2022,INDEFINIDO,FRANK ALEXANDER FALCON FLORES,0,-11.8993815,-77.03876989999999
300,202200112454,163333,163333-050-200622,10424785739,MALDONADO ALVARADO JUANA INES,CARRETERA TARAPOTO YURIMAGUAS KM 86.95 CP MIGUEL GRAU,LORETO,ALTO AMAZONAS,YURIMAGUAS,PUESTO DE VENTA DE COMBUSTIBLE - GRIFOS,C1:6250:DIESEL B5 C2:6250:DIESEL B5 ,C1:12800:GASOLINA 84 ,C1:12800:GASOLINA 90 ,,,,,,,,38100.0,20/06/2022,INDEFINIDO,------------------,0,-6.0069082,-76.240192
301,202000055914,101573,101573-050-120520,20483803797,NORPETROL S.R.L.,ZONA INDUSTRIAL II MZ. V SUB LOTES 1B-5 Y 1B-6,PIURA,PAITA,PAITA,ESTACIONES DE SERVICIOS,C1:2000:GASOHOL 90 PLUS ,C1:2000:GASOHOL 95 PLUS ,C1:4000:Diesel B5 S-50 ,C1:4000:Diesel B5 S-50 ,,,,,,,12000.0,12/05/2020,INDEFINIDO,LOURDES VIVIANA LEIGH PEÑA,0,-5.0938488,-81.0962172
302,201600147552,64236,64236-050-191016,20450539032,ESTACION DE SERVICIOS PACIFICO S.A.C.,CARRETERA CUSCO URCOS - KM 1001 + 500,CUSCO,QUISPICANCHI,OROPESA,PUESTO DE VENTA DE COMBUSTIBLE - GRIFOS,C1:4576:Diesel B5 S-50 ,C1:3206:GASOHOL 95 PLUS ,C1:3206:GASOHOL 90 PLUS ,,,,,,,,10988.0,19/10/2016,INDEFINIDO,YANQUIRIMACHI CENTENO WILLIAM,0,-13.5911578,-71.7885453
303,202200149705,128353,128353-050-240822,10408822179,EDITH PALACIOS TINOCO,SECTOR SIMPAPATA DEL CENTRO POBLADO DE SAN JOSE DE PARAISO (CARRETERA AYACUCHO JULCAMARCA KM. 30),AYACUCHO,HUAMANGA,AYACUCHO,PUESTO DE VENTA DE COMBUSTIBLE - GRIFOS,C1:1912:Diesel B5 S-50 C2:856:GASOHOL 90 PLUS ,,,,,,,,,,2768.0,24/08/2022,INDEFINIDO,EDITH PALACIOS TINOCO,0,-13.0769708,-74.2619042
304,202000055910,18412,18412-050-120520,10027450968,DOMINGUEZ MORANTE MOISES GERMAN,PANAMERICANA NORTE KM. 1061 - 1062,PIURA,PIURA,TAMBO GRANDE,PUESTO DE VENTA DE COMBUSTIBLE - GRIFOS,C1:3500:GASOHOL 84 PLUS ,C1:1500:GASOHOL 90 PLUS ,C1:2920:Diesel B5 S-50 ,,,,,,,,7920.0,12/05/2020,INDEFINIDO,DOMINGUEZ MORANTE MOISES GERMAN,0,-5.1117466,-80.703069
305,201900116846,144379,144379-050-250719,20529592419,INVERSIONES NANDO S.A.C.,CARRETERA CHICLAYO - CHONGOYAPE KM. 62+900 SECTOR JUANA RIOS ,LAMBAYEQUE,CHICLAYO,CHONGOYAPE,PUESTO DE VENTA DE COMBUSTIBLE - GRIFOS,C1:5000:Diesel B5 S-50 ,C1:2500:GASOHOL 84 PLUS ,C1:2500:GASOHOL 90 PLUS ,C1:1500:GASOHOL 95 PLUS ,,,,,,,11500.0,25/07/2019,INDEFINIDO,JUAN HERNANDO PINEDO VASQUEZ,720,-6.7501393,-79.4794847
306,202200046461,133326,133326-050-090522,10181330088,HUAMANQUISPE ARTEAGA WALTER ANTENOR,MZ. 45 LOTE 07 AV. CIRO ALEGRÍA S/N BARRIO SAN SALVADOR (PARTIDA REGISTRAL Nº P30002136),LA LIBERTAD,SANCHEZ CARRION,CHUGAY,PUESTO DE VENTA DE COMBUSTIBLE - GRIFOS,C1:5000:Diesel B5 S-50 ,C1:3000:GASOHOL 90 PLUS ,,,,,,,,,8000.0,9/05/2022,INDEFINIDO,HUAMANQUISPE ARTEAGA WALTER ANTENOR,720,-7.8153199,-78.0412304
307,202100020939,143138,143138-050-040321,20607075817,GRUPO T&A S.A.C.,CARRETERA CHICHA - PAMPACHIRI,AYACUCHO,SUCRE,SAN PEDRO DE LARCAY,ESTACIONES DE SERVICIOS,C1:3000:Diesel B5 S-50 ,C1:3000:GASOHOL 90 PLUS ,,,,,,,,,6000.0,4/03/2021,INDEFINIDO,HELI RONALD TITO ASTOQUILCA,0,-14.1870933,-73.5442058
308,201600082035,95023,95023-050-060616,20510414455,INVERSIONES ESPINOZA Y ASOCIADOS S.A.C.,"AV. HUAYNA CAPAC ESQUINA CON CALLE SECHIN, MZ. B8, LOTES 1, 2, 3, 8 Y 9; GRUPO RESIDENCIAL B3, SECTOR B, PROYECTO PILOTO NUEVO PACHACUTEC",PROV. CONST. DEL CALLAO,PROV. CONST. DEL CALLAO,VENTANILLA,ESTACIONES DE SERVICIOS,C1:4300:Diesel B5 S-50 ,C1:1986:GASOHOL 90 PLUS C2:1454:GASOHOL 95 PLUS ,C1:1986:GASOHOL 97 PLUS ,,,,,,,,9726.0,6/06/2016,INDEFINIDO,FELIPE TEODORO ESPINOZA CARHUALLANQUI,0,-11.8294421,-77.16172759999999
309,202000058492,124415,124415-050-210520,20409264965,ESTACION DE SERVICIOS JULIO E.I.R.L.,AV. PANAMERICANA NO. 198 CP BOCAPAN,TUMBES,CONTRALMIRANTE VILLAR,ZORRITOS,PUESTO DE VENTA DE COMBUSTIBLE - GRIFOS,C1:4000:Diesel B5 S-50 ,C1:3000:GASOHOL 90 PLUS ,C1:2500:GASOHOL 84 PLUS ,,,,,,,,9500.0,21/05/2020,INDEFINIDO,LIDIA ESTHER ARISMENDIZ VILELA,0,-3.7069406,-80.71930189999999
310,201900016489,7701,7701-050-010219,20127765279,COESTI S.A.,PANAMERICANA NORTE KM. 185,LIMA,BARRANCA,SUPE,PUESTO DE VENTA DE COMBUSTIBLE - GRIFOS,C1:8000:Diesel B5 S-50 ,C1:8000:GASOHOL 90 PLUS ,C1:4000:GASOHOL 84 PLUS C2:4000:GASOHOL 95 PLUS ,,,,,,,,24000.0,1/02/2019,INDEFINIDO,ABRAHAM HUGO CALDERON MAVILA,720,-10.8328862,-77.6986939
311,202300073527,136308,136308-050-180423,10704008801,YANQUI CONDORI JOEL RUBEN,AVENIDA JOSE OLAYA N° 106,AREQUIPA,AREQUIPA,CERRO COLORADO,PUESTO DE VENTA DE COMBUSTIBLE - GRIFOS,C1:3000:GASOHOL PREMIUM ,C1:3500:GASOHOL REGULAR ,C1:3000:Diesel B5 S-50 ,C1:1500:SIN PRODUCTO ,,,,,,,11000.0,18/04/2023,INDEFINIDO,YANQUI CONDORI JOEL RUBEN,0,-16.3798103,-71.55841629999999
312,202100031795,63140,63140-050-060321,20567295266,GRIFO Y SERVICIOS SANTA CLARA E.I.R.L.,"ESQUINA CALLE GRAU CON PASAJE RUBIO, CASERIO SANTA CLARA DE NANAY",LORETO,MAYNAS,SAN JUAN BAUTISTA,PUESTO DE VENTA DE COMBUSTIBLE - GRIFOS,C1:1104:GASOLINA 90 ,C1:1104:DIESEL B5 ,C1:1112:GASOLINA 84 ,,,,,,,,3320.0,6/03/2021,INDEFINIDO,MARIBEL ARCE DE RAMIREZ,480,-3.7866167,-73.3360167
313,202200025772,161341,161341-050-030622,10447170111,AGUILAR CONDORI REYNA MARIA,CARRETERA JULIACA – HUANCANE KM. 16+960 PREDIO ISILLOA CHUPA COMUNIDAD SAN BARTOLOME,PUNO,AZANGARO,CAMINACA,PUESTO DE VENTA DE COMBUSTIBLE - GRIFOS,C1:7900:Diesel B5 S-50 ,C1:3950:GASOHOL 95 PLUS ,C1:3950:GASOHOL 84 PLUS ,C1:3950:GASOHOL 90 PLUS ,,,,,,,19750.0,3/06/2022,INDEFINIDO,AGUILAR CONDORI REYNA MARIA,0,-14.9164583,-70.19618249999999
314,202200247412,166151,166151-050-240123,10406419261,ARAUJO VEGA LALO,CCOÑEC UNO PATA S/N,CUSCO,CHUMBIVILCAS,SANTO TOMAS,PUESTO DE VENTA DE COMBUSTIBLE - GRIFOS,C1:3554:GASOHOL 90 PLUS C2:1821:GASOHOL 95 PLUS ,C1:5429:Diesel B5 S-50 ,,,,,,,,,10804.0,24/01/2023,INDEFINIDO,ARAUJO VEGA LALO,0,-14.5244834,-72.0873135
315,202200265580,86309,86309-050-130123,20610316922,REPRESENTACIONES PACIFICO G Y M S.A.C.,AV. JORGE BASADRE GROHMANN SUR N° 1009,TACNA,TACNA,TACNA,PUESTO DE VENTA DE COMBUSTIBLE - GRIFOS,C1:6600:Diesel B5 S-50 ,C1:5300:GASOHOL 90 PLUS ,C1:2600:GASOHOL 95 PLUS ,,,,,,,,14500.0,13/01/2023,INDEFINIDO,VIVIANA PEREZ MAMANI,0,-18.0159372,-70.2388331
316,201400011053,63935,63935-050-300114,20530998402,GRIFOS SERPENTIN S.A.C.,CARRETERA PANAMERICANA NORTE KM. 85,LIMA,HUARAL,CHANCAY,ESTACIONES DE SERVICIOS,C1:4005:Diesel B5 S-50 ,C1:1009:GASOHOL 90 PLUS ,C1:3017:Diesel B5 S-50 ,C1:1000:GASOHOL 95 PLUS C2:1000:GASOHOL 98 PLUS ,,,,,,,10031.0,30/01/2014,INDEFINIDO,JUAN HUERTA ALVARADO,0,-11.5577073,-77.2662251
317,201600144188,44675,44675-050-191016,20130680896,EMPRESA COMUNAL DE SERVICIOS MULTIPLES RANCAS,CARRETERA PANAMERICANA SUR KM 141 + 664 ,LIMA,CAÑETE,SAN VICENTE DE CAÑETE,PUESTO DE VENTA DE COMBUSTIBLE - GRIFOS,C1:5804:SIN PRODUCTO ,C1:6212:Diesel B5 S-50 ,C1:2213:GASOHOL 84 PLUS C2:3000:GASOHOL 90 PLUS C3:998:GASOHOL 95 PLUS ,,,,,,,,18227.0,19/10/2016,INDEFINIDO,CRISTIAN JHOEL RIVERA SANTIAGO,0,-13.2085896,-76.3346257
318,201900201498,147244,147244-050-041219,20605534164,MULTISERVICIOS NUEVA ALIANZA SOCIEDAD ANONIMA CERRADA,ESQ. JR. TAMBOPATA CON AV. DANIEL ALOMIAS ROBLES,PUNO,SAN ROMAN,JULIACA,PUESTO DE VENTA DE COMBUSTIBLE - GRIFOS,C1:9220:Diesel B5 S-50 ,C1:2390:GASOHOL 84 PLUS ,C1:2996:GASOHOL 90 PLUS ,C1:934:GASOHOL 95 PLUS ,,,,,,,15540.0,4/12/2019,INDEFINIDO,JUANA SUCASACA LARICO ,0,-15.4778761,-70.11247399999999
319,202200189206,165006,165006-050-081122,10417457220,KALA HUAMAN SORAYDA,"URBANIZACIÓN AMPLIACIÓN SAN PEDRO II ETAPA, MANZANA “K” LOTE N° 01, ESQUINA AV. TÚPAC AMARU S/N CON AV. INCA GARCILAZO DE LA VEGA",PUNO,MELGAR,NUÑOA,PUESTO DE VENTA DE COMBUSTIBLE - GRIFOS,C1:1937:GASOHOL 84 PLUS ,C1:1948:GASOHOL 95 PLUS ,C1:3905:GASOHOL 90 PLUS ,C1:3922:Diesel B5 S-50 ,C1:6502:Diesel B5 S-50 ,,,,,,18214.0,8/11/2022,INDEFINIDO,KALA HUAMAN SORAYDA,0,-14.4760253,-70.6365505
320,202000135242,91538,91538-050-171020,20393423758,LMB INVERSIONES & SERVICIOS S.A.C.,AV. FORESTACION N° 897 AA. HH. PRIMAVERA II ETAPA (LOZA DEPORTIVA DE PRIMAVERA I ETAPA),UCAYALI,CORONEL PORTILLO,CALLERIA,ESTACIONES DE SERVICIOS,C1:5245:GASOLINA 90 ,C1:5245:GASOLINA 90 ,C1:5245:DIESEL B5 ,C1:5245:DIESEL B5 ,,,,,,,20980.0,17/10/2020,INDEFINIDO,FIDEL CARLOS MALCA HERNANDEZ,0,-8.405278899999999,-74.5702048
321,202000086861,62776,62776-050-020820,20393606755,INVERSIONES LUIS DAVID E.I.R.L. ,JR 03 DE OCTUBRE ESQUINA CON JR. AGUAYTIA S/N,UCAYALI,CORONEL PORTILLO,YARINACOCHA,PUESTO DE VENTA DE COMBUSTIBLE - GRIFOS,C1:5269:GASOLINA 90 ,C1:5269:GASOLINA 90 ,C1:5269:DIESEL B5 ,C1:1124:DIESEL B5 ,,,,,,,16931.0,3/08/2020,INDEFINIDO,JESLINDA LIZ HUAMAN ROMERO,0,-8.36083,-74.5674001
322,201800131739,128767,128767-050-230818,20452262399,SERVICENTROS PLAZA SAC,CENTRO POBLADO HUASCAHURA MZ J - LOTE 1B ,AYACUCHO,HUAMANGA,AYACUCHO,ESTACIONES DE SERVICIOS,C1:8000:Diesel B5 S-50 ,C1:4000:GASOHOL 90 PLUS C2:4000:GASOHOL 95 PLUS ,,,,,,,,,16000.0,23/08/2018,INDEFINIDO,MIGUEL ANGEL OLARTE LUJAN,0,-13.1638737,-74.22356409999999
323,202000056616,21805,21805-050-170520,20531577770,ESTACION DE SERVICIOS VALENCIA S.A.,CARRETERA FERNANDO BELAUNDE TERRY KM. 493+820 SECTOR PROGRESO,SAN MARTIN,MOYOBAMBA,CALZADA,PUESTO DE VENTA DE COMBUSTIBLE - GRIFOS,C1:6000:GASOLINA 90 ,C1:6000:GASOLINA 84 ,C1:6000:Diesel B5 S-50 ,,,,,,,,18000.0,17/05/2020,INDEFINIDO,JUDITH VALENCIA VIDAL,720,-6.0392094,-77.095371
324,202000056615,91694,91694-050-180520,20525873367,GRIFOS STL S.R.L.,CARRETERA PIURA - PAITA KM. 54.2,PIURA,PAITA,PAITA,PUESTO DE VENTA DE COMBUSTIBLE - GRIFOS,C1:6000:Diesel B5 S-50 ,C1:5400:Diesel B5 S-50 ,C1:2800:GASOHOL 90 PLUS ,C1:2000:GASOHOL 95 PLUS ,,,,,,,16200.0,18/05/2020,INDEFINIDO,ALESSANDRO TASSARA NUÑEZ,0,-5.1079893,-81.0983377
325,201700077422,86367,86367-050-240517,10289784395,WALTER ALFREDO GUTIERREZ ALVAREZ ,ESQUINA DE LA QUEBRADA CAMAL HUAYCO Y AV. NESTOR CASTILLA,AYACUCHO,PAUCAR DEL SARA SARA,PAUSA,PUESTO DE VENTA DE COMBUSTIBLE - GRIFOS,C1:1700:GASOHOL 95 PLUS ,C1:1700:Diesel B5 S-50 ,C1:3926:GASOHOL 90 PLUS ,C1:6547:Diesel B5 S-50 ,,,,,,,13873.0,24/05/2017,INDEFINIDO,WALTER ALFREDO GUTIERREZ ALVAREZ ,480,-15.279411,-73.3440921
326,202100099102,40332,40332-050-020621,20440328645,MULTISERVICIOS MELIANI S.R.L.,AUTOPISTA TRUJILLO - HUANCHACO KM. 7,LA LIBERTAD,TRUJILLO,HUANCHACO,ESTACIONES DE SERVICIOS,C1:2000:Diesel B5 S-50 C2:1000:Diesel B5 S-50 C3:1000:GASOHOL 90 PLUS ,C1:2000:Diesel B5 S-50 ,C1:1000:GASOHOL 95 PLUS ,C1:1000:GASOHOL 90 PLUS ,,,,,,,8000.0,2/06/2021,INDEFINIDO,RUPERTO MEGO SANCHEZ,0,-8.0784367,-79.1203685
327,201300112273,39417,39417-050-020713,20494777241,PETROCENTRO REY DAVID S.A.C.,AV. NESTOR CASTILLA S/N SECTOR CRUZ MISIONERO,AYACUCHO,PAUCAR DEL SARA SARA,PAUSA,PUESTO DE VENTA DE COMBUSTIBLE - GRIFOS,C1:1500:GASOHOL 90 PLUS ,C1:2000:DIESEL B5 ,,,,,,,,,3500.0,2/07/2013,INDEFINIDO,FELICIA FLORENTINA SUPANTA MENDOZA,0,-15.279411,-73.3440921
328,202000179952,153102,153102-050-280121,10205898285,RAUL PEÑA VELASQUE ,"AVENIDA PICHIS PALCAZU S/N, CENTRO POBLADO SAN MIGUEL DE ENEÑAS",PASCO,OXAPAMPA,VILLA RICA,ESTACIONES DE SERVICIOS,C1:4000:Diesel B5 S-50 ,C1:2500:GASOHOL 90 PLUS C2:1500:GASOHOL 95 PLUS ,,,,,,,,,8000.0,28/01/2021,INDEFINIDO,RAUL PEÑA VELASQUE,0,-10.7476224,-75.2172758
329,202100099104,18385,18385-050-150621,20607648051,ALEGROUP ENERGY E.I.R.L.,AV. PAUL POBLET LIND MZ. 37 LOTE 1,LIMA,LIMA,PACHACAMAC,ESTACIONES DE SERVICIOS,C1:1500:GASOHOL 97 PLUS C2:1500:GASOHOL 90 PLUS C3:1000:GASOHOL 95 PLUS ,C1:2000:Diesel B5 S-50 ,,,,,,,,,6000.0,15/06/2021,INDEFINIDO,HUSTLER VICENTE CASIO,100,-12.2119026,-76.87043709999999
330,202200156303,115821,115821-050-190822,20490122924,GRIFO SR. DE HUANCA PYD E.I.R.L.,CARRETERA QUILLABAMBA - CUSCO S/N URPIPATA ALTA ,CUSCO,LA CONVENCION,SANTA ANA,ESTACIONES DE SERVICIOS,C1:2000:GASOHOL 95 PLUS ,C1:4000:GASOHOL 90 PLUS ,C1:4000:Diesel B5 S-50 ,,,,,,,,10000.0,19/08/2022,19/08/2023,HERBE VARGAS CAMPOS,0,-12.890205,-72.6892238
331,202000118042,151032,151032-050-080920,20600809629,ESTACION DE SERVICIOS PETRO SELVA S.A.C.,"PARCELA AGRICOLA A5 CÓDIGO CATASTRAL 13600 (FUNDO EL,PADRINO) CRUCE DE LA ENTRADA AL DISTRITO DE LA MORADA Y CARRETERA A LA ZONA B",HUANUCO,MARAÑON,LA MORADA,ESTACIONES DE SERVICIOS,C1:10000:Diesel B5 S-50 ,C1:7000:GASOHOL 90 PLUS C2:3000:GASOHOL 95 PLUS ,,,,,,,,,20000.0,8/09/2020,INDEFINIDO,FERMIN HERIBERTO DIAZ DIAZ,0,-8.7804671,-76.2744203
332,202100170562,157803,157803-050-041021,10238901583,APAZA HANCCO ELOY GUILLERMO,COMUNIDAD CAMPESINA DE PILLAO MZ. S-1,CUSCO,CUSCO,SAN JERONIMO,ESTACIONES DE SERVICIOS,C1:6570:Diesel B5 S-50 ,C1:6570:GASOHOL 90 PLUS ,C1:4000:GASOHOL 95 PLUS C2:2570:GASOHOL 97 PLUS ,,,,,,,,19710.0,4/10/2021,INDEFINIDO,APAZA HANCCO ELOY GUILLERMO,0,-13.54918,-71.893158
333,201900131323,6747,6747-050-160819,20514993956,INVERSIONES PURITA CALIDAD S.R.L.,AV. CIRCUMVALACION MZ. F LT.8,LIMA,LIMA,ATE,PUESTO DE VENTA DE COMBUSTIBLE - GRIFOS,C1:8000:Diesel B5 S-50 ,C1:6000:GASOHOL 90 PLUS ,C1:3000:GASOHOL 95 PLUS C2:3000:SIN PRODUCTO ,,,,,,,,20000.0,16/08/2019,INDEFINIDO,NIERE ALFREDO PURIS HUARANGA,0,-12.0167699,-76.9151224
334,202200016212,43280,43280-050-280222,20608505556,GRIFO LA BELLA VILLA S.A.C.,"AV. LA VILLA MZ A LOTE 7, CENTRO POBLADO EL MILAGRO EX FUNDO FAUSTA ANGÉLICA SECTOR IRRIGACIÓN SANTA ROSA",LIMA,HUAURA,SAYAN,ESTACIONES DE SERVICIOS,C1:2009:Diesel B5 S-50 ,C1:2009:GASOHOL 90 PLUS ,C1:980:GASOHOL 95 PLUS ,,,,,,,,4998.0,28/02/2022,INDEFINIDO,CARMEN ROSA TRUJILLO SIFUENTES,0,-11.2348932,-77.3790965
335,201800057835,135509,135509-050-090418,20602862942,SERVICENTRO CH´UMPIWILCAS SOCIEDAD ANONIMA CERRADA,AV. WARI Y CALLE ANTONIO MAIMONDI MZA. V1 LOTE 11 ,CUSCO,CHUMBIVILCAS,LIVITACA,PUESTO DE VENTA DE COMBUSTIBLE - GRIFOS,C1:3347:Diesel B5 S-50 ,C1:3347:GASOHOL 84 PLUS ,C1:3347:GASOHOL 90 PLUS ,,,,,,,,10041.0,9/04/2018,INDEFINIDO,DANIEL OLIVARES MUÑOZ ,0,-14.3139769,-71.6905099
336,201300063941,101383,101383-050-150413,10040475686,OLGA GRACIELA GAVINO CAJAHUAMAN,"CARRETERA CENTRAL KM. 325 HUANUCO - CERRO DE PASCO, ANEXO DE YANAPAMPA",PASCO,PASCO,TICLACAYAN,PUESTO DE VENTA DE COMBUSTIBLE - GRIFOS,C1:2100:DIESEL B5 ,C1:2100:GASOHOL 90 PLUS ,,,,,,,,,4200.0,15/04/2013,INDEFINIDO,OLGA GRACIELA GAVINO CAJAHUAMAN,720,-10.6709393,-76.2492273
337,201900123057,139016,139016-050-050819,20541377612,SERVICIOS MULTIPLES NINA E.I.R.L.,CARRETERA MARGINAL KM. 89,JUNIN,CHANCHAMAYO,PICHANAQUI,PUESTO DE VENTA DE COMBUSTIBLE - GRIFOS,C1:1000:GASOHOL 95 PLUS C2:1500:GASOHOL 90 PLUS C3:1500:Diesel B5 S-50 ,,,,,,,,,,4000.0,5/08/2019,INDEFINIDO,NORMA ROSARIO ORTIZ FERNANDEZ ,180,-10.9348899,-74.8657859
338,202200136493,83218,83218-050-030822,20600871723,ESTACION DE SERVICIOS PETROSUR S.A.C.,AV. HUANTA N° 319-321 SAN FRANCISCO,AYACUCHO,LA MAR,AYNA,ESTACIONES DE SERVICIOS,C1:3106:GASOHOL 95 PLUS ,C1:3106:GASOHOL 90 PLUS ,C1:3106:Diesel B5 S-50 ,C1:3106:Diesel B5 S-50 ,,,,,,,12424.0,3/08/2022,3/08/2023,KERLLIN SUSAN AYALA LAGOS,0,-12.6230996,-73.7929493
339,201700181508,132614,132614-050-031117,10804948525,JOSE LUIS TIPULA VARGAS ,"PROLONGACIÓN AV. LIBERTAD N° 107, 113 Y 117",PUNO,SAN ANTONIO DE PUTINA,PUTINA,PUESTO DE VENTA DE COMBUSTIBLE - GRIFOS,C1:4000:Diesel B5 S-50 ,C1:3000:GASOHOL 84 PLUS ,C1:2500:GASOHOL 90 PLUS ,,,,,,,,9500.0,3/11/2017,INDEFINIDO,JOSE LUIS TIPULA VARGAS ,0,-14.914575,-69.8572279
340,202200088558,108488,108488-050-030622,20494748909,EMPRESA DE TRANSPORTES URBANO E INTERURBANO Y SERVICIOS MULTIPLES SANTA ROSA S.A.C,AV. MARISCAL CACERES Y JR. LOS LAURELES MZ W4 - LT 03,AYACUCHO,HUAMANGA,CARMEN ALTO,PUESTO DE VENTA DE COMBUSTIBLE - GRIFOS,C1:5330:GASOHOL 90 PLUS ,C1:2665:Diesel B5 S-50 C2:2665:Diesel B5 S-50 ,,,,,,,,,10660.0,3/06/2022,INDEFINIDO,FELIX RODRIGUEZ LUJAN,0,-13.1939325,-74.22404759999999
341,202100223736,159047,159047-050-021121,20570734891,CONSTRUCTORA E INMOBILIARIA EL CHACARERO S.R.L.,PROLONG. 28 DE JULIO S/N (INTERSECCION PROL. PEDRO NOVOA Y CARRETERA AL CASERIO DE CALQUIS Y CASERIO SANTA ROSA),CAJAMARCA,SAN MIGUEL,SAN MIGUEL,PUESTO DE VENTA DE COMBUSTIBLE - GRIFOS,C1:3000:Diesel B5 S-50 ,C1:1000:GASOHOL 95 PLUS C2:2000:GASOHOL 90 PLUS ,,,,,,,,,6000.0,2/11/2021,INDEFINIDO,GILMER MENDOZA MONSEFU,0,-7.0013393,-78.8528023
342,202300073542,18332,18332-050-050423,10214988301,FUJIKI BERROCAL ELENA SACHICO,CARRETERA PANAMERICANA SUR KM. 329 - CASERIO LA VENTA,ICA,ICA,SANTIAGO,ESTACIONES DE SERVICIOS,C1:2300:Diesel B5 S-50 ,C1:1000:GASOHOL REGULAR ,C1:1000:GASOHOL REGULAR ,,,,,,,,4300.0,5/04/2023,INDEFINIDO,ELENA SACHICO FUJIKI BERROCAL,0,-14.184565,-75.7145283
343,201800033038,16681,16681-050-270218,20423398061,INVERSIONES FIGUEROA S.R.L.,"ESQ. AV. SAN MARTIN Y AV. SANTA ROSA CANTO GRANDE, UNIDAD 12 MZ G LT. 5.",LIMA,LIMA,SAN JUAN DE LURIGANCHO,PUESTO DE VENTA DE COMBUSTIBLE - GRIFOS,C3:2000:GASOHOL 97 PLUS ,C2:4000:Diesel B5 S-50 ,C1:3000:GASOHOL 90 PLUS C2:3000:GASOHOL 95 PLUS ,C1:4000:Diesel B5 S-50 ,C1:4000:SIN PRODUCTO ,,,,,,20000.0,27/02/2018,INDEFINIDO,ARTURO ELEUTERIO PILLACA FIGUEROA,0,-12.0379679,-76.9559509
344,201900098589,16613,16613-050-270619,20312287511,ESTACION DE SERVICIOS SANTA LUCIA S.R.LTDA.,AV. 22 DE AGOSTO N° 400,AREQUIPA,CAYLLOMA,CHIVAY,ESTACIONES DE SERVICIOS,C1:4000:Diesel B5 S-50 ,C1:2000:GASOHOL 90 PLUS ,C1:966:GASOHOL 95 PLUS C2:989:GASOHOL 90 PLUS ,,,,,,,,7955.0,27/06/2019,INDEFINIDO,EVA LLICA CAYLLAHUA,0,-15.6390946,-71.6021334
345,202200240263,159917,159917-050-170123,20608271580,CORPORATIVOS MEDINA S.A.C.,ANTA RELAVE CCOJE MORRE SECTOR SACASCO CARRETERA JULIACA - HUANCANÉ KM. 32+160,PUNO,HUANCANE,TARACO,PUESTO DE VENTA DE COMBUSTIBLE - GRIFOS,C1:6000:Diesel B5 S-50 ,C1:5000:Diesel B5 S-50 ,C1:2500:GASOHOL 84 PLUS ,C1:5000:GASOHOL 90 PLUS ,C1:2500:GASOHOL 95 PLUS ,,,,,,21000.0,17/01/2023,INDEFINIDO,MEDINA PACORI MIRIAN,0,-15.2022882,-69.7708133
346,201800076029,16778,16778-050-250518,20602251803,OMP PETRONEGOCIACIONES E.I.R.L.,CARRETERA JULIACA - CUSCO KM. 6.5,PUNO,SAN ROMAN,JULIACA,PUESTO DE VENTA DE COMBUSTIBLE - GRIFOS,C3:2500:GASOHOL 95 PLUS ,C1:3700:GASOHOL 90 PLUS ,C1:5000:Diesel B5 S-50 ,,,,,,,,11200.0,25/05/2018,INDEFINIDO,OSCAR UBALDO MEDINA PACORI,480,-15.5066438,-70.1169401
347,202100063046,148072,148072-050-280421,20603594267,CODELMAR S.A.C.,AV. VIA DE EVITAMIENTO NORTE Nº 1829,CAJAMARCA,CAJAMARCA,CAJAMARCA,PUESTO DE VENTA DE COMBUSTIBLE - GRIFOS,C1:5200:GASOHOL 90 PLUS ,C1:3900:Diesel B5 S-50 ,C1:2600:GASOHOL 95 PLUS ,,,,,,,,11700.0,28/04/2021,INDEFINIDO,AUSBERTO JULON GUTIERREZ,0,-7.1469347,-78.5077616
348,201300032529,100116,100116-050-150213,20393857596,SERVICENTRO PADRE ABAD S.R.L.,PARCELA 7B DE LA PARCELACION MARIELA II ETAPA,UCAYALI,PADRE ABAD,PADRE ABAD,ESTACIONES DE SERVICIOS,C1:5000:DIESEL B5 ,C1:5000:DIESEL B5 ,C1:5000:GASOLINA 84 ,C1:5000:GASOLINA 90 ,,,,,,,20000.0,15/02/2013,INDEFINIDO,HANNY LAZO GARCIA,0,-8.8207899,-75.62080879999999
349,201700179716,102332,102332-050-021117,20487910938,SERVICIOS GENERALES EL OVALO E.I.R.L.,SUB LOTE EL EDEN A2 - SECTOR LA CURVA,AMAZONAS,BAGUA,BAGUA,PUESTO DE VENTA DE COMBUSTIBLE - GRIFOS,"C1:0:DIESEL B5,Diesel B5 S-50 ",C1:3000:GASOLINA 90 ,C1:3000:GASOLINA 84 ,,,,,,,,11000.0,2/11/2017,INDEFINIDO,NILO DELGADO FLORES,0,-5.6418876,-78.52591559999999
350,202000120277,6818,6818-050-250920,20503840121,REPSOL COMERCIAL S.A.C.,AV. BENAVIDES ESQUINA CON LA AV. REPUBLICA DE PANAMA,LIMA,LIMA,MIRAFLORES,ESTACIONES DE SERVICIOS,C1:7926:GASOHOL 98 PLUS ,C1:7926:GASOHOL 95 PLUS ,C1:3963:Diesel B5 S-50 C2:3963:GASOHOL 95 PLUS ,C1:7926:GASOHOL 90 PLUS ,,,,,,,31704.0,25/09/2020,INDEFINIDO,VICTOR GONZALO CASTILLO OVIEDO,480,-12.1260637,-77.01778449999999
351,202000163101,14559,14559-050-111120,20127765279,COESTI S.A.,"CARRETERA CHICLAYO - POMALCA KM. 3,7",LAMBAYEQUE,CHICLAYO,CHICLAYO,PUESTO DE VENTA DE COMBUSTIBLE - GRIFOS,C1:5000:Diesel B5 S-50 ,C1:3000:GASOHOL 90 PLUS ,,,,,,,,,8000.0,11/11/2020,INDEFINIDO,CESAR DOMINGO CRUCES LIBERT ,0,-6.7679573,-79.7763815
352,202000128518,146374,146374-050-250920,20604173818,GRIFITO CRISTINA E.I.R.L.,"CARRETERA CASMA – QUILLO S/N, CASERÍO CARHUAPAMPA",ANCASH,YUNGAY,QUILLO,PUESTO DE VENTA DE COMBUSTIBLE - GRIFOS,C1:2630:Diesel B5 S-50 ,C1:1319:GASOHOL 90 PLUS ,C1:1319:GASOHOL 95 PLUS ,,,,,,,,5268.0,25/09/2020,INDEFINIDO,FERNANDO JESUS TRINIDAD GUERRERO,720,-10.5163772,-77.2175223
353,201800131758,8924,8924-050-240818,20452262399,SERVICENTROS PLAZA S.A.C.,CARRETERA AYACUCHO - HUANTA KM. 06,AYACUCHO,HUAMANGA,JESUS NAZARENO,PUESTO DE VENTA DE COMBUSTIBLE - GRIFOS,C1:4000:GASOHOL 90 PLUS ,C1:6000:GASOHOL 95 PLUS ,C1:6000:Diesel B5 S-50 ,,,,,,,,16000.0,24/08/2018,INDEFINIDO,MIGUEL ANGEL OLARTE LUJAN,0,-13.1590999,-74.2209399
354,202100188912,128395,128395-050-081021,20490626302,MULTISERVICIOS AMICO E.I.R.L.,SECTOR CONCHO CHICO CARRETERA CHUQUIBAMBILLA -VILCABAMBA S/N,APURIMAC,GRAU,CHUQUIBAMBILLA,ESTACIONES DE SERVICIOS,C1:1400:Diesel B5 S-50 ,C1:1400:GASOHOL 95 PLUS ,C1:3300:GASOHOL 90 PLUS ,C1:3300:Diesel B5 S-50 ,,,,,,,9400.0,8/10/2021,INDEFINIDO,CLEVER DINA CASAVERDE VILLEGAS VDA DE OBLITAS,0,-14.1028317,-72.7061231
355,202000084621,139667,139667-050-310720,20603555105,MEGA ESTACION DE SERVICIOS INVERSOL S.A.,"AV. NICOLAS DE PIEROLA SUR, CORCONA KM. 48 - CARRETERA CENTRAL",LIMA,HUAROCHIRI,SANTA CRUZ DE COCACHACRA,ESTACIONES DE SERVICIOS,C1:2000:Diesel B5 S-50 C2:2000:Diesel B5 S-50 C3:4000:Diesel B5 S-50 ,C1:8000:Diesel B5 S-50 ,C1:9000:Diesel B5 S-50 ,C1:3000:GASOHOL 90 PLUS C2:3000:GASOHOL 95 PLUS C3:3000:Diesel B5 S-50 ,,,,,,,34000.0,31/07/2020,INDEFINIDO,MIGUEL DELFIN GAMEZ OROÑA,0,-11.9101049,-76.5744218
356,201600141318,21004,21004-050-091016,20501568776,LA JOYA DE SANTA ISABEL E.I.R.L.,ESQ. AV. MIGUEL GRAU Y CALLE 4,LIMA,LIMA,ATE,ESTACIONES DE SERVICIOS,C1:10000:Diesel B5 S-50 ,C1:3500:SIN PRODUCTO ,C1:3300:GASOHOL 90 PLUS ,C1:3300:GASOHOL 95 PLUS ,,,,,,,20100.0,9/10/2016,INDEFINIDO,RUBEN MOLERO FERNANDEZ,0,-12.0238297,-76.894944
357,201300040030,9355,9355-050-210213,20503840121,REPSOL COMERCIAL S.A.C.,AV. GENERAL PEZET N° 1301,LIMA,LIMA,SAN ISIDRO,ESTACIONES DE SERVICIOS,C1:10000:Diesel B5 S-50 ,C1:10000:GASOHOL 90 PLUS ,C1:10000:GASOHOL 95 PLUS ,C1:10000:GASOHOL 98 PLUS ,C1:5000:Diesel B5 S-50 ,,,,,,45000.0,21/02/2013,INDEFINIDO,ALBERTO ELIAS MUNAREZ TAPIA,0,-12.103265,-77.0519047
358,202200220752,14447,14447-050-271022,20142209099,FRUDEL E.I.R.L.,CALLE CUSCO S/N. URB. LA LAGUNA,AREQUIPA,CASTILLA,ORCOPAMPA,PUESTO DE VENTA DE COMBUSTIBLE - GRIFOS,C1:5300:Diesel B5 S-50 ,C1:2260:GASOHOL 90 PLUS C2:1700:GASOHOL 90 PLUS ,C1:2200:Diesel B5 S-50 ,C1:2800:GASOHOL 95 PLUS ,,,,,,,14260.0,27/10/2022,INDEFINIDO,FAUSTA DELFINA CASTILLO MAMANI,0,-15.2636102,-72.3429829
359,202200093650,148437,148437-050-110622,20601369886,CORPORACION GRIFERA J&F S.R.L.,VIA ASFALTADA PISAC - PARQUE ARQUEOLOGICO S/N ,CUSCO,CALCA,PISAC,ESTACIONES DE SERVICIOS,C1:7000:Diesel B5 S-50 ,C1:2000:GASOHOL 90 PLUS C2:3000:GASOHOL 90 PLUS C3:2000:GASOHOL 95 PLUS ,,,,,,,,,14000.0,11/06/2022,INDEFINIDO,JUAN DE DIOS USCAMAYTA HUILLCA,0,-13.4075234,-71.84415419999999
360,202200182838,141472,141472-050-230922,20609846411,ESTACION DE SERVICIOS SERVI CENTRO ANCO E.I.R.L.,AV. 20 DE ENERO S/N – CARRETERA CENTRAL HUANCAYO – AYACUCHO – ALFA CORRAL CUCHO – LAS VENECIAS,HUANCAVELICA,CHURCAMPA,ANCO,ESTACIONES DE SERVICIOS,C1:6000:Diesel B5 S-50 ,C1:4000:GASOHOL 90 PLUS ,C1:1400:GASOHOL 95 PLUS ,,,,,,,,11400.0,23/09/2022,INDEFINIDO,JUANA ESTHER MATAMOROS ROMERO,0,-12.6479481,-74.5697617
361,202200262784,112897,112897-050-201222,20529313471,SERVICIO DE LINEA DE MAQUINARIA PESADA E.I.R.L - SERVILINEMAQ E.I.R.L,"SECTOR LA IGLESIA - PREDIO N° 7-6259280-48732, KM. 23 PANAMERICANA NORTE",LAMBAYEQUE,LAMBAYEQUE,ILLIMO,ESTACIONES DE SERVICIOS,C1:6000:GASOHOL 90 PLUS ,C1:3000:GASOHOL 84 PLUS ,C1:3000:GASOHOL 95 PLUS ,C1:10000:Diesel B5 S-50 ,,,,,,,22000.0,20/12/2022,INDEFINIDO,JESSICA YSABEL VALIENTE PAICO,0,-6.7112232,-79.9016744
362,202200025738,39735,39735-050-170222,20603088663,COMPAÑIA GASOLINERA CASMES S.A.C. - CIA CASMES S.A.C.,AV. LOS INCAS CDRA. 9 S/N-URB. URIPA,APURIMAC,CHINCHEROS,ANCO-HUALLO,ESTACIONES DE SERVICIOS,C1:3000:GASOHOL 90 PLUS ,C1:3000:GASOHOL 95 PLUS ,C1:6000:Diesel B5 S-50 ,,,,,,,,12000.0,17/02/2022,INDEFINIDO,EDISON JOSE CASTAÑEDA PANDAL,0,-13.5329462,-73.6715561
363,202200169831,83289,83289-050-060922,20609297442,ESTACION DE SERVICIOS LEONTINA EMPRESA INDIVIDUAL DE RESPONSABILIDAD LIMITADA,"MZ. J1, LOTE 01, CARRETERA NAUTA IQUITOS KM. 1.00 + 100",LORETO,LORETO,NAUTA,ESTACIONES DE SERVICIOS,C1:2501:GASOLINA 84 ,C1:1501:GASOLINA 90 ,C1:3001:DIESEL B5 ,,,,,,,,7003.0,6/09/2022,INDEFINIDO,ZULLY ADELA PRISCILLA OBANDO NAVARRO,720,-3.796673599999999,-73.302922
364,201700027084,16716,16716-050-280217,20311243285,EMPRESA DE TRANSPORTE DE SERVICIOS MULTIPLES 3M S.A.,AV. MIGUEL CARDUCCI N° 790 - BARRIO SAMANA CRUZ,CAJAMARCA,CAJAMARCA,CAJAMARCA,ESTACIONES DE SERVICIOS,C1:6000:DIESEL B5 ,C1:6000:DIESEL B5 ,,,,,,,,,12000.0,28/02/2017,INDEFINIDO,TITO GILBERTO MEDINA MARIN,240,-7.136459700000001,-78.52443749999999
365,202000056652,18438,18438-050-210520,20102931387,GRIFO VIGMA S.R.L.,CARRETERA PIURA – SULLANA KM. 5,PIURA,PIURA,PIURA,ESTACIONES DE SERVICIOS,C1:6200:GASOHOL 84 PLUS ,C1:6400:GASOHOL 90 PLUS ,C1:6200:GASOHOL 95 PLUS ,C1:6400:Diesel B5 S-50 ,C1:6400:Diesel B5 S-50 ,,,,,,31600.0,21/05/2020,INDEFINIDO,RODOLFO EDUARDO VIGNOLO MACHADO,0,-5.0893538,-80.6289399
366,202200273270,134304,134304-050-040123,10420908224,JUAN ANTONIO TENORIO CASTILLO,"FUNDO RUSTICO LA SIQUINA, TERRENO A, SECTOR BOCA DEL RIO, CARRETERA COSTANERA SUR",TACNA,TACNA,SAMA,ESTACIONES DE SERVICIOS,C1:5300:Diesel B5 S-50 ,C1:3300:GASOHOL 90 PLUS ,C1:2600:GASOHOL 95 PLUS ,C1:1900:GASOHOL 95 PLUS ,,,,,,,13100.0,4/01/2023,INDEFINIDO,JUAN ANTONIO TENORIO CASTILLO,0,-18.1582103,-70.6722372
367,201900047104,9428,9428-050-260319,10022625549,EULOGIA BRAVO MENDOZA,AV. GARCILAZO N° 295,PUNO,MELGAR,AYAVIRI,PUESTO DE VENTA DE COMBUSTIBLE - GRIFOS,C1:3000:Diesel B5 S-50 ,C1:2000:GASOHOL 84 PLUS ,C1:2000:GASOHOL 90 PLUS ,,,,,,,,7000.0,26/03/2019,INDEFINIDO,EULOGIA BRAVO MENDOZA,480,-14.8845216,-70.5850273
368,201900217491,119987,119987-050-020120,20600788818,ANDREE G & C SOCIEDAD ANONIMA CERRADA,"CARRETERA CUSCO - URCOS, SECTOR OROPESA",CUSCO,QUISPICANCHI,OROPESA,ESTACIONES DE SERVICIOS,C1:9363:Diesel B5 S-50 ,C1:9363:Diesel B5 S-50 ,C1:6641:GASOHOL 95 PLUS ,C1:6641:GASOHOL 90 PLUS ,C1:6641:GASOHOL 90 PLUS ,,,,,,38649.0,2/01/2020,INDEFINIDO,MIRIAM CORTEZ FERNANDEZ ,0,-13.5997689,-71.7675485
369,202100290082,21322,21322-050-291221,10009673976,IBANEZ RUIZ ROMMEL,"ALAMEDA OLMEDO CARDENAS INFANTES / JR. ALFONSO UGARTE MZ. 62, LT. A",SAN MARTIN,BELLAVISTA,BELLAVISTA,PUESTO DE VENTA DE COMBUSTIBLE - GRIFOS,C1:6500:GASOLINA 90 ,C1:6500:Diesel B5 S-50 ,C1:6500:Diesel B5 S-50 ,C1:6500:GASOLINA 90 ,,,,,,,26000.0,29/12/2021,INDEFINIDO,ROMMEL IBAÑEZ RUIZ,0,-7.0534572,-76.5892774
370,202100063024,8366,8366-050-150421,20606085991,RED DE ESTACION Y SERVICIOS SAN FRANCISCO EMPRESA INDIVIDUAL DE RESPONSABILIDAD LIMITADA,CARRETERA CUSCO-ABANCAY KM. 31,CUSCO,ANTA,ANTA,ESTACIONES DE SERVICIOS,C1:2000:GASOHOL 95 PLUS ,C1:4000:Diesel B5 S-50 ,C1:5000:GASOHOL 90 PLUS ,C1:8000:Diesel B5 S-50 ,,,,,,,19000.0,15/04/2021,INDEFINIDO,MAYKELT ERIKSON DIAZ LEON ,0,-13.4722159,-72.1503925
371,201300115144,8821,8821-050-090713,20119207992,BENCAR S.R.L.,ASIENTO MINERO TOQUEPALA AREA - STAFF,TACNA,JORGE BASADRE,ILABAYA,PUESTO DE VENTA DE COMBUSTIBLE - GRIFOS,C1:6900:GASOHOL 95 PLUS ,,,,,,,,,,6900.0,9/07/2013,INDEFINIDO,HUGO FRANCISCO BENAVIDES CARTAGENA,0,-17.252819,-70.603973
372,201900031668,133101,133101-050-280219,20602224792,GRUPO PALOMO S.A.C.,AV. PANAMERICANA SUR N° 750,PUNO,PUNO,PUNO,PUESTO DE VENTA DE COMBUSTIBLE - GRIFOS,C1:7910:Diesel B5 S-50 ,C1:3908:GASOHOL 90 PLUS ,C1:3908:GASOHOL 90 PLUS ,C1:3908:GASOHOL 84 PLUS ,C1:3908:GASOHOL 95 PLUS ,,,,,,23542.0,28/02/2019,INDEFINIDO,ARMIDA VILCA MAMANI,0,-16.4651884,-71.9542824
373,202200018201,41310,41310-050-010722,20517072908,ESTACION DE SERVICIO VIRGEN DE LAS NIEVES S.A.C. - ESVDN S.A.C.,AV. CARRETERA CENTRAL KM. 13.5,LIMA,LIMA,ATE,ESTACIONES DE SERVICIOS,C1:10000:Diesel B5 S-50 ,C1:5000:GASOHOL 97 PLUS ,C1:5000:GASOHOL 95 PLUS ,C1:6000:GASOHOL 90 PLUS ,,,,,,,26000.0,1/07/2022,INDEFINIDO,DANIEL FLORENCIO RAMIREZ CCANTO,0,-12.0206353,-76.9035352
374,202300111824,8024,8024-050-150523,20448510671,SERVICENTRO COMERCIAL J & M S.A.C,SALIDA AREQUIPA KM. 2.5 JULIACA - PUNO,PUNO,SAN ROMAN,JULIACA,PUESTO DE VENTA DE COMBUSTIBLE - GRIFOS,C1:5000:Diesel B5 S-50 ,C1:5000:Diesel B5 S-50 ,C1:3500:GASOHOL PREMIUM C2:3500:GASOHOL PREMIUM ,C1:3500:GASOHOL 84 PLUS C2:3500:GASOHOL REGULAR ,,,,,,,24000.0,15/05/2023,INDEFINIDO,YESICA MONICA CALANCHO TAPIA ,720,-15.5210586,-70.1791372
375,202000018274,33366,33366-050-310120,20529357258,SERVICIOS MULTIPLES LAS TORRECITAS S.R.L.,AV. RAFAEL HOYOS RUBIO N° 1589,CAJAMARCA,CAJAMARCA,CAJAMARCA,ESTACIONES DE SERVICIOS,C3:1000:GASOHOL 95 PLUS ,C1:6000:Diesel B5 S-50 ,C1:3000:GASOHOL 90 PLUS C2:2000:GASOHOL 95 PLUS ,,,,,,,,12000.0,31/01/2020,INDEFINIDO,MARIA OLGA SALAZAR DE AQUINO,0,-7.1461304,-78.50060959999999
376,202000076021,96248,96248-050-100720,20531369581,ESTACION DE SERVICIOS DAVILA E.I.R.L.,JR. PIURA CUADRA 6,SAN MARTIN,MOYOBAMBA,MOYOBAMBA,ESTACIONES DE SERVICIOS,C1:6500:GASOLINA 90 ,C1:9100:GASOLINA 84 ,C1:6500:GASOLINA 95 ,C1:9100:Diesel B5 S-50 ,,,,,,,31200.0,10/07/2020,INDEFINIDO,ALVARO DAVILA RUIZ,0,-6.0306499,-76.96658
377,202100265529,159994,159994-050-221221,10425186618,QUISPE QUISPE FREDY,AV. FERROCARRIL ESQ. CON FELIBERTO QUISPE ZEA MZ. I LT. 05 Y PARTE DEL LT. 04 URB. COSTA ALEGRE,PUNO,SAN ROMAN,JULIACA,PUESTO DE VENTA DE COMBUSTIBLE - GRIFOS,C1:3000:Diesel B5 S-50 ,C1:2000:GASOHOL 84 PLUS ,C1:2000:GASOHOL 90 PLUS ,C1:2000:GASOHOL 95 PLUS ,,,,,,,9000.0,22/12/2021,INDEFINIDO,FREDY QUISPE QUISPE,0,-15.4831931,-70.1653019
378,202200183989,149727,149727-050-281022,20509516341,CORPORACION PERUANA DE COMERCIO Y SERVICIOS S.A.C.,AV. DANIEL ALCIDES CARRION 501 C.P. SANTA CLARA,LIMA,LIMA,ATE,PUESTO DE VENTA DE COMBUSTIBLE - GRIFOS,C1:2600:Diesel B5 S-50 ,C1:2600:GASOHOL 95 PLUS ,C1:2600:GASOHOL 90 PLUS ,,,,,,,,7800.0,28/10/2022,INDEFINIDO,MANUEL GODOY MALLQUI,0,-12.0198685,-76.8763103
379,201700209786,8733,8733-050-121217,20480015992,PETROLERA DEL NORTE EIRL ,AV. PANAMERICANA SUR N° 700,LAMBAYEQUE,CHICLAYO,MOCUPE,PUESTO DE VENTA DE COMBUSTIBLE - GRIFOS,C1:1250:GASOHOL 84 PLUS C2:1250:GASOHOL 90 PLUS C3:1250:GASOHOL 98 PLUS ,C1:3750:Diesel B5 S-50 ,C1:1000:GASOHOL 84 PLUS ,C1:2800:DIESEL B5 ,,,,,,,11300.0,12/12/2017,INDEFINIDO,ELENO HILDEBRANDO ROCA ROMERO,0,-6.991483,-79.6202618
380,202000055093,40640,40640-050-130520,20531332076,SERVICON S.A.C.,CARRETERA FERNANDO BELAUNDE TERRY NORTE KM. 1 + 360,SAN MARTIN,SAN MARTIN,MORALES,ESTACIONES DE SERVICIOS,C1:11000:GASOLINA 90 ,C1:11000:Diesel B5 S-50 ,C1:5500:GASOLINA 84 C2:5500:GASOLINA 95 ,C1:7800:Diesel B5 S-50 ,,,,,,,40800.0,13/05/2020,INDEFINIDO,PEDRO IBAÑEZ RUIZ,0,-6.468567999999999,-76.4083993
381,202000094083,16746,16746-050-300720,20602727808,INVERSIONES ENERGETICAS MINEROLOGIA Y COMBUSTIBLES SAN FERMIN E.I.R.L.,PANAMERICANA NORTE KM. 441 FUNDO SAN LUIS,ANCASH,SANTA,SANTA,ESTACIONES DE SERVICIOS,C1:12000:Diesel B5 S-50 ,C1:6000:Diesel B5 S-50 ,C1:6000:GASOHOL 90 PLUS ,C1:4500:SIN PRODUCTO ,C1:4500:GASOHOL 95 PLUS ,,,,,,33000.0,30/07/2020,INDEFINIDO,PERCY ANTONY MORALES CHINGAY,0,-9.0039977,-78.6183418
382,202200199590,162305,162305-050-171022,20602690271,GRIFO VENECIA E.I.R.L.,AV. LIMA S/N (REF. AV. LIMA ESQ. CON JR. APURÍMAC),SAN MARTIN,BELLAVISTA,BELLAVISTA,ESTACIONES DE SERVICIOS,C1:7000:GASOLINA 84 C2:7000:GASOLINA 95 ,C1:14000:GASOLINA 90 ,C1:14000:GASOLINA 90 ,C1:14000:GASOLINA 84 ,C1:14000:Diesel B5 S-50 ,C1:14000:Diesel B5 S-50 ,C1:14000:Diesel B5 S-50 ,C1:14000:Diesel B5 S-50 ,,,112000.0,17/10/2022,INDEFINIDO,IBAÑEZ RUIZ ROMMEL,0,-7.0558945,-76.5936927
383,201900105502,120596,120596-050-180719,10018756167,WILBER ALFREDO GUEVARA HUANACUNI,AV. CHASQUI - CACHIPUCARA MZ. W LOTE 01,PUNO,EL COLLAO,PILCUYO,PUESTO DE VENTA DE COMBUSTIBLE - GRIFOS,C1:4000:Diesel B5 S-50 ,C1:2247:GASOHOL 84 PLUS ,C1:2247:GASOHOL 90 PLUS ,C1:9200:Diesel B5 S-50 ,C1:9200:GASOHOL 84 PLUS ,C1:4000:GASOHOL 90 PLUS ,C1:4000:GASOHOL 95 PLUS ,,,,34894.0,3/07/2019,INDEFINIDO,WILBER ALFREDO GUEVARA HUANACUNI,720,-16.106132,-69.55982639999999
384,202000047608,149532,149532-050-160320,20604013071,VALCESA E.I.R.L.,"CARRETERA ANDAHUAYLAS - ABANCAY, PROLONGACION MARIANO MELGAR S/N ",APURIMAC,ANDAHUAYLAS,SAN JERONIMO,ESTACIONES DE SERVICIOS,C1:9000:Diesel B5 S-50 ,C1:5000:GASOHOL 90 PLUS C2:4000:GASOHOL 95 PLUS ,,,,,,,,,18000.0,16/03/2020,INDEFINIDO,SANTOS CCORISAPRA HUAITA ,0,-13.6506175,-73.3670652
385,201900201447,39174,39174-050-091219,20450129306,GRIFO LOS OLIVOS S.A.C,AV. CAJAMARCA NORTE N° 460 CRUCE CON CARRETERA AL DISTRITO DE SAN FERNANDO,SAN MARTIN,RIOJA,NUEVA CAJAMARCA,PUESTO DE VENTA DE COMBUSTIBLE - GRIFOS,C1:9368:Diesel B5 S-50 ,C1:9368:Diesel B5 S-50 ,C1:9368:GASOLINA 84 ,C1:4680:GASOLINA 95 C2:4680:GASOLINA 90 ,,,,,,,37464.0,9/12/2019,INDEFINIDO,CESAR VASQUEZ MEDINA,0,-5.9328884,-77.3116094
386,202300054645,105874,105874-050-210323,20609741610,A & MS NEGOCIACIONES KUNURANA E.I.R.L.,"CARRETERA PANAMERICANA S/N CUSCO - AREQUIPA, URBANIZACIÓN PUEBLO LIBRE.",PUNO,MELGAR,SANTA ROSA,PUESTO DE VENTA DE COMBUSTIBLE - GRIFOS,C1:4000:Diesel B5 S-50 ,C1:2247:GASOHOL 84 PLUS ,,,,,,,,,6247.0,9/03/2023,INDEFINIDO,MARIA FORTUNATA ZARATE CUNO ,0,-15.8759768,-74.1731891
387,202000056659,18437,18437-050-180520,20484043915,ESTACION DE SERVICIOS VALDIVIEZO E.I.R.L.,AV. BUENOS AIRES N° 790 ,PIURA,SULLANA,SULLANA,PUESTO DE VENTA DE COMBUSTIBLE - GRIFOS,C1:6500:GASOHOL 84 PLUS ,C1:4000:GASOHOL 90 PLUS ,C1:6500:Diesel B5 S-50 ,C1:4000:GASOHOL 95 PLUS ,,,,,,,21000.0,18/05/2020,INDEFINIDO,VALDIVIEZO RUIZ ENRIQUE ,0,-4.9071601,-80.6801657
388,202000056654,7371,7371-050-140520,20603270658,ESTACIÓN DE SERVICIOS JR E.I.R.L.,CASERIO VERSALLA KM. 231 CARRETERA OLMOS - CORRAL QUEMADO,AMAZONAS,UTCUBAMBA,BAGUA GRANDE,PUESTO DE VENTA DE COMBUSTIBLE - GRIFOS,C1:6290:Diesel B5 S-50 ,C1:6290:GASOLINA 90 ,,,,,,,,,12580.0,14/05/2020,INDEFINIDO,JUAN RICARDO DEL CASTILLO ROJAS,0,-5.7188956,-78.5116385
389,202300019901,7586,7586-050-180223,20450730417,GRIFO SAN MARTIN SOCIEDAD COMERCIAL DE RESPONSABILIDAD LIMITADA,"AVENIDA SAN MARTIN N° 477, CERCADO",CUSCO,ESPINAR,ESPINAR,PUESTO DE VENTA DE COMBUSTIBLE - GRIFOS,C1:3000:GASOHOL REGULAR ,C1:3000:Diesel B5 S-50 ,C1:3000:Diesel B5 S-50 ,C1:3000:SIN PRODUCTO ,,,,,,,12000.0,18/02/2023,INDEFINIDO,ERIKSON QUISPE UMASI,0,-14.7910325,-71.4097084
390,202100251644,42087,42087-050-211221,20453899285,GRUPO GUZMAN VALDIVIA E.I.R.L.,"AV. AREQUIPA S/N, ESQUINA CON CALLE 3, SECTOR EL CRUCERO",AREQUIPA,ISLAY,PUNTA DE BOMBON,PUESTO DE VENTA DE COMBUSTIBLE - GRIFOS,C1:999:GASOHOL 90 PLUS ,C1:997:GASOHOL 90 PLUS ,C1:1000:GASOHOL 95 PLUS ,C1:1999:Diesel B5 S-50 ,,,,,,,4995.0,21/12/2021,INDEFINIDO,LUIS ANTONIO VALDIVIA NUÑEZ,0,-17.1701881,-71.7935428
391,201600080694,38135,38135-050-310516,20311851650,ADALBERTO J.V SERVICIOS MULTIPLES S.R.L,"ESQUINA DE LA AV. FRANCISCO MOSTAJO CON CALLE SANCHEZ CERRO, PUEBLO JOVEN INDEPENDENCIA",AREQUIPA,AREQUIPA,ALTO SELVA ALEGRE,PUESTO DE VENTA DE COMBUSTIBLE - GRIFOS,C1:2500:Diesel B5 S-50 ,C1:2000:GASOHOL 90 PLUS C2:1000:GASOHOL 95 PLUS ,,,,,,,,,5500.0,31/05/2016,INDEFINIDO,ADALBERTO JUAN PEÑA ZUÑIGA,0,-16.363288,-71.5168275
392,202300033792,38281,38281-050-060323,20491047403,CORPORACION CENTURION S.A.C.,AV. LOS CEDROS N° 420,APURIMAC,ANDAHUAYLAS,ANDAHUAYLAS,PUESTO DE VENTA DE COMBUSTIBLE - GRIFOS,C1:2600:Diesel B5 S-50 ,C1:2000:GASOHOL PREMIUM C2:1500:GASOHOL REGULAR C3:5600:GASOHOL REGULAR ,,,,,,,,,11700.0,6/03/2023,INDEFINIDO,YANETH FLORES ALVAREZ DE RIVERA,120,-13.659003,-73.38257349999999
393,202300106887,144267,144267-050-150523,20600594321,CHACHAKONY S.A.C.,PROLONGACIÓN AV. TAMBOPATA S/N DEL BARRIO SELVA ALEGRE,PUNO,SANDIA,SAN PEDRO DE PUTINA PUNCO,PUESTO DE VENTA DE COMBUSTIBLE - GRIFOS,C1:6586:Diesel B5 S-50 ,C1:5264:GASOHOL 84 PLUS ,C1:3951:GASOHOL REGULAR ,,,,,,,,15801.0,15/05/2023,15/05/2024,WILVER JIMENEZ SUCARI,0,-13.4766885,-69.1923916
394,201500028594,14711,14711-050-310315,10082873568,FIDEL SULLCA HUAMAN,AV.FRATERNIDAD MZ. K LOTES 7 Y 8 AA.HH. ENRIQUE MONTENEGRO,LIMA,LIMA,SAN JUAN DE LURIGANCHO,ESTACIONES DE SERVICIOS,C1:4500:Diesel B5 S-50 ,C1:1500:SIN PRODUCTO ,C1:2000:GASOHOL 90 PLUS ,C1:5000:GASOHOL 95 PLUS ,,,,,,,13000.0,12/03/2015,INDEFINIDO,SULLCA HUAMAN FIDEL,0,-12.0216775,-76.95874649999999
395,202000008991,8963,8963-050-210120,20605310461,ESSO COMBUSTIBLES S.A.C.,"AV. LOS PROCERES MZ. W, LOTE 9 CAMPOY",LIMA,LIMA,SAN JUAN DE LURIGANCHO,ESTACIONES DE SERVICIOS,C1:8000:Diesel B5 S-50 ,C1:6000:Diesel B5 S-50 ,C1:4000:GASOHOL 95 PLUS C2:2500:GASOHOL 90 PLUS ,,,,,,,,20500.0,21/01/2020,INDEFINIDO,MARCOS NATHAN DUHARTE MATA,0,-12.0129659,-76.9631013
396,202100179129,20990,20990-050-140921,20527102350,SERVICENTRO TRANS OCEANICA E.I.R.L.,"LOCALIDAD DE QUEHUAR KM. 119, VIA CUSCO - SICUANI",CUSCO,CANCHIS,SICUANI,ESTACIONES DE SERVICIOS,C1:8000:Diesel B5 S-50 ,C1:8000:Diesel B5 S-50 ,C1:4000:GASOHOL 95 PLUS ,C1:4000:GASOHOL 90 PLUS ,,,,,,,24000.0,14/09/2021,INDEFINIDO,GRIMALDO QUISPE MAMANI,0,-14.2316376,-71.2651479
397,202100170531,157800,157800-050-200821,10426805397,RODRIGO QUISPE AURELIO BERNABE,CARRETERA JULIACA - HUANCANE KM. 16+30 PREDIO RURAL DENOMINADO SAN BARTOLOME N° 50-A,PUNO,AZANGARO,CAMINACA,PUESTO DE VENTA DE COMBUSTIBLE - GRIFOS,C1:9220:Diesel B5 S-50 ,C1:3951:GASOHOL 95 PLUS ,C1:3951:GASOHOL 90 PLUS ,C1:3951:GASOHOL 84 PLUS ,,,,,,,21073.0,20/08/2021,INDEFINIDO,RODRIGO QUISPE AURELIO BERNABE,0,-15.2022882,-69.7708133
398,201600127395,90972,90972-050-070916,20411212972,GRIFO MERINO S.R.L.,AV. VICTOR RAUL HAYA DE LA TORRE N° 188-198 CON JR. LOS PINOS,CAJAMARCA,CAJABAMBA,CAJABAMBA,ESTACIONES DE SERVICIOS,"C1:3970:DIESEL B5,Diesel B5 S-50 ",C1:2090:GASOHOL 84 PLUS C2:2090:GASOHOL 90 PLUS ,C1:3970:DIESEL B5 ,"C1:3970:DIESEL B5,Diesel B5 S-50 ",,,,,,,12120.0,7/09/2016,INDEFINIDO,GREGORIO ENRIQUE MERINO VARGAS,0,-7.6120701,-78.0567707
399,202100092886,34480,34480-050-080621,10305807244,ZAVALAGA DE LLERENA MARIA EMERITA,AV. PROLONGACION PROGRESO S/N,AREQUIPA,CASTILLA,URACA,PUESTO DE VENTA DE COMBUSTIBLE - GRIFOS,C1:2000:GASOHOL 90 PLUS ,C1:2000:Diesel B5 S-50 ,C1:1700:GASOHOL 95 PLUS ,,,,,,,,5700.0,8/06/2021,INDEFINIDO,MARIA EMERITA ZAVALAGA DE LLERENA,0,-16.2263845,-72.4707581
400,202100189572,8341,8341-050-060921,20603981708,ESTACION DE SERVICIOS SANCHEZ S.A.C.,CARRETERA SECHURA - BAYOVAR KM. 22,PIURA,SECHURA,SECHURA,ESTACIONES DE SERVICIOS,C1:7000:GASOHOL 90 PLUS ,C1:7000:Diesel B5 S-50 ,,,,,,,,,14000.0,6/09/2021,INDEFINIDO,SANCHEZ MORALES GREGORIO,0,-5.8277126,-81.029228
401,202200210126,7577,7577-050-271022,20556119636,XACT PERU S.A.C.,CARRETERA AREQUIPA YURA KM. 15.5,AREQUIPA,AREQUIPA,YURA,PUESTO DE VENTA DE COMBUSTIBLE - GRIFOS,C1:4000:GASOHOL 90 PLUS ,C1:4000:Diesel B5 S-50 ,C1:6000:Diesel B5 S-50 ,C1:6000:Diesel B5 S-50 ,C1:6000:Diesel B5 S-50 ,,,,,,26000.0,27/10/2022,INDEFINIDO,JOSE JENNER BAZAN RODRIGUEZ,0,-16.2543861,-71.6817252
402,202200128473,115202,115202-050-200822,20600519051,ESTACION DE SERVICIOS SAN HILARION SOCIEDAD ANONIMA CERRADA,MZ. 01 LOTE 4 Y 5 - CARRETERA FERNANDO BELAUNDE TERRY,SAN MARTIN,PICOTA,SAN HILARION,ESTACIONES DE SERVICIOS,C1:6000:Diesel B5 S-50 ,C1:3000:GASOLINA 84 ,C1:3000:GASOLINA 90 ,C1:14050:Diesel B5 S-50 ,C1:7025:GASOLINA 90 C2:7025:GASOLINA 95 ,,,,,,40100.0,20/08/2022,INDEFINIDO,GUMERCINDO VASQUEZ HERNANDEZ ,0,-7.1994349,-76.735794
403,202300023401,125938,125938-050-220223,10727953146,SERRANO FLORES FIORELLA YADIRA,CARRETERA REPOSO -DURAN KM 48+295-SECTOR PUERTO POMARÁ,AMAZONAS,BAGUA,ARAMANGO,PUESTO DE VENTA DE COMBUSTIBLE - GRIFOS,C1:2209:GASOLINA 90 ,C1:1179:GASOLINA 84 ,C1:1179:Diesel B5 S-50 ,C1:2000:GASOLINA 90 C2:2000:GASOLINA 84 ,C1:4000:Diesel B5 S-50 ,,,,,,12567.0,22/02/2023,INDEFINIDO,FIORELLA YADIRA SERRANO FLORES,0,-5.2949875,-78.4340156
404,202000055074,8443,8443-050-080520,20127765279,COESTI S.A.,AV. PANAMERICANA Y COUNTRY S/N URB. SAN EDUARDO,PIURA,PIURA,PIURA,ESTACIONES DE SERVICIOS,C1:4000:GASOHOL 95 PLUS C2:4000:GASOHOL 97 PLUS ,C1:4000:GASOHOL 97 PLUS C2:4000:Diesel B5 S-50 ,C1:8000:GASOHOL 90 PLUS ,,,,,,,,24000.0,8/05/2020,INDEFINIDO,ABRAHAM HUGO CALDERON MAVILA,480,-5.1869094,-80.6320619
405,201800068785,37464,37464-050-260418,20447604109,GRIFO LOS ANGELES S.R.L,CARRETERA JULIACA - AREQUIPA KM. 5.5,PUNO,SAN ROMAN,JULIACA,PUESTO DE VENTA DE COMBUSTIBLE - GRIFOS,C1:6000:Diesel B5 S-50 ,C1:5000:GASOHOL 90 PLUS ,C1:3000:GASOHOL 95 PLUS ,,,,,,,,14000.0,26/04/2018,INDEFINIDO,EDWIN CATI VELASQUEZ,0,-15.5066438,-70.1169401
406,202200194141,140989,140989-050-071022,20490963562,GRIFO Y REPUESTOS MENA EMPRESA INDIVIDUAL DE RESPONSABILIDAD LIMITADA,CENTRO POBLADO QUEBRADA HONDA S/N,CUSCO,CALCA,YANATILE,ESTACIONES DE SERVICIOS,C1:4390:Diesel B5 S-50 ,C1:2284:GASOHOL 90 PLUS ,C1:2142:GASOHOL 84 PLUS ,,,,,,,,8816.0,7/10/2022,7/10/2023,ZENON MENA HUALLPA ,0,-12.6811237,-72.2793093
407,202300061187,21394,21394-050-020523,20229723759,ESTACION DE SERVICIOS Y GRIFO JIM E.I.R.L.,"CARRETERA PASCO - LIMA, KM. 01, AA.HH. TAHUANTINSUYO",PASCO,PASCO,CHAUPIMARCA,PUESTO DE VENTA DE COMBUSTIBLE - GRIFOS,C1:4000:Diesel B5 S-50 ,C1:4000:Diesel B5 S-50 ,C1:4000:GASOHOL PREMIUM ,C1:4000:GASOHOL REGULAR ,,,,,,,16000.0,2/05/2023,INDEFINIDO,ROSA VICTORIA FUENTES PANDO,720,-10.6916153,-76.261771
408,201300067271,101980,101980-050-090413,20563900572,SERVICENTRO PETRO MAPI E.I.R.L.,"CALLE PRINCIPAL INDEPENDENCIA MZ. L, LOTE 13",MADRE DE DIOS,MANU,HUEPETUHE,PUESTO DE VENTA DE COMBUSTIBLE - GRIFOS,C1:7128:GASOLINA 84 ,C1:9762:Diesel B5 S-50 ,C1:9762:Diesel B5 S-50 ,C1:9762:Diesel B5 S-50 ,,,,,,,36414.0,9/04/2013,INDEFINIDO,MAURO HOLGADO QUISPE,0,-13.0258926,-70.6692655
409,201700133448,94557,94557-050-220817,10323842863,ALIDA NINFA DUEÑAS MIRANDA,"CARRETERA CARAZ-HUALLANCA S/N, U.C. 70440, SECTOR CUMPAYHUARA, BARRIO ICHOC HUAYLAS",ANCASH,HUAYLAS,CARAZ,ESTACIONES DE SERVICIOS,C1:3000:Diesel B5 S-50 C2:1000:GASOHOL 90 PLUS C3:900:GASOHOL 95 PLUS ,,,,,,,,,,4900.0,22/08/2017,INDEFINIDO,ALIDA NINFA DUEÑAS MIRANDA,720,-9.0420613,-77.8166683
410,202200251773,95532,95532-050-270123,10224773671,ECHEVARRIA NOREÑA YONEL,ESQUINA DE LA CARRETERA FERNANDO BELAUNDE TERRY CON JR. HUANUCO - CENTRO POBLADO VON HUMBOLT,UCAYALI,PADRE ABAD,ALEXANDER VON HUMBOLD,PUESTO DE VENTA DE COMBUSTIBLE - GRIFOS,C1:5000:DIESEL B5 C2:4000:GASOLINA 90 ,C1:9000:GASOLINA 90 ,C1:3000:DIESEL B5 C2:6000:DIESEL B5 ,,,,,,,,27000.0,27/01/2023,INDEFINIDO,ECHEVARRIA NOREÑA YONEL,720,-8.819104,-75.03775019999999
411,202200257596,32007,32007-050-261222,20531317786,ESTACION DE SERVICIOS MELCHORITA EIRL.,AV. VIA DE EVITAMIENTO N° 582,SAN MARTIN,SAN MARTIN,TARAPOTO,ESTACIONES DE SERVICIOS,C1:4500:GASOLINA 90 ,C1:3500:GASOLINA 90 C2:1000:Diesel B5 S-50 ,C1:1500:GASOLINA 84 C2:2500:GASOLINA 95 ,,,,,,,,13000.0,26/12/2022,INDEFINIDO,WILSON GARCIA CORDOVA,0,-6.4942132,-76.37465089999999
412,202100159830,97236,97236-050-090821,20608001019,AXEL ENERGY S.A.C.,CARRETERA PANAMERICANA NORTE KM 162+809 - SECTOR MIRAMAR,LIMA,HUAURA,VEGUETA,ESTACIONES DE SERVICIOS,C1:1000:GASOHOL 90 PLUS C2:1000:GASOHOL 95 PLUS ,C1:5000:Diesel B5 S-50 ,,,,,,,,,7000.0,9/08/2021,INDEFINIDO,ANDAHUA MORENO CRISTHIAN JHONIUR,0,-10.9555742,-77.6465124
413,201600167685,8136,8136-050-211116,20482114611,SANTISTEBAN BROTHERS S.A.C.,AV. LEONCIO PRADO Nº 1204 MZ. F LOTE 01 CENTRO POBLADO MALABRIGO,LA LIBERTAD,ASCOPE,RAZURI,PUESTO DE VENTA DE COMBUSTIBLE - GRIFOS,"C1:5000:DIESEL B5,Diesel B5 S-50 ",C1:5000:GASOHOL 90 PLUS ,C1:1100:GASOHOL 90 PLUS ,,,,,,,,11100.0,21/11/2016,INDEFINIDO,SEUL NICOLAS SANTISTEBAN ATOCHE,0,-7.891164600000001,-79.2244735
414,202100076658,34820,34820-050-120521,20454011971,ESTACION DE SERVICIOS LOS INCAS E.I.R.L.,"ESQ. DE AV. VIDAURRAZAGA CON CALLE BILLINGHURST, URB. PABLO VI, II ETAPA, MZ. L LT. 8",AREQUIPA,AREQUIPA,AREQUIPA,ESTACIONES DE SERVICIOS,C1:2500:GASOHOL 84 PLUS ,C1:2500:GASOHOL 95 PLUS ,C1:5000:GASOHOL 90 PLUS ,C1:5000:Diesel B5 S-50 ,C1:2500:SIN PRODUCTO ,,,,,,17500.0,12/05/2021,INDEFINIDO,SERGIO ANTONIO SILVA TAPIA,0,-16.4197002,-71.5384391
415,201800148994,84184,84184-050-100918,20393378272,ESTACION DE SERVICIOS GEMELOS GRIFO AD SRL ,"JR. DORIAN CAMPOS ESQUINA CALLE MOHENAS, MZ. 117, LOTE 1 Y 12, J.V. SEÑOR DE LOS MILAGROS - CENTRO POBLADO VILLA ATALAYA II ETAPA",UCAYALI,ATALAYA,RAYMONDI,ESTACIONES DE SERVICIOS,C1:5256:DIESEL B5 ,C1:5256:GASOLINA 90 ,C1:3069:GASOLINA 90 ,C1:5256:GASOLINA 90 ,,,,,,,18837.0,10/09/2018,INDEFINIDO,HERNAN ALDO RENGIFO MELENDEZ,0,-10.7295382,-73.763224
416,201600167681,43786,43786-050-291116,20505967616,EMPRESA HUPESA S.A.C.,"AV. CHILLON MZ W LOTES 1, 2, 3, 4, ASOC DE PROPIETARIOS CASA HUERTAS VIRGEN DE LAS MERCEDES",PROV. CONST. DEL CALLAO,PROV. CONST. DEL CALLAO,CALLAO,ESTACIONES DE SERVICIOS,C1:4560:Diesel B5 S-50 ,C1:1490:GASOHOL 95 PLUS C2:2000:GASOHOL 90 PLUS C3:1000:SIN PRODUCTO ,,,,,,,,,9050.0,29/11/2016,INDEFINIDO,HUGO PEDRO SAMANIEGO ALVAREZ,0,-11.9439427,-77.1124155
417,202300020692,8954,8954-050-270423,20367065975,PLANTA DE ABASTECIMIENTO DE COMBUSTIBLES LIQUIDOS AMERICAN PETROLEOS DEL NORTE E.I.R.L.,PANAMERICANA NORTE KM. 1194,TUMBES,CONTRALMIRANTE VILLAR,CANOAS DE PUNTA SAL,ESTACIONES DE SERVICIOS,C1:8000:Diesel B5 S-50 ,C1:4000:GASOHOL 84 PLUS ,C1:1500:GASOHOL REGULAR C2:1500:GASOHOL PREMIUM ,,,,,,,,15000.0,27/04/2023,INDEFINIDO,TORRES RIVERA MEISTER EDUARDO,720,-3.9568567,-80.9470455
418,201700035081,99787,99787-050-130317,20230767131,PROVEEDORA DEL SUR E.I.R.L.,ESQUINA DE LA AV. AEROPUERTO CON LA AV. UNIVERSITARIA - OVALO LA JOYA,MADRE DE DIOS,TAMBOPATA,TAMBOPATA,PUESTO DE VENTA DE COMBUSTIBLE - GRIFOS,C1:10600:Diesel B5 S-50 ,C1:10600:GASOLINA 84 ,C1:10600:GASOLINA 90 ,,,,,,,,31800.0,13/03/2017,INDEFINIDO,JULIO ALI FIGUEROA GONZALES,720,-12.5989884,-69.2095864
419,201900076019,143147,143147-050-210519,10231555566,ESPINOZA DURAND ROMULO,JR. ENOC MZ. 06 LOTES 10 Y 11 DEL CASERIO BELLO HORIZONTE,UCAYALI,PADRE ABAD,CURIMANA,ESTACIONES DE SERVICIOS,C1:3600:DIESEL B5 ,C1:3600:GASOLINA 90 ,,,,,,,,,7200.0,21/05/2019,INDEFINIDO,ESPINOZA DURAND ROMULO,0,-8.447114,-75.25521499999999
420,202300080180,88489,88489-050-100423,20609261090,ESTACION DE SERVICIOS MACHILIN EMPRESA INDIVIDUAL DE RESPONSABILIDAD LIMITADA,CARRETERA MARGINAL Nº 331 SATIPO – LA MERCED,JUNIN,SATIPO,SATIPO,ESTACIONES DE SERVICIOS,C1:1500:Diesel B5 S-50 C2:1500:GASOHOL REGULAR C3:1000:GASOHOL REGULAR ,,,,,,,,,,4000.0,10/04/2023,INDEFINIDO,LEDESMA LOPEZ JESSICA ROSANA,720,-11.2399205,-74.6340281
421,202200154947,88682,88682-050-200323,20490141392,GRIFO GUADALUPE SOCIEDAD ANONIMA CERRADA,"MANZANA 208, LOTES N° 21, 22, 23, 24, 25 Y 26 NUEVA EXPANSION URBANA",MADRE DE DIOS,MANU,HUEPETUHE,PUESTO DE VENTA DE COMBUSTIBLE - GRIFOS,C1:5260:GASOLINA 84 ,C1:5260:Diesel B5 S-50 ,C1:5260:Diesel B5 S-50 ,C1:5260:Diesel B5 S-50 ,C1:9296:Diesel B5 S-50 ,C1:9296:Diesel B5 S-50 ,C1:9296:Diesel B5 S-50 ,,,,48928.0,20/03/2023,INDEFINIDO,CLAUDIO GUTIERREZ DELGADO,0,-13.0258926,-70.6692655
422,202200174196,103957,103957-050-200922,20605376861,CORPORACIÓN CAMILFER E.I.R.L,CARRETERA MARGINAL MZ 8 LOTE 10,JUNIN,SATIPO,MAZAMARI,PUESTO DE VENTA DE COMBUSTIBLE - GRIFOS,C1:2000:GASOHOL 84 PLUS C2:2000:GASOHOL 90 PLUS ,C1:4000:Diesel B5 S-50 ,,,,,,,,,8000.0,15/09/2022,20/09/2023,FIDEL PARIONA LANASCA,0,-11.3229662,-74.5363069
423,202100032275,150647,150647-050-240321,20607296392,PETROCENTRO NUÑOA S.A.C.,ESQUINA AV. TÚPAC AMARU S/N CON AV. RAMÓN CASTILLA S/N DE LA URBANIZACIÓN AMPLIACIÓN SAN PEDRO II ETAPA MZ. L LOTE 01,PUNO,MELGAR,NUÑOA,PUESTO DE VENTA DE COMBUSTIBLE - GRIFOS,C1:4000:Diesel B5 S-50 ,C1:1500:GASOHOL 84 PLUS ,C1:1500:GASOHOL 90 PLUS ,,,,,,,,7000.0,24/03/2021,INDEFINIDO,MARCO ALAIN APAZA HUAYAPA ,0,-14.4760253,-70.6365505
424,202300007688,163143,163143-050-140123,10100247611,SALAZAR TOMANGUILLA HORACIO,"SECTOR DE LA FLORIDA S/N, CUENCA DE KELCAYBAMBA",CUSCO,LA CONVENCION,OCOBAMBA,ESTACIONES DE SERVICIOS,C1:5000:Diesel B5 S-50 ,C1:5000:GASOHOL 90 PLUS ,C1:5000:GASOHOL 84 PLUS ,,,,,,,,15000.0,14/01/2023,14/01/2024,SALAZAR TOMANGUILLA HORACIOS,0,-12.8700106,-72.44695449999999
425,202200136634,95323,95323-050-150722,10285289900,ESTEBAN RAMIREZ LAZO,"PROLONGACIÓN AV. HUANTA S/N, CARRETERA SIVIA – HUANTA, BARRIO BELLAVISTA, MZ. D, LOTES 2, 3 Y 4 ",AYACUCHO,HUANTA,SIVIA,PUESTO DE VENTA DE COMBUSTIBLE - GRIFOS,C1:4000:Diesel B5 S-50 ,C1:2000:GASOHOL 90 PLUS C2:1000:GASOHOL 90 PLUS ,,,,,,,,,7000.0,15/07/2022,15/07/2023,ESTEBAN RAMIREZ LAZO,720,-12.5080596,-73.8624893
426,202100153939,20997,20997-050-120821,20448422209,EESS SAN JUAN S.R.L.,JR. LUIS RIVAROLA N° 223 BARRIO LIZANDRO LUNA,PUNO,AZANGARO,AZANGARO,PUESTO DE VENTA DE COMBUSTIBLE - GRIFOS,C1:4500:Diesel B5 S-50 ,C1:3000:GASOHOL 90 PLUS C2:1500:GASOHOL 84 PLUS ,,,,,,,,,9000.0,12/08/2021,INDEFINIDO,JUAN JOSE TUERO MAQUERA,720,-14.9100838,-70.1979946
427,201700024318,38557,38557-050-250217,20564360814,GRIFOS DATNE Y DIEGO E.I.R.L.,URBANIZACION TUPAC AMARU T-1-14,CUSCO,CUSCO,SAN SEBASTIAN,PUESTO DE VENTA DE COMBUSTIBLE - GRIFOS,C1:700:SIN PRODUCTO ,C1:3500:GASOHOL 95 PLUS ,C1:3500:GASOHOL 90 PLUS ,C1:7000:Diesel B5 S-50 ,,,,,,,14700.0,25/02/2017,INDEFINIDO,ELVIS MARK MAYTA USAQUI,0,-13.5392298,-71.9095671
428,202300056880,100280,100280-050-040423,20228985237,ESTACION DE SERVICIOS SAN JOSE ESPINAR-CUSCO SRL,ESQUINA CALLE PUNO Y CALLE BOLIVAR MZ. L-2 LOTE 08 - BARRIO PROGRESO,CUSCO,ESPINAR,PALLPATA,PUESTO DE VENTA DE COMBUSTIBLE - GRIFOS,C1:10000:Diesel B5 S-50 ,C1:3000:GASOHOL REGULAR C2:2000:GASOHOL PREMIUM ,,,,,,,,,15000.0,4/04/2023,INDEFINIDO,LUIS ALBERTO PEZO HUAYLLA,0,-14.8913666,-71.2103896
429,201900131276,9506,9506-050-140819,20114067262,NEGOCIACION SAN MARTIN S.A.C.,JR. RAMON CASTILLA ESQ. JR. LIMA,SAN MARTIN,SAN MARTIN,TARAPOTO,ESTACIONES DE SERVICIOS,C1:5089:GASOLINA 95 ,C1:5089:GASOLINA 97 ,C1:10195:GASOLINA 90 ,C1:8072:GASOLINA 84 ,C1:8072:Diesel B5 S-50 ,,,,,,36517.0,14/08/2019,INDEFINIDO,DAVID CUARTO SALDOVAL SABERBEIN,0,-6.488283,-76.3624967
430,202200159955,21193,21193-050-120922,20394059898,ESTACION DE SERVICIOS ECOPETROL S.A.C.,AV. 1º DE JUNIO Nº 549 - CAMPO VERDE,UCAYALI,CORONEL PORTILLO,CAMPOVERDE,PUESTO DE VENTA DE COMBUSTIBLE - GRIFOS,C1:1800:GASOLINA 90 ,C1:1800:DIESEL B5 ,C1:1200:DIESEL B5 ,,,,,,,,4800.0,12/09/2022,INDEFINIDO,ALTAMIRANO GUEVARA JOEL,240,-8.4761212,-74.8068454
431,202000056428,148353,148353-050-150520,20494097452,SERVICENTRO NANCY E.I.R.L.,CARRETERA FERNANDO BELAUNDE TERRY KM 800 CENTRO POBLADO HUAYABAMBA,SAN MARTIN,MARISCAL CACERES,JUANJUI,PUESTO DE VENTA DE COMBUSTIBLE - GRIFOS,C1:5000:GASOLINA 95 C2:5000:GASOLINA 84 ,C1:10000:GASOLINA 90 ,C1:10000:GASOLINA 90 ,C1:10000:Diesel B5 S-50 ,C1:10000:Diesel B5 S-50 ,,,,,,50000.0,15/05/2020,INDEFINIDO,NANCY ELENINA IBAÑEZ RUIZ ,0,-7.1804079,-76.7353182
432,202300025747,119705,119705-050-090323,10108617271,GARCIA ALZAMORA NESTOR JAVIER,LOTE DE TERRENO 259 PAMPAS DE VELARDE ,LIMA,BARRANCA,BARRANCA,ESTACIONES DE SERVICIOS,C1:6000:Diesel B5 S-50 ,C1:2000:GASOHOL PREMIUM ,C1:2000:GASOHOL REGULAR ,,,,,,,,10000.0,9/03/2023,INDEFINIDO,NESTOR JAVIER GARCIA ALZAMORA,0,-10.7505577,-77.7681722
433,202000188103,8190,8190-050-161220,20453868304,GRIFO GEMINIS S.R.L.,"LOTE 12, MZ. 5 CENTRO POBLADO EL PEDEGRAL",AREQUIPA,CAYLLOMA,MAJES,PUESTO DE VENTA DE COMBUSTIBLE - GRIFOS,C1:2500:GASOHOL 95 PLUS ,C1:2500:GASOHOL 90 PLUS ,C1:2500:SIN PRODUCTO ,C1:5500:Diesel B5 S-50 ,,,,,,,13000.0,16/12/2020,INDEFINIDO,DAYSI AMPARO ZEVALLOS SANCHEZ ,0,-16.3596354,-72.1893722
434,202300099477,16753,16753-050-160523,10200589179,NELBER LUIS QUISPE OLLERO,AV. MARISCAL CACERES N° 528,JUNIN,CONCEPCION,CONCEPCION,PUESTO DE VENTA DE COMBUSTIBLE - GRIFOS,C1:2000:GASOHOL REGULAR ,C1:6000:GASOHOL REGULAR ,C1:4000:Diesel B5 S-50 ,C1:6000:SIN PRODUCTO ,,,,,,,18000.0,16/05/2023,INDEFINIDO,NELBER LUIS QUISPE OLLERO,720,-11.9193586,-75.3142113
435,202100002709,104454,104454-050-200121,20603393024,INVERSIONES EN HIDROCARBUROS JC E.I.R.L.,"PREDIO RUSTICO PARUSTTACCA, ESQUINA DE LA VIA EXPRESA CON LA CALLE PEROL PUGIO",CUSCO,CUSCO,SAN JERONIMO,ESTACIONES DE SERVICIOS,C1:9950:Diesel B5 S-50 ,C1:4000:GASOHOL 84 PLUS ,C1:4000:GASOHOL 90 PLUS ,C1:4000:GASOHOL 95 PLUS ,,,,,,,21950.0,20/01/2021,INDEFINIDO,CURO HUILLCA ROSA DE FATIMA,0,-13.5469366,-71.891568
436,202000056433,18448,18448-050-140520,20102550588,HERMANAS RAMOS DIAZ S.R.L.,AV. PANAMERICANA N° 1110,PIURA,SULLANA,SULLANA,PUESTO DE VENTA DE COMBUSTIBLE - GRIFOS,C1:1800:Diesel B5 S-50 ,C1:3600:Diesel B5 S-50 ,C1:2500:GASOHOL 84 PLUS ,C1:3000:GASOHOL 90 PLUS ,,,,,,,10900.0,14/05/2020,INDEFINIDO,MARGARITA RAMOS DIAZ,0,-4.909146199999999,-80.6975504
437,201900196383,7429,7429-050-021219,20604062447,INVERSIONES MALVELLIZ S.R.L.,AV. PANAMERICANA SUR NO. 630,LIMA,CAÑETE,MALA,PUESTO DE VENTA DE COMBUSTIBLE - GRIFOS,C1:3000:GASOHOL 95 PLUS ,C1:3000:SIN PRODUCTO ,C1:2500:GASOHOL 90 PLUS ,C1:4000:Diesel B5 S-50 ,,,,,,,12500.0,2/12/2019,INDEFINIDO,JOSE LUIS FLORES MONTOYA,0,-12.7562441,-76.6043096
438,202300034362,16699,16699-050-150223,20491047403,CORPORACION CENTURION S.A.C.,AV. HUALALACHI N° 139,APURIMAC,ANDAHUAYLAS,TALAVERA,PUESTO DE VENTA DE COMBUSTIBLE - GRIFOS,C1:8506:Diesel B5 S-50 ,C1:3446:GASOHOL PREMIUM C2:1942:GASOHOL REGULAR C3:1481:GASOHOL REGULAR ,,,,,,,,,15375.0,15/02/2023,INDEFINIDO,YANETH FLORES ALVAREZ DE RIVERA,360,-13.6539675,-73.42557169999999
439,201900196380,16630,16630-050-281119,20604594694,INVERSIONES FOUR STARS E.I.R.L.,"AUTOPISTA 54, CALLE 5, LOTES 1 Y 2, MZ. L ASOC. FRANCISCO JAVIER DE LUNA PIZARRO",AREQUIPA,AREQUIPA,CERRO COLORADO,ESTACIONES DE SERVICIOS,C1:2692:GASOHOL 84 PLUS ,C1:5385:Diesel B5 S-50 ,C1:5385:GASOHOL 90 PLUS ,C1:2692:GASOHOL 95 PLUS ,,,,,,,16154.0,28/11/2019,INDEFINIDO,FARIDY YAMELY ATAMARI SONCCO,0,-16.329936,-71.5582828
440,202100232563,144711,144711-050-301021,20608517422,PETROL FAST DYLAN S.A.C.,CARRETERA FERNANDO BELAUNDE TERRY PE 5N KM 3.90,SAN MARTIN,TOCACHE,TOCACHE,ESTACIONES DE SERVICIOS,C1:6600:Diesel B5 S-50 ,C1:4050:GASOLINA 84 C2:2500:GASOLINA 95 ,C1:6600:GASOLINA 90 ,C1:6600:Diesel B5 S-50 ,,,,,,,26350.0,30/10/2021,INDEFINIDO,ROY ANGEL ASENCIOS LOPEZ ,720,-8.188069,-76.5265327
441,201600007402,91884,91884-050-100216,10310327200,ALEX FILIO PINTO AYALA,AV. BOLIVAR S/N SECTOR MAZINGARA ,APURIMAC,ANDAHUAYLAS,HUANCARAMA,PUESTO DE VENTA DE COMBUSTIBLE - GRIFOS,C1:2700:Diesel B5 S-50 ,C1:1513:GASOHOL 90 PLUS ,,,,,,,,,4213.0,10/02/2016,INDEFINIDO,ALEX FILIO PINTO AYALA,720,-13.6415763,-73.0913973
442,201600153975,35335,35335-050-211116,20433463774,GRIFO PUNCHAUCA E.I.R.L.,CARRETERA LIMA - CANTA KM. 25,LIMA,LIMA,CARABAYLLO,PUESTO DE VENTA DE COMBUSTIBLE - GRIFOS,C1:3326:GASOHOL 95 PLUS ,C1:3326:GASOLINA 90 ,C1:6663:Diesel B5 S-50 ,,,,,,,,13315.0,21/11/2016,INDEFINIDO,JULIAN ESTEBAN INOCENTE OSORIO,0,-11.8267051,-76.9961297
443,202200161901,164371,164371-050-141122,10413140515,HEREDIA CUBAS DIOMIRES,CARRETERA PALO BLANCO - JAEN KM. 45,CAJAMARCA,JAEN,POMAHUACA,ESTACIONES DE SERVICIOS,C1:3000:Diesel B5 S-50 ,C1:3000:GASOHOL 84 PLUS ,C1:3000:GASOHOL 90 PLUS ,,,,,,,,9000.0,14/11/2022,INDEFINIDO,HEREDIA CUBAS DIOMIRES,0,-5.709441200000001,-78.7986181
444,202300075728,36054,36054-050-160523,20393554003,L & L NEGOCIOS E.I.R.L.,JR. ZARUMILLA N° 345 ESQUINA CON JR. ALFONSO UGARTE - PUCALLPA,UCAYALI,CORONEL PORTILLO,CALLERIA,PUESTO DE VENTA DE COMBUSTIBLE - GRIFOS,C1:5000:DIESEL B5 ,C1:3000:GASOLINA REGULAR ,C1:5000:GASOLINA REGULAR ,,,,,,,,13000.0,16/05/2023,INDEFINIDO,LIMA ORTIZ DORA,0,-8.3853312,-74.543595
445,202200075415,8555,8555-050-160522,20456284001,CONGLOMERADO JCL S.A.C.,URB. LA ESTRELLA C-13,AREQUIPA,AREQUIPA,JOSE LUIS BUSTAMANTE Y RIVERO,PUESTO DE VENTA DE COMBUSTIBLE - GRIFOS,C1:6000:GASOHOL 90 PLUS ,C1:6000:GASOHOL 90 PLUS ,C1:6000:Diesel B5 S-50 ,C1:3000:GASOHOL 97 PLUS C2:3000:GASOHOL 95 PLUS ,,,,,,,24000.0,16/05/2022,INDEFINIDO,JUAN JOSE SALINAS PAREDES,0,-16.4433689,-71.5153833
446,202300056073,19944,19944-050-300323,20503840121,REPSOL COMERCIAL SAC,AV. REPUBLICA DE VENEZUELA N° 1315,LIMA,LIMA,BREÑA,PUESTO DE VENTA DE COMBUSTIBLE - GRIFOS,C1:8000:Diesel B5 S-50 ,C1:8000:GASOHOL PREMIUM ,C1:8000:GASOHOL REGULAR ,C1:4000:SIN PRODUCTO ,C1:4000:SIN PRODUCTO ,,,,,,32000.0,30/03/2023,INDEFINIDO,JOSÉ WALTER NOÉ CHINININ,0,-12.0555613,-77.0527251
447,201900117765,33543,33543-050-190719,10246779797,JUAN QUECAÑO VILCA ,AV. AREQUIPA N° 598,CUSCO,CANCHIS,SICUANI,ESTACIONES DE SERVICIOS,C1:3000:GASOHOL 84 PLUS ,C1:4000:GASOHOL 84 PLUS ,C1:6000:Diesel B5 S-50 ,C1:6000:Diesel B5 S-50 ,C1:3000:GASOHOL 90 PLUS ,,,,,,22000.0,19/07/2019,INDEFINIDO,JUAN QUECAÑO VILCA ,480,-14.2779997,-71.22956289999999
448,201900126819,97948,97948-050-080819,20601064511,ESTACION DE SERVICIOS LOBITOS SERVICE S.A.C.,"CARRETERA PANAMERICANA NORTE KM. 169.00-EX FUNDO LOS OLIVOS, IRRIGACION SAN FELIPE LOTE 02 MEDIO MUNDO",LIMA,HUAURA,VEGUETA,ESTACIONES DE SERVICIOS,C1:5115:Diesel B5 S-50 ,C1:2078:GASOHOL 97 PLUS ,C1:2078:GASOHOL 90 PLUS ,C1:2500:GASOHOL 95 PLUS ,,,,,,,11771.0,8/08/2019,INDEFINIDO,LEONCIO DAVID PEREZ RIOS,0,-10.9277567,-77.6550101
449,201800132220,38310,38310-050-230818,20452460948,GRIFO AYACUCHO E.I.R.L.,CARRETERA VIA LOS LIBERTADORES KM. 2.5,AYACUCHO,HUAMANGA,AYACUCHO,PUESTO DE VENTA DE COMBUSTIBLE - GRIFOS,C1:6000:GASOHOL 90 PLUS ,C1:6000:Diesel B5 S-50 ,C1:6000:GASOHOL 95 PLUS ,C1:6000:Diesel B5 S-50 ,C1:8000:Diesel B5 S-50 ,C1:4000:GASOHOL 90 PLUS C2:4000:GASOHOL 97 PLUS ,C1:8000:Diesel B5 S-50 ,,,,48000.0,23/08/2018,INDEFINIDO,ANTONIA VERA DE SANCHEZ,0,-13.1561208,-74.2355362
450,1266133,8743,970963,20109841812,EMPRESA DE TRANSPORTES PERU S.A.,"ESQ. LAS PALMERAS Y ACASIAS MZ. H, LT-12 LOTIZACION ENSENADA",LIMA,LIMA,PUENTE PIEDRA,PUESTO DE VENTA DE COMBUSTIBLE - GRIFOS,C1:1200:SIN PRODUCTO ,C1:2500:DIESEL 2 ,C1:1100:DIESEL 2 ,,,,,,,,4800.0,18/01/2000,INDEFINIDO,"TRUJILLO VARGAS, ERNESTO",0,-11.8829128,-77.1322941
451,202000056451,20095,20095-050-150520,20104230581,SERVICENTRO LA MARGINAL S.A.C.,JR. ORELLANA N° 716,SAN MARTIN,SAN MARTIN,TARAPOTO,ESTACIONES DE SERVICIOS,C1:4000:Diesel B5 S-50 ,C1:4000:GASOLINA 84 ,C1:4000:GASOLINA 90 ,C1:4000:GASOLINA 95 ,,,,,,,16000.0,15/05/2020,INDEFINIDO,OSCAR RENAN REATEGUI COLLAZOS,0,-6.486185799999999,-76.3678685
452,201600182160,40648,40648-050-060117,20100226732,GRIFO LAS PEÑAS S.R.L. - LA REAL ,LA REAL S/N,AREQUIPA,CASTILLA,APLAO,PUESTO DE VENTA DE COMBUSTIBLE - GRIFOS,C1:4000:Diesel B5 S-50 ,C1:1600:SIN PRODUCTO ,C1:4000:GASOHOL 90 PLUS ,,,,,,,,9600.0,6/01/2017,INDEFINIDO,BETSY ANGELICA RODRIGUEZ MEDINA,0,-16.0710704,-72.4879444
453,202300056081,36670,36670-050-160523,10062464165,EHMER AUGUSTO ÑAÑEZ QUISEL,IRRIGACION LA ESPERANZA - SECTOR LA VIRGEN - LOTE N° 5-C,LIMA,HUARAL,HUARAL,ESTACIONES DE SERVICIOS,C1:3000:GASOHOL PREMIUM ,C1:3000:GASOHOL REGULAR C2:3000:GASOHOL REGULAR ,C1:6000:Diesel B5 S-50 ,,,,,,,,15000.0,16/05/2023,INDEFINIDO,EHMER AUGUSTO ÑAÑEZ QUISEL,0,-11.4666667,-77.21666669999999
454,202100251745,18789,18789-050-211221,20539654153,ESTACIÓN DE SERVICIOS IBERIA S.A.C.,"CALLE AREQUIPA S/N, LA CURVA",AREQUIPA,ISLAY,DEAN VALDIVIA,PUESTO DE VENTA DE COMBUSTIBLE - GRIFOS,C1:2250:Diesel B5 S-50 ,C1:2250:GASOHOL 90 PLUS ,C1:2320:Diesel B5 S-50 ,C1:2320:GASOHOL 90 PLUS ,C1:2320:GASOHOL 95 PLUS ,,,,,,11460.0,21/12/2021,INDEFINIDO,ANA MARIA VALDIVIA NUÑEZ,0,-17.1406793,-71.8230371
455,202000056453,21635,21635-050-150520,20602927661,GRIFO RIO GRANDE S.A.C,ESQUINA AV. LOS NARANJOS Y AV. MARGINAL,SAN MARTIN,RIOJA,PARDO MIGUEL,PUESTO DE VENTA DE COMBUSTIBLE - GRIFOS,C1:2000:GASOLINA 84 ,C1:1000:GASOLINA 90 ,C1:3000:Diesel B5 S-50 ,,,,,,,,6000.0,15/05/2020,INDEFINIDO,ORESTES VICTORIANO ARAUJO ARAUJO,0,-5.7386118,-77.5023194
456,202000059100,17877,17877-050-250520,20398682964,ESTACIÓN DE SERVICIOS LOS TALLANES S.R.L.,CARRETERA PIURA - CATACAOS KM. 9,PIURA,PIURA,CATACAOS,ESTACIONES DE SERVICIOS,C1:5200:Diesel B5 S-50 ,C1:5200:GASOHOL 90 PLUS ,C1:2600:Diesel B5 S-50 C2:2600:GASOHOL 95 PLUS ,,,,,,,,15600.0,25/05/2020,INDEFINIDO,MANUEL HUMBERTO SANDOVAL VALDIVIEZO,0,-5.1814702,-80.6531871
457,201900136993,8683,8683-050-220819,20600701011,PILLAHUATA S.A.C.,CARRETERA CUSCO-MALDONADO KM. 76,CUSCO,QUISPICANCHI,OCONGATE,ESTACIONES DE SERVICIOS,C1:1500:GASOHOL 90 PLUS ,C1:4000:GASOHOL 90 PLUS ,C1:10500:Diesel B5 S-50 ,,,,,,,,16000.0,22/08/2019,INDEFINIDO,ROCIO CORI VILCA ,0,-13.5997689,-71.7675485
458,201900006400,18656,18656-050-150119,20127765279,COESTI S.A.,AV. NICOLAS DE PIEROLA SUR Nº 3021 (ALTURA DEL KM. 47.7 DE LA CARRETERA CENTRAL - CORCONA),LIMA,HUAROCHIRI,SANTA CRUZ DE COCACHACRA,ESTACIONES DE SERVICIOS,C1:4000:SIN PRODUCTO ,C1:4000:GASOHOL 95 PLUS ,C1:4000:GASOHOL 90 PLUS ,C1:8000:Diesel B5 S-50 ,C1:12000:Diesel B5 S-50 ,,,,,,32000.0,15/01/2019,INDEFINIDO,ABRAHAM HUGO CALDERON MAVILA ,0,-11.9106429,-76.5809457
459,202200011012,138377,138377-050-140222,20601337496,ESTACION DE SERVICIOS KALIMAN E.I.R.L.,PREDIO TRES PIEDRAS - CASERIO LUCMA (CARRETERA BAMBAMARCA CHOTA A 500 M CRUCE CON AV. TUPAC AMARU),CAJAMARCA,HUALGAYOC,BAMBAMARCA,ESTACIONES DE SERVICIOS,C1:9200:Diesel B5 S-50 ,C1:4000:GASOHOL 90 PLUS C2:4000:GASOHOL 95 PLUS ,C1:9200:Diesel B5 S-50 ,,,,,,,,26400.0,14/02/2022,INDEFINIDO,MARIA OFELIA RIOJAS SEGOBIA ,0,-6.6794441,-78.5255132
460,202000049278,97259,97259-050-300320,20487703983,ESTACION DE SERVICIOS PICORITO E.I.R.L.,AV. CHACHAPOYAS LOTES 4-6 MZ. E25 - SECTOR LA ESPERANZA,AMAZONAS,UTCUBAMBA,BAGUA GRANDE,ESTACIONES DE SERVICIOS,C1:3600:Diesel B5 S-50 ,C1:3600:GASOLINA 90 ,C1:2000:GASOLINA 84 C2:1600:GASOLINA 95 ,,,,,,,,10800.0,30/03/2020,INDEFINIDO,WILMER LEANDRO VALLEJOS BERNAL,0,-5.7579425,-78.4327123
461,202000189285,153394,153394-050-140121,10410758216,CHICNES CHIPANA MELANIA,AV. EL PROGRESO S/N CARRETERA CARAPO – HUANCA SANCOS - CARAPO,AYACUCHO,HUANCA SANCOS,SANCOS,ESTACIONES DE SERVICIOS,C1:4000:Diesel B5 S-50 ,C1:4000:GASOHOL 90 PLUS ,C1:4000:GASOHOL 95 PLUS ,,,,,,,,12000.0,14/01/2021,INDEFINIDO,MELANIA CHICNES CHIPANA,0,-13.9211442,-74.3335444
462,202100194671,15710,15710-050-251021,20447981409,M & B GRIFOS SEÑOR DE HUANCA S.R.L.,AV. CENTENARIO Nº 438. BARRIO MIRAFLORES (ANTES AV. CENTENARIO S/N),PUNO,CARABAYA,MACUSANI,PUESTO DE VENTA DE COMBUSTIBLE - GRIFOS,C1:3500:GASOHOL 84 PLUS ,C1:3500:GASOHOL 95 PLUS ,C1:3000:GASOHOL 90 PLUS ,C1:8232:Diesel B5 S-50 ,,,,,,,18232.0,29/09/2021,INDEFINIDO,WILLIAMS HAMILTHON MOROCCO BONIFACIO,0,-14.0626642,-70.4365949
463,202000056478,105016,105016-050-150520,20450312178,EMPRESA GARATE PAREDES S.A.C.,JR. RAMON CASTILLA N° 1589 ,SAN MARTIN,MOYOBAMBA,SORITOR,PUESTO DE VENTA DE COMBUSTIBLE - GRIFOS,C1:5000:Diesel B5 S-50 ,C1:5000:GASOLINA 84 ,C1:5000:GASOLINA 90 ,C1:5000:GASOLINA 95 ,,,,,,,20000.0,15/05/2020,INDEFINIDO,WILMAN GARATE LABAJOS,0,-6.142534299999999,-77.1047947
464,202300092599,127580,127580-050-090523,20609106752,SERVICENTRO BELLAVISTA EMPRESA INDIVIDUAL DE RESPONSABILIDAD LIMITADA,"CARRETERA SATIPO-CONCEPCION, SECTOR COVIRIALI-RICARDO PALMA I ETAPA",JUNIN,SATIPO,COVIRIALI,ESTACIONES DE SERVICIOS,C1:3000:GASOHOL REGULAR C2:3000:GASOHOL REGULAR ,C1:4000:Diesel B5 S-50 C2:2000:GASOHOL PREMIUM ,,,,,,,,,12000.0,5/05/2023,INDEFINIDO,JESSICA ROSANA LEDESMA LOPEZ,720,-11.252678,-74.6371154
465,202100287478,160475,160475-050-170322,20606735767,GRIFO EL GAVILAN S.A.C.,CARRETERA CHOTA-TACABAMBA KM. 7.700,CAJAMARCA,CHOTA,CHOTA,PUESTO DE VENTA DE COMBUSTIBLE - GRIFOS,C1:3000:Diesel B5 S-50 ,C1:2000:GASOHOL 90 PLUS ,C1:2000:GASOHOL 84 PLUS ,,,,,,,,7000.0,17/03/2022,INDEFINIDO,GONZALO FUSTAMANTE DIAZ,0,-6.5539753,-78.6390872
466,202000178178,36819,36819-050-271120,20602647588,GRIFO SUPER GRUPO H&H SOCIEDAD ANONIMA CERRADA,KM. 7.7 CARRETERA JULIACA - CUSCO,PUNO,SAN ROMAN,JULIACA,PUESTO DE VENTA DE COMBUSTIBLE - GRIFOS,C1:3000:GASOHOL 84 PLUS ,C1:1500:GASOHOL 90 PLUS ,C1:1500:SIN PRODUCTO ,C1:6000:Diesel B5 S-50 ,C1:3000:Diesel B5 S-50 ,,,,,,15000.0,27/11/2020,INDEFINIDO,LUZ MARY YAPU QUISPE ,0,-15.5066438,-70.1169401
467,202200141443,149229,149229-050-230822,20608843656,SERVICENTRO PACSI SOCIEDAD ANONIMA CERRADA,PREDIO RUSTICO ACCO COLLAPATA KM. 10 CARRETERA JULIACA-HUANCANE (COMUNIDAD COJELA),PUNO,HUANCANE,PUSI,PUESTO DE VENTA DE COMBUSTIBLE - GRIFOS,C1:10500:Diesel B5 S-50 ,C1:5200:GASOHOL 84 PLUS ,C1:5200:GASOHOL 90 PLUS ,C1:5200:GASOHOL 95 PLUS ,C1:5200:GASOHOL 98 PLUS ,,,,,,31300.0,23/08/2022,INDEFINIDO,GISELA DEL CARMEN HERMOSA MENDOZA,0,-15.2022882,-69.7708133
468,202000056485,111438,111438-050-150520,20602302955,INVERSIONES Y SERVICIOS DON ANTONIO E.I.R.L.,JR. CUZCO N° 984,PIURA,MORROPON,CHULUCANAS,ESTACIONES DE SERVICIOS,C1:5000:Diesel B5 S-50 ,C1:5000:GASOHOL 84 PLUS ,C1:5000:GASOHOL 90 PLUS ,,,,,,,,15000.0,15/05/2020,INDEFINIDO,LAZARO MARTINEZ HUMBERTO MANUEL FERNANDO,0,-5.1991117,-80.6289179
469,202200005277,149774,149774-050-070422,20393170361,EE.SS. GASOCENTRO UCAYALI EMPRESA INDIVIDUAL DE RESPONSABILIDAD LIMITADA,JR. JUNIN MZ. 80 LT. 03 C.P OVENTENI ,UCAYALI,ATALAYA,RAYMONDI,PUESTO DE VENTA DE COMBUSTIBLE - GRIFOS,C1:6200:GASOLINA 90 ,C1:3800:DIESEL B5 ,C1:2200:DIESEL B5 ,,,,,,,,12200.0,7/04/2022,INDEFINIDO,ADALUZ ELIZABETH ALANYA ARIAS,0,-10.7601263,-74.219326
470,201900108891,144924,144924-050-100719,20604012148,SERVICIOS LOGISTICOS SANTANA S.R.L.,CARRETERA DE BAGUA A SARAMIRIZA KM 268 + 520 C.P. FELIX FLORES,LORETO,DATEM DEL MARAÑON,MANSERICHE,PUESTO DE VENTA DE COMBUSTIBLE - GRIFOS,C1:10584:DIESEL B5 ,C1:11504:GASOLINA 84 ,C1:11407:GASOLINA 90 ,,,,,,,,33495.0,10/07/2019,INDEFINIDO,JOSE SANTIAGO DIAZ TARRILLO,0,-4.565471899999999,-77.41712369999999
471,202000022841,139303,139303-050-090220,20605626123,GRIFO PANASUR E.I.R.L.,CALLE CARLOS PORTOCARRERO DONGO MZ. Q LOTE 3,AREQUIPA,CAMANA,MARIANO NICOLAS VALCARCEL,ESTACIONES DE SERVICIOS,C1:2600:Diesel B5 S-50 ,C1:1600:GASOHOL 90 PLUS ,C1:2600:Diesel B5 S-50 ,C1:1600:Diesel B5 S-50 ,,,,,,,8400.0,9/02/2020,INDEFINIDO,MARCO ANTONIO QUISPE HUACASI,480,-16.087437,-73.13496049999999
472,1240634,16751,1240634,20100128218,PETROLEOS DEL PERU - PETROPERU S.A.,ESQUINA LORETO Y FIZTCARRALD,LORETO,MAYNAS,IQUITOS,ESTACIONES DE SERVICIOS,C1:6400:DIESEL 2 ,C1:6400:GASOLINA 84 ,C1:6400:GASOLINA 90 ,,,,,,,,19200.0,8/09/1999,INDEFINIDO,"SILVA BARRIO MENDOZA, MARCO",0,-3.7464166,-73.2426918
473,202100214709,121358,121358-050-100122,20477909133,SUSOLI S.R.L.,"AV. CHOSICA-CARRETERA CAJAMARQUILLA, PARCELA 89, LOTE 89-B, URB. CAJAMARQUILLA, SEGUNDA ETAPA, ESQUINA CALLE 03.",LIMA,LIMA,LURIGANCHO,ESTACIONES DE SERVICIOS,C1:8000:Diesel B5 S-50 ,C1:4000:GASOHOL 90 PLUS C2:2500:GASOHOL 95 PLUS C3:1500:GASOHOL 95 PLUS ,,,,,,,,,16000.0,10/01/2022,INDEFINIDO,JHONNY ROJAS GONZALO,0,-11.9937119,-76.9360713
474,201900151200,7437,7437-050-190919,20571544386,CORPORATION TOCJUN S.A.C.,FRANCISCO VIDAL NRO. 1022,LIMA,BARRANCA,PARAMONGA,ESTACIONES DE SERVICIOS,C1:3000:GASOHOL 95 PLUS ,C1:3000:GASOHOL 90 PLUS ,C1:3000:SIN PRODUCTO ,C1:3000:Diesel B5 S-50 ,C1:6000:Diesel B5 S-50 ,,,,,,18000.0,19/09/2019,INDEFINIDO,CATHERINE TOCTO JUNCO,0,-10.6773115,-77.8183355
475,201900096121,141621,141621-050-270619,10411619414,MARDIANI E..I.R.L.,CARRETERA MARGINAL KM. 36 VILLA RICA PUERTO BERMUDEZ-SECTOR SAN JUAN DE CACAZU,PASCO,OXAPAMPA,VILLA RICA,ESTACIONES DE SERVICIOS,C1:1000:GASOHOL 90 PLUS C2:2000:Diesel B5 S-50 ,,,,,,,,,,3000.0,26/06/2019,INDEFINIDO,LUZ BERTHA BERNUY ROJAS,0,-10.6585122,-75.11732130000001
476,202200185182,107271,107271-050-031022,20608255614,GRUPO INVERSIONES ANDIA EMPRESA INDIVIDUAL DE RESPONSABILIDAD LIMITADA,CARRETERA PANAMERICANA CUSCO - ABANCAY KM 128 SECTOR ROSASPAMPA COMUNIDAD PISONAYPATA,APURIMAC,ABANCAY,CURAHUASI,ESTACIONES DE SERVICIOS,C1:1690:Diesel B5 S-50 C2:1690:Diesel B5 S-50 ,C1:1000:GASOHOL 90 PLUS ,,,,,,,,,4380.0,3/10/2022,INDEFINIDO,HUGAS ANDIA PECEROS,0,-13.6391954,-72.8929
477,202300041788,83898,83898-050-270223,20452790069,EMPRESA SERVICIO CONTINENTAL E.I.R.L.,AV. MOZOBAMBA BAJA S/N (CARRETERA SANTA ROSA - PALMAPAMPA),AYACUCHO,LA MAR,SANTA ROSA,ESTACIONES DE SERVICIOS,C1:2016:Diesel B5 S-50 ,C1:1230:GASOHOL 90 PLUS ,C1:1230:GASOHOL 90 PLUS ,C1:3071:Diesel B5 S-50 ,,,,,,,7547.0,27/02/2023,14/09/2023,MAXIMILIANA HERRERAS CONDEMAITA,720,-12.7192703,-73.6942857
478,202200172072,43215,43215-050-100922,20556119636,XACT PERU S.A.C.,SECTOR PARACCAY PATA (DESVIO CARRETERA CAYLLOMA - SANTO TOMAS),CUSCO,ESPINAR,ESPINAR,PUESTO DE VENTA DE COMBUSTIBLE - GRIFOS,C1:2000:GASOHOL 90 PLUS ,C1:3770:Diesel B5 S-50 ,C1:8000:Diesel B5 S-50 ,C1:4000:Diesel B5 S-50 ,,,,,,,17770.0,10/09/2022,INDEFINIDO,JOSE JENNER BAZAN RODRIGUEZ ,0,-14.8002812,-71.4166268
479,202200185180,37981,37981-050-191022,10282614699,ANGEL QUISPE GUERRA,AV. HUANTA S/N SECTOR AURORA - SAN FRANCISCO,AYACUCHO,LA MAR,AYNA,PUESTO DE VENTA DE COMBUSTIBLE - GRIFOS,C1:4000:SIN PRODUCTO ,C1:4000:GASOHOL 84 PLUS ,C1:4000:GASOHOL 90 PLUS ,C1:4000:Diesel B5 S-50 ,,,,,,,16000.0,19/10/2022,19/10/2023,ANGEL QUISPE GUERRA,0,-12.6235962,-73.791055
480,202100261486,159878,159878-050-171022,10158601325,MARIANO DUEÑAS WILSON ELICEO,SECTOR PAYCUAN EPS NUEVA ESPERANZA NUMERO DE PARCELA 59 CODIGO CATASTRAL 8 1958810 03536,LIMA,BARRANCA,BARRANCA,ESTACIONES DE SERVICIOS,C1:6000:Diesel B5 S-50 ,C1:6000:GASOHOL 90 PLUS ,C1:6000:GASOHOL 95 PLUS ,,,,,,,,18000.0,17/10/2022,INDEFINIDO,MARIANO DUEÑAS WILSON ELICEO,0,-10.7230259,-77.6879696
481,201700084224,96778,96778-050-300517,20502445805,WARI SERVICE S.A.C. ,"CARRETERA PANAMERICANA SUR KM 447, SECTOR CURVE, PARCELA 23",ICA,NAZCA,NAZCA,ESTACIONES DE SERVICIOS,C1:10000:Diesel B5 S-50 ,C1:10000:Diesel B5 S-50 ,C1:5000:GASOHOL 90 PLUS ,C1:3000:GASOHOL 90 PLUS C2:3000:GASOHOL 95 PLUS C3:3000:GASOHOL 97 PLUS ,,,,,,,34000.0,30/05/2017,INDEFINIDO,RICHARD ARMANDO PALOMINO ORTIZ,0,-14.8262688,-74.9526155
482,202300014165,7338,7338-050-200123,20608385551,OLEUM R & A S.A.C.,AV. QUIÑONES MZ A LOTE 08 ZONA A,AREQUIPA,AREQUIPA,LA JOYA,ESTACIONES DE SERVICIOS,C1:5000:GASOHOL 95 PLUS ,C1:5000:Diesel B5 S-50 ,C1:5000:GASOHOL 90 PLUS ,,,,,,,,15000.0,20/01/2023,INDEFINIDO,MARIA ALEJANDRA ESPINOZA RODRIGUEZ,0,-16.4243944,-71.8203229
483,202100030165,133098,133098-050-280221,20503840121,REPSOL COMERCIAL SAC,CARRETERA CUSCO-URUBAMBA KM. 12.50 ,CUSCO,ANTA,CACHIMAYO,ESTACIONES DE SERVICIOS,C1:8000:Diesel B5 S-50 ,C1:4000:SIN PRODUCTO C2:4000:GASOHOL 98 PLUS ,C1:4000:GASOHOL 90 PLUS C2:4000:GASOHOL 95 PLUS ,,,,,,,,24000.0,28/02/2021,INDEFINIDO,VICTOR GONZALO CASTILLO OVIEDO ,0,-13.3057641,-72.1156281
484,201500075674,95155,95155-050-030715,20600150562,COMERCIO Y MULTISERVICIOS TAYJAR E.I.R.L.,CARRETERA SARAMIRIZA -BAGUA KM. 2.0 - LOCALIDAD DE SARAMIRIZA,LORETO,DATEM DEL MARAÑON,MANSERICHE,PUESTO DE VENTA DE COMBUSTIBLE - GRIFOS,C1:2000:DIESEL B5 ,C1:2000:GASOLINA 84 ,C1:2000:GASOLINA 84 ,C1:2000:GASOLINA 84 ,,,,,,,8000.0,3/07/2015,INDEFINIDO,ENRIQUE RIVERA PEREZ,0,-4.565471899999999,-77.41712369999999
485,202100031616,140334,140334-050-200421,20602224181,CAIDIESEL S & R S.A.C.,CARRETERA BAMBAMARCA – CHOTA KM 1.85 PREDIO EL MERME U.C. 96057 SECTOR MAYGASBAMBA (REF. PE 3N KM 1382),CAJAMARCA,HUALGAYOC,BAMBAMARCA,PUESTO DE VENTA DE COMBUSTIBLE - GRIFOS,C1:1000:GASOHOL 95 PLUS C2:1000:GASOHOL 90 PLUS ,C1:6000:Diesel B5 S-50 ,,,,,,,,,8000.0,20/04/2021,INDEFINIDO,ELI CARUAJULCA IDROGO ,0,-6.6532738,-78.5502674
486,202200160403,8836,8836-050-051022,10018558616,ALICIA MAMANI MAMANI,AVENIDA ENRIQUE GALLEGOS N° 1266 ,PUNO,EL COLLAO,ILAVE,PUESTO DE VENTA DE COMBUSTIBLE - GRIFOS,C1:1500:GASOHOL 84 PLUS ,C1:1500:Diesel B5 S-50 ,C1:2500:GASOHOL 90 PLUS ,C1:2500:GASOHOL 95 PLUS ,C1:4500:Diesel B5 S-50 ,C1:4500:Diesel B5 S-50 ,,,,,17000.0,5/10/2022,INDEFINIDO,ALICIA MAMANI MAMANI,0,-16.0704224,-69.63075239999999
487,201700129552,130800,130800-050-210817,20602283748,SERVICENTRO PIMEX S.A.C,CARRETERA JULIACA - HUANCANE KM 8.0+140,PUNO,SAN ROMAN,JULIACA,PUESTO DE VENTA DE COMBUSTIBLE - GRIFOS,C1:6586:Diesel B5 S-50 ,C1:6586:Diesel B5 S-50 ,C1:3951:GASOHOL 84 PLUS ,C1:3951:GASOHOL 90 PLUS ,,,,,,,21074.0,21/08/2017,INDEFINIDO,JANETT YANINA QUEA CCAMA,0,-15.5066438,-70.1169401
488,202000056473,21017,21017-050-150520,20530329071,GRIFO PROGRESO-CATACAOS E.I.R.L.,AV. CAYETANO HEREDIA N° 1102,PIURA,PIURA,CATACAOS,PUESTO DE VENTA DE COMBUSTIBLE - GRIFOS,C1:3600:SIN PRODUCTO ,C1:1400:GASOHOL 90 PLUS ,C1:1400:GASOHOL 90 PLUS ,C1:1400:Diesel B5 S-50 ,,,,,,,7800.0,15/05/2020,INDEFINIDO,PUPPI UGAZ DE EYZAGUIRRE ISABEL DENISSE,0,-5.265655000000001,-80.6728377
489,202000101903,44433,44433-050-140920,20510414455,INVERSIONES ESPINOZA Y ASOCIADOS S.A.C.,"AV. CUSCO ESQUINA CON JR. SAN MARTÍN Y AV. CAJAMARCA, MZ H-11 LOTES 40, 41 Y 42 – SEGUNDA ETAPA",PROV. CONST. DEL CALLAO,PROV. CONST. DEL CALLAO,MI PERU,ESTACIONES DE SERVICIOS,C1:3000:Diesel B5 S-50 C2:1317:GASOHOL 90 PLUS C3:1317:GASOHOL 95 PLUS ,,,,,,,,,,5634.0,14/09/2020,INDEFINIDO,FELIPE TEODORO ESPINOZA CARHUALLANQUI,0,-11.8537352,-77.1250998
490,201400036628,16794,16794-050-090414,20448852807,ESTACIÓN DE SERVICIOS NEVADOS DEL ANDE S.R.L.,"AV. TAMBOPATA S/N, SALIDA CARRETERA COJATA",PUNO,HUANCANE,COJATA,PUESTO DE VENTA DE COMBUSTIBLE - GRIFOS,C1:1500:GASOHOL 84 PLUS ,C1:1500:Diesel B5 S-50 ,,,,,,,,,3000.0,9/04/2014,INDEFINIDO,JAIME PERALTA MAMANI,0,-15.0139992,-69.3667194
491,202200172069,164617,164617-050-070922,20609576261,GRIFO LA PATRONA E.I.R.L.,CARRETERA CHICLAYO POMALCA CAMPO PEREDO JUNTO AL C.P. EL LINO MZ F LOTE 11 SECTOR 21,LAMBAYEQUE,CHICLAYO,POMALCA,PUESTO DE VENTA DE COMBUSTIBLE - GRIFOS,C1:6000:Diesel B5 S-50 ,C1:2500:GASOHOL 90 PLUS ,C1:2000:GASOHOL 84 PLUS ,,,,,,,,10500.0,7/09/2022,INDEFINIDO,ANDER VASQUEZ ROJAS,0,-6.7670179,-79.7887834
492,202300066875,112809,112809-050-250323,20602038638,RED DE PETROLEOS L Y L S.A.C.,FRACCION DE LA PARCELA N° 05 DEL PROYECTO DE ADJUDICACION DENOMINADO SARAYACU-CENTRO POBLADO SARAYACU,MADRE DE DIOS,TAMBOPATA,INAMBARI,PUESTO DE VENTA DE COMBUSTIBLE - GRIFOS,C1:5175:GASOLINA 84 ,C1:10350:Diesel B5 S-50 ,C1:10350:Diesel B5 S-50 ,,,,,,,,25875.0,25/03/2023,INDEFINIDO,PUMA CARDENAS RUTH GUADA,0,-12.7983057,-70.0390293
493,202100172270,157857,157857-050-010921,10417189802,HUANACUNI NINA JESUS,AV. FLORAL N° 1195-1197 ESQUINA CON LA AV. RAMÓN CASTILLA N° 694-696,PUNO,EL COLLAO,ILAVE,PUESTO DE VENTA DE COMBUSTIBLE - GRIFOS,C1:5000:Diesel B5 S-50 ,C1:5000:Diesel B5 S-50 ,C1:3000:GASOHOL 84 PLUS ,C1:3000:GASOHOL 90 PLUS ,,,,,,,16000.0,1/09/2021,INDEFINIDO,HUANACUNI NINA JESUS,0,-16.0825395,-69.6384724
494,202200238526,8936,8936-050-110123,20606658274,CLYMA FUEL S.A.C.,AV. AMERICA SUR N° 1411,LA LIBERTAD,TRUJILLO,TRUJILLO,ESTACIONES DE SERVICIOS,C1:4280:Diesel B5 S-50 ,C1:5760:Diesel B5 S-50 ,C1:10000:Diesel B5 S-50 ,C1:10050:Diesel B5 S-50 ,C1:5710:GASOHOL 90 PLUS ,C1:4300:GASOHOL 95 PLUS ,C1:5730:GASOHOL 97 PLUS ,C1:4270:Diesel B5 S-50 ,,,50100.0,11/01/2023,INDEFINIDO,YELLMY MILAGROS LUNA BARRIOS DE ULLOA,240,-8.114491899999999,-79.0147581
495,201900034918,90442,90442-050-070319,20490062689,SERVICENTRO MARCO AURELIO EIRL,LOTE 4 MANZANA D PUERTO PASTORA,MADRE DE DIOS,TAMBOPATA,TAMBOPATA,PUESTO DE VENTA DE COMBUSTIBLE - GRIFOS,C1:7000:Diesel B5 S-50 ,C1:7000:Diesel B5 S-50 ,C1:7000:GASOLINA 84 ,,,,,,,,21000.0,7/03/2019,INDEFINIDO,MELLY NELLY ALVAREZ FERNANDEZ DE DONAIRES ,400,-12.8563839,-69.097023
496,202200094682,163019,163019-050-091122,20607331759,INVERSIONES Y COMBUSTIBLES KML E.I.R.L.,JR. EL ENCANTO N° 590 ANEXO RETAMAS,LA LIBERTAD,PATAZ,PARCOY,PUESTO DE VENTA DE COMBUSTIBLE - GRIFOS,C1:9200:Diesel B5 S-50 ,C1:3500:GASOHOL 90 PLUS ,C1:2000:GASOHOL 95 PLUS ,,,,,,,,14700.0,9/11/2022,INDEFINIDO,LUZMILA RODRIGUEZ JURADO,0,-8.0189468,-77.47736739999999
497,201800023797,8548,8548-050-160218,20454446195,JAMSI S.A.C.,ESQUINA AV. AREQUIPA Y CALLE TACNA,AREQUIPA,AREQUIPA,ALTO SELVA ALEGRE,PUESTO DE VENTA DE COMBUSTIBLE - GRIFOS,C1:2500:GASOHOL 90 PLUS ,C1:4500:DIESEL B5 ,C1:2000:GASOHOL 95 PLUS ,,,,,,,,9000.0,16/02/2018,INDEFINIDO,MARCO ANTONIO CORNEJO SANCHEZ,0,-16.3708643,-71.5094313
498,201900042774,16724,16724-050-180319,20602277381,ADRIATICO E.I.R.L.,"ASOCIACION PRO VIVIENDA JULIO C. TELLO CALLE 2 Y 6, MZ. B, LOTES 9 Y 10",ICA,PISCO,PARACAS,ESTACIONES DE SERVICIOS,C1:4000:Diesel B5 S-50 ,C1:1500:GASOHOL 95 PLUS ,C1:1500:GASOHOL 90 PLUS ,C1:3000:GASOHOL 90 PLUS ,,,,,,,10000.0,18/03/2019,INDEFINIDO,SERGIO RAUL GARCIA CARRASCO,0,-16.4054095,-71.5180294
499,201900059386,44604,44604-050-190419,20127765279,COESTI S.A.,INTERSECCION VIA DE EVITAMIENTO Y PROLONGACION AV. BOLOGNESI,LAMBAYEQUE,CHICLAYO,CHICLAYO,ESTACIONES DE SERVICIOS,C1:5000:Diesel B5 S-50 ,C1:3000:GASOHOL 95 PLUS C2:2000:GASOHOL 90 PLUS ,,,,,,,,,10000.0,19/04/2019,INDEFINIDO,ABRAHAM HUGO CALDERON MAVILA,480,-6.7870203,-79.868201
500,201900061183,18377,18377-050-230419,20600033671,FAMHORA SERVICIOS GENERALES S.A.C.,JR. CAHUIDE S/N. CARRETERA MARGINAL KM. 102,AMAZONAS,BONGARA,JAZAN,PUESTO DE VENTA DE COMBUSTIBLE - GRIFOS,C1:2500:GASOLINA 95 ,C1:2500:GASOLINA 90 ,C1:5000:Diesel B5 S-50 ,,,,,,,,10000.0,23/04/2019,INDEFINIDO,MARIO MIGUEL HORNA RAMIREZ,0,-5.9417512,-77.9737766
501,201700167081,116829,116829-050-161017,20550711011,SERVICIOS MULTIPLES Y TRANSPORTES W.W.C. S.R.L. ,CARRETERA CENTRAL KM 14.800 ESQUINA CON AV. GLORIA - GLORIA ALTA,LIMA,LIMA,ATE,ESTACIONES DE SERVICIOS,C1:10000:Diesel B5 S-50 ,C1:1200:GASOHOL 90 PLUS C2:1200:GASOHOL 95 PLUS ,,,,,,,,,12400.0,16/10/2017,INDEFINIDO,WALTER TEODORO SALVADOR PALACIOS,240,-12.0116942,-76.879933
502,202200084495,19933,19933-050-190522,20525166415,MULTISERVICIOS ECOGAS S.A.C.,ESQ. AV. ARGENTINA CON JIRON VENEZUELA,PROV. CONST. DEL CALLAO,PROV. CONST. DEL CALLAO,CALLAO,ESTACIONES DE SERVICIOS,C1:6000:Diesel B5 S-50 ,C1:6000:GASOHOL 90 PLUS ,C1:5000:SIN PRODUCTO ,C1:3000:GASOHOL 95 PLUS C2:2000:GASOHOL 97 PLUS ,,,,,,,22000.0,19/05/2022,INDEFINIDO,SAMM MAURICIO AROM MATOS SIFUENTES,240,-12.0560308,-77.1408193
503,201900160178,9348,9348-050-011019,20406359809,GRIFO VIRGEN DE ALTA GRACIA E.I.R.LTDA.,AV. MANCO CAPAC S/N BARRIO MANCO CAPAC,PUNO,MELGAR,AYAVIRI,PUESTO DE VENTA DE COMBUSTIBLE - GRIFOS,C1:3600:Diesel B5 S-50 ,C1:2400:GASOHOL 84 PLUS ,C1:3595:GASOHOL 90 PLUS ,C1:3595:GASOHOL 95 PLUS ,,,,,,,13190.0,1/10/2019,INDEFINIDO,MAMANI CHINO SATURNINA,720,-14.878736,-70.59990789999999
504,201900152790,119850,119850-050-200919,10455821059,SAMUEL JAHER ARCE GUTIERREZ,AV. CONFRATERNIDAD N° 180,APURIMAC,ANDAHUAYLAS,ANDAHUAYLAS,ESTACIONES DE SERVICIOS,C1:8670:Diesel B5 S-50 ,C1:4280:GASOHOL 90 PLUS C2:2195:GASOHOL 90 PLUS C3:1425:GASOHOL 95 PLUS ,,,,,,,,,16570.0,20/09/2019,INDEFINIDO,SAMUEL JAHER ARCE GUTIERREZ,0,-13.6586645,-73.4135979
505,202000121517,151164,151164-050-170920,10040498651,BAZAN CARHUARICRA YOLANDA MARINA,AV MARISCAL CASTILLA LT 12 MZ X COMUNIDAD CAMPESINA VILLA DE PASCO,PASCO,PASCO,TINYAHUARCO,PUESTO DE VENTA DE COMBUSTIBLE - GRIFOS,C1:2000:GASOHOL 95 PLUS C2:3500:GASOHOL 90 PLUS ,C1:6500:Diesel B5 S-50 ,,,,,,,,,12000.0,17/09/2020,INDEFINIDO,BAZAN CARHUARICRA YOLANDA MARINA,0,-10.7859725,-76.24501529999999
506,202200180724,19977,19977-050-051022,20224279893,AERO SERVICIOS S.A.C.,AV. JUAN PABLO II N° 1294-1298,LIMA,LIMA,SANTIAGO DE SURCO,ESTACIONES DE SERVICIOS,C1:8000:SIN PRODUCTO ,C1:8000:GASOHOL 98 PLUS ,C1:8000:GASOHOL 90 PLUS ,C1:8000:GASOHOL 95 PLUS ,C1:8000:Diesel B5 S-50 ,,,,,,40000.0,5/10/2022,INDEFINIDO,JHON WILVALDO CIERTO GUERRERO,240,-12.122978,-76.9856739
507,202300090038,7575,7575-050-200523,20448383386,GRIFO DUJI E.I.R.L.,AV. PANAMERICANA KM.5,PUNO,PUNO,PUNO,PUESTO DE VENTA DE COMBUSTIBLE - GRIFOS,C1:3000:GASOHOL 84 PLUS ,C1:3000:Diesel B5 S-50 ,C1:6385:Diesel B5 S-50 ,C1:3072:GASOHOL 84 PLUS ,C1:3018:GASOHOL REGULAR ,C1:3018:GASOHOL PREMIUM ,C1:3024:GASOHOL PREMIUM ,,,,24517.0,20/05/2023,INDEFINIDO,REYNA PEREYRA ISCARRA,720,-15.823947,-70.030801
508,202100287471,152066,152066-050-110322,20608665154,GRIFOS MALI S.A.C.,"LOTE 10 Y 11 DE MZA M-1, ESQUINA DE LA AV. PRINCIPAL CON CALLE SIN NOMBRE BARRIO VILLA UNIÓN DEL CENTRO POBLADO DE ORIENTAL",PUNO,SANDIA,CUYOCUYO,PUESTO DE VENTA DE COMBUSTIBLE - GRIFOS,C1:9220:Diesel B5 S-50 ,C1:2247:GASOHOL 84 PLUS ,C1:2247:GASOHOL 90 PLUS ,,,,,,,,13714.0,11/03/2022,INDEFINIDO,ANI ISABEL LIHUISE RAMOS ,0,-14.4685517,-69.53668019999999
509,202200160427,21690,21690-050-090922,10401429412,HENRY BENJAMIN ROSALES MENDEZ ,JR. LOS PROCERES N° 922 ,SAN MARTIN,SAN MARTIN,JUAN GUERRA,PUESTO DE VENTA DE COMBUSTIBLE - GRIFOS,C1:2750:GASOLINA 90 ,C1:2750:Diesel B5 S-50 ,C1:1350:GASOLINA 84 ,,,,,,,,6850.0,9/09/2022,INDEFINIDO,HENRY BENJAMIN ROSALES MENDEZ ,0,-6.584161,-76.3239783
510,201800115767,92125,92125-050-180718,20393606755,INVERSIONES LUIS DAVID E.I.R.L.,"MZ. C, LOTES 1, 19 Y 20 - AA. HH. SOL NACIENTE",UCAYALI,CORONEL PORTILLO,MANANTAY,PUESTO DE VENTA DE COMBUSTIBLE - GRIFOS,C1:1513:GASOLINA 90 C2:1513:GASOLINA 90 ,C1:3027:DIESEL B5 C2:2021:DIESEL B5 ,,,,,,,,,8074.0,18/07/2018,INDEFINIDO,JESLINDA LIZ HUAMAN ROMERO,0,-8.423809799999999,-74.5562482
511,201900059395,18405,18405-050-150419,20127765279,COESTI S.A.,INTERSECCIÓN PANAMERICANA NORTE Y CARRETERA MONSEFU,LAMBAYEQUE,CHICLAYO,MONSEFU,ESTACIONES DE SERVICIOS,C1:5000:Diesel B5 S-50 ,C1:5000:GASOHOL 90 PLUS ,C1:2500:GASOHOL 95 PLUS ,,,,,,,,12500.0,24/04/2019,INDEFINIDO,ABRAHAM HUGO CALDERON MAVILA,480,-6.8701396,-79.8667533
512,201500018340,107999,107999-050-170215,20568890605,ESTACIÓN DE SERVICIOS MULTIPLES QUISPE E.I.R.L. ,AV. BUENAVENTURA N° 102,HUANCAVELICA,ANGARAES,CCOCHACCASA,ESTACIONES DE SERVICIOS,C1:4000:DIESEL B5 ,C1:4000:DIESEL B5 ,C1:2000:GASOHOL 90 PLUS C2:2000:GASOHOL 90 PLUS ,,,,,,,,12000.0,17/02/2015,INDEFINIDO,IGNACIO QUISPE QUICHCA,0,-12.9269849,-74.7705544
513,202200238558,37463,37463-050-121222,20100075858,GRIFO SAN IGNACIO S.A.C.,CARRETERA PANAMERICANA SUR KM. 416.3 PARCELA 27 - FUNDO SAN JOSE,ICA,NAZCA,EL INGENIO,ESTACIONES DE SERVICIOS,C1:5361:Diesel B5 S-50 ,C1:2703:GASOHOL 90 PLUS ,C1:2000:GASOHOL 95 PLUS ,C1:6028:Diesel B5 S-50 ,,,,,,,16092.0,12/12/2022,INDEFINIDO,CESAR AUGUSTO VALDIVIA OCAMPO,0,-14.739059,-75.0683781
514,202200124144,163605,163605-050-250722,10425599483,SUNI CHALLCO RICHAR,CARRETERA AYAVIRI - LLALLI KM. 31+115 SECTOR MACHACMARCA,PUNO,MELGAR,CUPI,PUESTO DE VENTA DE COMBUSTIBLE - GRIFOS,C1:2696:Diesel B5 S-50 ,C1:1798:GASOHOL 90 PLUS ,C1:1798:GASOHOL 84 PLUS ,,,,,,,,6292.0,25/07/2022,INDEFINIDO,SUNI CHALLCO RICHAR,0,-14.8842942,-70.5889612
515,202300022032,14391,14391-050-060323,20127765279,COESTI S.A.,AV. PARRA 222-A,AREQUIPA,AREQUIPA,AREQUIPA,ESTACIONES DE SERVICIOS,C1:6000:GASOHOL REGULAR ,C1:6000:GASOHOL REGULAR ,C1:4000:GASOHOL PREMIUM ,C1:4000:GASOHOL PREMIUM ,C1:5100:Diesel B5 S-50 ,C1:3500:SIN PRODUCTO ,,,,,28600.0,6/03/2023,INDEFINIDO,ABRAHAM HUGO CALDERON MAVILA,480,-16.408721,-71.54252509999999
516,201700106519,95768,95768-050-070717,20273355279,GRIFO ATICO S.R.L.,"ASENTAMIENTO HUMANO IMPERIAL AGUADITA, MZ. 38, LOTES Nº 01 Y Nº 02",AREQUIPA,CARAVELI,CHALA,PUESTO DE VENTA DE COMBUSTIBLE - GRIFOS,C1:2578:GASOHOL 90 PLUS ,C1:2578:GASOHOL 97 PLUS ,C1:2000:GASOHOL 95 PLUS ,C1:6986:Diesel B5 S-50 ,C1:6986:Diesel B5 S-50 ,,,,,,21128.0,7/07/2017,INDEFINIDO,CESAR ABDON RAMIREZ DE LA TORRE,480,-15.8468141,-74.25608059999999
517,202300022033,9212,9212-050-080223,20127765279,COESTI S.A,ALAMEDA PACHACUTEQ D-6,CUSCO,CUSCO,SANTIAGO,ESTACIONES DE SERVICIOS,C1:4000:GASOHOL 90 PLUS ,C1:3500:GASOHOL 90 PLUS ,C1:4000:Diesel B5 S-50 ,C1:2000:GASOHOL 95 PLUS ,,,,,,,13500.0,8/02/2023,INDEFINIDO,ABRAHAM HUGO CALDERON MAVILA ,0,-13.5293963,-71.9700305
518,202000129926,16695,16695-050-270920,20602738036,INVERSIONES DTP E.I.R.L.,JR. VICTORIA VASQUEZ N° 101 (ESQUINA AV. SALAVERRY N° 300),SAN MARTIN,SAN MARTIN,MORALES,ESTACIONES DE SERVICIOS,C1:2500:GASOLINA 84 ,C1:2500:GASOLINA 90 ,C1:2500:Diesel B5 S-50 ,C1:2500:SIN PRODUCTO ,,,,,,,10000.0,27/09/2020,INDEFINIDO,IRMA PANDURO TORRES,0,-6.480037599999999,-76.38232359999999
519,201700107645,130436,130436-050-240717,10250721647,ARTURO DEL CARPIO DELGADO,CALLE NUEVA MZA. U LOTE 01-A CENTRO POBLADO DE CAYCHIHUE ALTA Y QUEBRADA NUEVA,MADRE DE DIOS,MANU,HUEPETUHE,PUESTO DE VENTA DE COMBUSTIBLE - GRIFOS,C1:5300:GASOLINA 84 ,C1:4600:Diesel B5 S-50 ,C1:9200:Diesel B5 S-50 ,C1:9200:Diesel B5 S-50 ,,,,,,,28300.0,24/07/2017,INDEFINIDO,ARTURO DEL CARPIO DELGADO,0,-13.0358178,-70.42813
520,202200114551,134633,134633-050-210822,20602165567,ESTACION DE SERVICIOS ARQUINIGO S.A.C.,"AV. PRIMAVERA S/N CARRETERA POMACHACA-MASIN S/N UNIDAD CATASTRAL 8-2658960-51967, VALLE PUCHKA",ANCASH,HUARI,MASIN,ESTACIONES DE SERVICIOS,C1:6250:Diesel B5 S-50 ,C1:1085:GASOHOL 95 PLUS C2:1085:GASOHOL 90 PLUS ,,,,,,,,,8420.0,21/08/2022,INDEFINIDO,FELIX ANSELMO ARQUINIGO MORALES,0,-9.3939542,-77.142431
521,202200122011,18875,18875-050-240922,20608276859,POWER PETROLEUM COMPANY S.A.C.,"AV. NESTOR GAMBETTA S/N LOTIZACION LEONCIO PRADO, MZ. F, LOTE 83",LIMA,LIMA,PUENTE PIEDRA,ESTACIONES DE SERVICIOS,C1:3000:SIN PRODUCTO C2:3000:GASOHOL 98 PLUS ,C1:3000:GASOHOL 95 PLUS C2:3000:GASOHOL 90 PLUS ,C1:6000:Diesel B5 S-50 ,,,,,,,,18000.0,24/09/2022,INDEFINIDO,MIGUEL VEGA GAT MAILY,0,-11.8386015,-77.1119881
522,201900079886,14622,14622-050-210519,20503840121,REPSOL COMERCIAL S.A.C.,"AV. EVITAMIENTO N° 1904 MZ. B LOTES 1-6, URB. LOS PARQUES DE MONTERRICO",LIMA,LIMA,ATE,ESTACIONES DE SERVICIOS,C1:6000:Diesel B5 S-50 ,C1:6000:GASOHOL 90 PLUS ,C1:6000:GASOHOL 95 PLUS ,C1:6000:GASOHOL 98 PLUS ,C1:6000:GASOHOL 95 PLUS ,,,,,,30000.0,21/05/2019,INDEFINIDO,ALBERTO ELIAS MUNARES TAPIA,0,-12.077125,-76.97608
523,202100225282,8661,8661-050-301121,20608459007,GRIFO AJP JULIACA S.A.C,AV. HEROES DEL PACIFICO Nº 896 - URB. LOS CHOFERES,PUNO,SAN ROMAN,JULIACA,PUESTO DE VENTA DE COMBUSTIBLE - GRIFOS,C1:3000:GASOHOL 90 PLUS ,C1:4000:Diesel B5 S-50 ,,,,,,,,,7000.0,27/10/2021,INDEFINIDO,QUISPE BENIQUE PILAR DIONISIA,0,-15.498136,-70.1418594
524,201800080464,134311,134311-050-170518,20602992986,CORPORACION FABY S.A.C,AA.HH JOSE CARLOS MARIATEGUI SECTOR 03 AV. LOS YAROS LOTES 03 Y 04 MZA. 03 ,PASCO,PASCO,SIMON BOLIVAR,PUESTO DE VENTA DE COMBUSTIBLE - GRIFOS,C1:1000:Diesel B5 S-50 C2:3000:GASOHOL 90 PLUS ,,,,,,,,,,4000.0,17/05/2018,INDEFINIDO,REYEL FELIX ESTRELLA BASILIO,0,-10.7244842,-76.4100267
525,201800043396,135047,135047-050-190318,20602383882,ESTACION DE SERVICIOS DON MARIANITO II S.A.C.,"PREDIO CHURUPUCJIO, SECTOR CHURUPUJIO VALLE HUATANAY",CUSCO,QUISPICANCHI,OROPESA,ESTACIONES DE SERVICIOS,C1:10500:Diesel B5 S-50 ,C1:10500:Diesel B5 S-50 ,C1:5250:GASOHOL 90 PLUS C2:5250:GASOHOL 84 PLUS ,C1:5250:GASOHOL 90 PLUS C2:5250:GASOHOL 95 PLUS ,,,,,,,42000.0,19/03/2018,INDEFINIDO,NATIVIDAD CCASA CCASA ,0,-13.5814058,-71.7106599
526,201900211193,9195,9195-050-241219,20486451191,SERVICENTRO FAVALCA S.R.L.,AV. MANUEL PRADO N° 504 (CARRETERA CENTRAL KM. 228),JUNIN,JUNIN,JUNIN,ESTACIONES DE SERVICIOS,C1:6000:GASOHOL 90 PLUS ,C1:4000:GASOHOL 95 PLUS ,C1:8000:Diesel B5 S-50 ,C1:6000:SIN PRODUCTO ,,,,,,,24000.0,24/12/2019,INDEFINIDO,HINDIRA RUT VALERIO POMACHAGUA,0,-11.5489918,-75.9384882
527,201500077674,104841,104841-050-140715,20600421507,FLOWISEG E.I.R.L.,AV. PANAMERICANA ESQ. JIRÓN LIMA S/N UPV. VILLA COMBUCO,PUNO,HUANCANE,COJATA,PUESTO DE VENTA DE COMBUSTIBLE - GRIFOS,C1:5000:Diesel B5 S-50 ,C1:5000:GASOHOL 84 PLUS ,,,,,,,,,10000.0,14/07/2015,INDEFINIDO,WILLIAM TEISON QUITO FLORES,0,-15.0139992,-69.3667194
528,201700164249,7528,7528-050-091017,20503840121,REPSOL COMERCIAL S.A.C. ,AV. NESTOR GAMBETA N° 1295,PROV. CONST. DEL CALLAO,PROV. CONST. DEL CALLAO,CALLAO,ESTACIONES DE SERVICIOS,C1:8000:GASOHOL 95 PLUS ,C1:8000:Diesel B5 S-50 ,C1:8000:Diesel B5 S-50 ,C1:8000:Diesel B5 S-50 ,C1:8000:GASOHOL 98 PLUS ,C1:8000:GASOHOL 90 PLUS ,,,,,48000.0,9/10/2017,INDEFINIDO,VICTOR GONZALO CASTILLO OVIEDO,0,-12.0348214,-77.12758769999999
529,202300019790,135352,135352-050-030223,20610299661,GRIFO SERVICENTRO KATXIM S.A.C.,CARRETERA CENTRAL S/N,HUANCAVELICA,TAYACAJA,ACOSTAMBO,PUESTO DE VENTA DE COMBUSTIBLE - GRIFOS,C1:5000:Diesel B5 S-50 C2:1500:GASOHOL 90 PLUS C3:1500:GASOHOL 95 PLUS ,,,,,,,,,,8000.0,3/02/2023,INDEFINIDO,AQUINO TORRES KATHERINE MERLY,240,-12.3570714,-75.0625748
530,201800185856,139563,139563-050-081118,20601535204,CORPORACION E INVERSIONES BUENA VISTA S.A.C.,AV. TRUJILLO N° 685 BARRIO SAN REMIGIO,LA LIBERTAD,OTUZCO,OTUZCO,ESTACIONES DE SERVICIOS,C1:4000:Diesel B5 S-50 ,C1:4000:GASOHOL 90 PLUS ,C1:4000:GASOHOL 95 PLUS ,,,,,,,,12000.0,8/11/2018,INDEFINIDO,PAULA YBAÑEZ GERMAN ,0,-7.902484800000001,-78.5671538
531,201800098514,114418,114418-050-160618,20393725843,SERVICENTRO CECILIA E.I.R.L.,AV. AVIACION ESQUINA CON AV. LLOQUE YUPANQUI MZ A LOTE 1 Y 3 AA.HH ENCANTO,UCAYALI,CORONEL PORTILLO,CALLERIA,ESTACIONES DE SERVICIOS,C1:6000:GASOLINA 90 C2:3000:GASOLINA 95 ,C1:5000:DIESEL B5 C2:4000:DIESEL B5 ,,,,,,,,,18000.0,16/06/2018,INDEFINIDO,CECILIA MAYTA ROJAS,0,-8.423809799999999,-74.5562482
532,202000104224,110053,110053-050-130820,20600433939,INVERSIONES JESUS TRIUNFADOR E.I.R.L.,CALLE LOS REYES MZA.B LOTE 1 – CENTRO POBLADO POMACANCHI,CUSCO,ACOMAYO,POMACANCHI,ESTACIONES DE SERVICIOS,C1:4200:Diesel B5 S-50 ,C1:2750:GASOHOL 90 PLUS ,C1:7958:GASOHOL 90 PLUS ,C1:5598:Diesel B5 S-50 C2:2360:GASOHOL 95 PLUS ,,,,,,,22866.0,13/08/2020,INDEFINIDO,PERCY HECTOR COELLO CCOPA,240,-14.0295353,-71.5728589
533,202100292990,21792,21792-050-080222,20501830098,TRANSPORTE CASSA E.I.R.L.,"PROLONG.AV. ESTACION S/N, LT.5, EX HACIENDA JESUS DEL VALLE",LIMA,HUARAL,HUARAL,PUESTO DE VENTA DE COMBUSTIBLE - GRIFOS,C1:2800:GASOHOL 90 PLUS ,C1:900:GASOHOL 95 PLUS C2:1500:SIN PRODUCTO ,C1:3000:Diesel B5 S-50 ,,,,,,,,8200.0,8/02/2022,INDEFINIDO,EDUARDO CASSA ARONACA,0,-11.501969,-77.2064261
534,202100193592,118147,118147-050-180222,20449225172,MONTEALEGRE S.R.L.,"AV. CONFRATERNIDAD INTERNACIONAL OESTE 1741 VILLON BAJO, HUARAZ",ANCASH,HUARAZ,HUARAZ,ESTACIONES DE SERVICIOS,C1:3000:GASOHOL 97 PLUS ,C1:5260:Diesel B5 S-50 ,C1:2930:GASOHOL 90 PLUS ,C1:2630:GASOHOL 95 PLUS ,,,,,,,13820.0,18/02/2022,INDEFINIDO,ROSA MARITZA RAFAEL HUERTA,0,-9.540102899999999,-77.531832
535,202300022037,7401,7401-050-030323,20127765279,COESTI S.A.,CARRETERA A YURA KM. 11 - URB. HEROES DE BREÑA,AREQUIPA,AREQUIPA,CERRO COLORADO,ESTACIONES DE SERVICIOS,C1:5000:Diesel B5 S-50 ,C1:5000:Diesel B5 S-50 ,C1:4000:GASOHOL REGULAR ,,,,,,,,14000.0,3/03/2023,INDEFINIDO,ABRAHAM HUGO CALDERON MAVILA,720,-16.325617,-71.594751
536,202100052639,40155,40155-050-240321,20602544002,COMPAÑIA OPERADORA DE LA SELVA S.A.,AV. ABELARDO QUIÑONES KM. 1.5,LORETO,MAYNAS,SAN JUAN BAUTISTA,ESTACIONES DE SERVICIOS,C1:6000:GASOLINA 90 ,C1:6000:DIESEL B5 ,C1:4000:SIN PRODUCTO ,C1:4000:GASOLINA 84 ,,,,,,,20000.0,24/03/2021,INDEFINIDO,MARLY PATRICIA RENGIFO RIOS,0,-3.7777772,-73.2915552
537,201900213259,87792,87792-050-231219,10416896149,CESAR IBAÑEZ RUIZ,CARRETERA YURIMAGUAS - TARAPOTO KM. 3.7,LORETO,ALTO AMAZONAS,YURIMAGUAS,PUESTO DE VENTA DE COMBUSTIBLE - GRIFOS,C1:3000:GASOLINA 90 ,C1:3000:GASOLINA 84 ,C1:5300:DIESEL B5 ,,,,,,,,11300.0,23/12/2019,INDEFINIDO,CESAR IBAÑEZ RUIZ,0,-5.9025614,-76.1575515
538,202200109758,136476,136476-050-200622,10286939941,EUSEBIO CORAS YAROS ,"ESQUINA AV. RIO MAGDALENA CON AV. LOS COCOS MZ. D-1, LOTES 1,2,3,4 Y 5",AYACUCHO,LA MAR,SAMUGARI,ESTACIONES DE SERVICIOS,C1:4000:Diesel B5 S-50 C2:4000:GASOHOL 90 PLUS ,,,,,,,,,,8000.0,20/06/2022,20/06/2023,EUSEBIO CORAS YAROS,0,-12.7717014,-73.6771662
539,201300017459,8687,8687-050-140113,10018381155,RICARDO GILBERTO BUTRON CALDERON ,AV. PACIFICO 333 ,PUNO,EL COLLAO,ILAVE,PUESTO DE VENTA DE COMBUSTIBLE - GRIFOS,C1:3000:GASOHOL 84 PLUS ,C1:3000:Diesel B5 S-50 ,,,,,,,,,6000.0,14/01/2013,INDEFINIDO,RICARDO GILBERTO BUTRON CALDERON ,0,-16.0938845,-69.6321092
540,202300022054,21665,21665-050-270223,20127765279,COESTI S.A.,ESQ. AV. LA PAZ Y AV. ARMENDARIZ N° 575,LIMA,LIMA,MIRAFLORES,ESTACIONES DE SERVICIOS,C1:4000:Diesel B5 S-50 C2:4000:GASOHOL REGULAR ,C1:8000:GASOHOL PREMIUM ,C1:8000:GASOHOL PREMIUM ,,,,,,,,24000.0,27/02/2023,INDEFINIDO,CESAR DOMINGO CRUCES LIBERT,0,-12.134905,-77.02526209999999
541,202300063318,109175,109175-050-290323,20527015627,SERVICENTRO EL PORVENIR E.I.R.L.,AV. JJ. WIESE MANZANA C LOTE 2-CENTRO POBLADO DE KITENI,CUSCO,LA CONVENCION,ECHARATE,ESTACIONES DE SERVICIOS,C1:5260:Diesel B5 S-50 ,C1:5260:GASOHOL REGULAR ,C1:3950:GASOHOL 84 PLUS ,,,,,,,,14470.0,29/03/2023,29/03/2024,CESAR RODOLFO ROZAS POZO ,0,-12.6478324,-73.04817349999999
542,202300022050,8179,8179-050-030323,20127765279,COESTI S.A.,AV. SALAVERRY N° 608-610 - URB. VALLECITO,AREQUIPA,AREQUIPA,AREQUIPA,ESTACIONES DE SERVICIOS,C1:5000:GASOHOL REGULAR ,C1:2500:Diesel B5 S-50 ,C1:2500:GASOHOL PREMIUM ,,,,,,,,10000.0,3/03/2023,INDEFINIDO,ABRAHAM HUGO CALDERON MAVILA,0,-16.4040493,-71.5432068
543,201500061003,115150,115150-050-130515,10232652816,ANTONIO MARTIN PAITAN HUAMAN,AV. ANTACCOCHA LOTE 2 S/N KM 11 CARRETERA CENTRAL HUANCAVELICA-HUANCAYO,HUANCAVELICA,HUANCAVELICA,HUANCAVELICA,PUESTO DE VENTA DE COMBUSTIBLE - GRIFOS,C1:5280:DIESEL B5 ,C1:1400:GASOHOL 90 PLUS ,,,,,,,,,6680.0,13/05/2015,INDEFINIDO,ANTONIO MARTIN PAITAN HUAMAN,0,-11.9932468,-75.201229
544,201800147808,18868,18868-050-070918,20538275191,CORPORACION DE PETROLEOS AM S.A.C.,CALLE PURUCHUCO ESQ. CON HATUN COLLA MZ. M LT. 2 URB. MANGOMARCA BAJA,LIMA,LIMA,SAN JUAN DE LURIGANCHO,PUESTO DE VENTA DE COMBUSTIBLE - GRIFOS,C1:1300:GASOHOL 97 PLUS ,C1:2600:GASOHOL 95 PLUS ,C1:4000:Diesel B5 S-50 ,C1:2600:GASOHOL 90 PLUS ,C1:1300:GASOHOL 90 PLUS ,,,,,,11800.0,7/09/2018,INDEFINIDO,RAPHAEL CESAR ARCOS PAUCAR,0,-12.0143559,-76.98255549999999
545,202100202533,18541,18541-050-191021,20601234352,ESTACION DE SERVICIOS ALFREDO S.A.C.,AV. VILCANOTA Nº 1059,CUSCO,CALCA,CALCA,ESTACIONES DE SERVICIOS,C1:2000:GASOHOL 90 PLUS ,C1:4000:Diesel B5 S-50 ,C1:1000:GASOHOL 95 PLUS ,,,,,,,,7000.0,19/10/2021,INDEFINIDO,KATIOSCA ROJAS CARRILLO,0,-13.322696,-71.959422
546,202200196463,87228,87228-050-161122,20555852968,BILCON GAS SOL SOCIEDAD ANONIMA CERRADA - BILCON GAS SOL S.A.C.,AV. LOS VIRREYES MZ. B LT. 8-A EX FUNDO ZAVALETA,LIMA,LIMA,ATE,ESTACIONES DE SERVICIOS,C1:3517:Diesel B5 S-50 C2:2010:GASOHOL 90 PLUS C3:1010:GASOHOL 84 PLUS C4:1010:GASOHOL 98 PLUS ,,,,,,,,,,7547.0,16/11/2022,INDEFINIDO,SAUL BELLIDO ROCA,0,-11.9350461,-77.0552771
547,201700150623,120903,120903-050-190917,20559126293,SIVINMED E.I.R.L.,ANEXO DE SOÑAQQUE DE LA COMUNIDAD CAMPESINA PULLPURE PUENTE CUYO USCAMARCA,CUSCO,CHUMBIVILCAS,SANTO TOMAS,PUESTO DE VENTA DE COMBUSTIBLE - GRIFOS,C2:2750:GASOHOL 95 PLUS ,C1:6000:Diesel B5 S-50 ,C1:2750:GASOHOL 90 PLUS ,,,,,,,,11500.0,19/09/2017,INDEFINIDO,RENZO SIVINCHA MEDINA,0,-14.4509248,-72.0939685
548,202000095444,140058,140058-050-180820,10010288644,TOMÁS MESÍA TELLO,AV. RIOJA ESQUINA CON JR. LIBERTAD,SAN MARTIN,RIOJA,YURACYACU,ESTACIONES DE SERVICIOS,C1:1800:Diesel B5 S-50 ,C1:1800:GASOLINA 84 ,C1:1800:GASOLINA 90 ,,,,,,,,5400.0,18/08/2020,INDEFINIDO,TOMÁS MESÍA TELLO,480,-5.9447722,-77.31182439999999
549,202300057941,40069,40069-050-160323,20600329058,GRIFO SARITA E.I.R.L.,AV. AREQUIPA Nº 246,AREQUIPA,CAYLLOMA,CAYLLOMA,PUESTO DE VENTA DE COMBUSTIBLE - GRIFOS,C1:4500:GASOHOL REGULAR ,C1:4500:Diesel B5 S-50 ,C1:1200:GASOHOL PREMIUM ,,,,,,,,10200.0,16/03/2023,INDEFINIDO,TEOFILO MAXIMO PEREZ AYOSO,0,-16.3401835,-72.1830616
550,201800000565,40731,40731-050-060118,20538333736,H & P INGENIERÍA LÍQUIDA S.A.C.,"AV. LOS DOMINICOS MZ. U, LT.18 - URBANIZACIÓN LOS CIPRESES",LIMA,LIMA,SAN MARTIN DE PORRES,PUESTO DE VENTA DE COMBUSTIBLE - GRIFOS,C1:4000:Diesel B5 S-50 C2:2000:SIN PRODUCTO ,C1:2000:GASOHOL 95 PLUS C2:2000:GASOHOL 90 PLUS ,,,,,,,,,10000.0,6/01/2018,INDEFINIDO,JULIO MANUEL ZAVALA CAMPOS,0,-11.9998603,-77.1021583
551,202200090610,21773,21773-050-010622,20514606774,C & M SERVICENTROS SOCIEDAD ANONIMA CERRADA,CARRETERA PANAMERICANA SUR KM. 231 + 607,ICA,PISCO,TUPAC AMARU INCA,ESTACIONES DE SERVICIOS,C1:6100:Diesel B5 S-50 ,C1:4780:GASOHOL 90 PLUS ,C1:4780:Diesel B5 S-50 ,C1:3100:GASOHOL 95 PLUS ,C1:3100:Diesel B5 S-50 ,,,,,,21860.0,1/06/2022,INDEFINIDO,JOSE ANTONIO TOVAR FERREYRA,0,-13.720243,-76.15527759999999
552,202200134317,40010,40010-050-220722,20450760758,GRIFO SAN CARLOS S.A.C.,AV. PROLONGACION MARIANO MELGAR S/N,APURIMAC,ANDAHUAYLAS,SAN JERONIMO,ESTACIONES DE SERVICIOS,C1:6042:Diesel B5 S-50 ,C1:2000:GASOHOL 95 PLUS ,C1:2000:GASOHOL 90 PLUS ,C1:10600:Diesel B5 S-50 ,C1:3618:GASOHOL 90 PLUS C2:1600:GASOHOL 95 PLUS ,,,,,,25860.0,22/07/2022,INDEFINIDO,FELICIANA HUAMAN TORRES,0,-13.6506175,-73.3670652
553,201900062284,128310,128310-050-220419,20491148773,SERVICENTRO MARCO Y MIGUEL E.I.R.L.,SECTOR SAN BERNARDO (CARRETERA PUERTO MALDONADO - CUSCO KM. 29+00),MADRE DE DIOS,TAMBOPATA,TAMBOPATA,PUESTO DE VENTA DE COMBUSTIBLE - GRIFOS,C1:10400:Diesel B5 S-50 ,C1:10400:Diesel B5 S-50 ,C1:10400:GASOLINA 84 ,C1:10400:GASOLINA 84 ,C1:4000:GASOLINA 90 ,,,,,,45600.0,22/04/2019,INDEFINIDO,MELLY NELLY ALVAREZ FERNANDEZ DE DONAIRES,720,-12.5808749,-69.2032425
554,202200118282,131240,131240-050-270622,20609142775,INVERSIONES KATUMI JENNY & JOAQUIN SOCIEDAD COMERCIAL DE RESPONSABILIDAD LIMITADA,"PROLONGACION JR. VILCABAMBA A.P.V. 3 DE MAYO, MZA 'A', LOTE 2 Y 3",CUSCO,LA CONVENCION,SANTA ANA,ESTACIONES DE SERVICIOS,C1:4000:GASOHOL 84 PLUS ,C1:4000:GASOHOL 90 PLUS ,C1:4000:GASOHOL 95 PLUS ,C1:4000:GASOHOL 90 PLUS ,C1:4000:Diesel B5 S-50 ,,,,,,20000.0,27/06/2022,27/06/2023,MONTAÑEZ BACA BILLY MILAGROS,0,-12.8724399,-72.694101
555,202000202302,34758,34758-050-080321,20606981610,SERVICENTRO CRUZ DE MAYO CORDOVA EMPRESA INDIVIDUAL DE RESPONSABILIDAD LIMITADA,CARRETERA CUSCO - URCOS KM. 25 HUACARPAY,CUSCO,QUISPICANCHI,LUCRE,ESTACIONES DE SERVICIOS,C1:6000:Diesel B5 S-50 ,C1:4000:GASOHOL 95 PLUS C2:2000:Diesel B5 S-50 ,C1:6643:Diesel B5 S-50 ,C1:4410:GASOHOL 90 PLUS ,,,,,,,23053.0,8/03/2021,INDEFINIDO,CORDOVA LOAYZA VICTOR ,0,-13.610116,-71.7316634
556,202200083438,141845,141845-050-240522,10445324073,FERNANDO GALINDO COLLANTES,AV. MARIANO MELGAR S/N ESQUINA CALLE LOS CLAVELES,CAJAMARCA,SAN IGNACIO,SAN IGNACIO,PUESTO DE VENTA DE COMBUSTIBLE - GRIFOS,C1:7740:Diesel B5 S-50 ,C1:1240:GASOHOL 84 PLUS ,C1:1240:GASOHOL 90 PLUS ,,,,,,,,10220.0,24/05/2022,INDEFINIDO,FERNANDO GALINDO COLLANTES,0,-5.1321362,-78.9923936
557,202200153004,164187,164187-050-250822,20490536222,CORPORACION DE INVERSIONES Y SERVICIOS SALAZAR E.I.R.L.,AV. HUALALACHI S/N (CARRETERA ANDAHUAYLAS - AYACUCHO),APURIMAC,ANDAHUAYLAS,TALAVERA,ESTACIONES DE SERVICIOS,C1:10000:Diesel B5 S-50 ,C1:10000:Diesel B5 S-50 ,C1:5000:GASOHOL 90 PLUS C2:2500:GASOHOL 95 PLUS C3:2500:GASOHOL 97 PLUS ,,,,,,,,30000.0,25/08/2022,INDEFINIDO,SALAZAR CARDENAS ROCIO,0,-13.6563474,-73.43871159999999
558,202000068032,21200,21200-050-230620,10018722009,HILMAR MAYTA SOTILLO ,CARRETERA PANAMERICANA ZEPITA - DESAGUADERO KM. 138,PUNO,CHUCUITO,ZEPITA,PUESTO DE VENTA DE COMBUSTIBLE - GRIFOS,C1:1000:Diesel B5 S-50 ,C1:1000:GASOHOL 95 PLUS ,,,,,,,,,2000.0,23/06/2020,INDEFINIDO,HILMAR MAYTA SOTILLO ,0,-16.5635083,-69.040105
559,201300120218,104194,104194-050-190813,10415487261,TULA CABRERA MENDOZA,MZ. M LT. 1 CENTRO POBLADO MENOR CAYCHIWE ALTO Y QUEBRADA NUEVA-SECTOR NUEVA,MADRE DE DIOS,MANU,HUEPETUHE,PUESTO DE VENTA DE COMBUSTIBLE - GRIFOS,C1:9600:Diesel B5 S-50 ,C1:7900:Diesel B5 S-50 ,C1:4200:GASOLINA 84 ,,,,,,,,21700.0,19/08/2013,INDEFINIDO,TULA CABRERA MENDOZA,0,-12.9947133,-70.5259356
560,201300095441,7082,7082-050-240513,10012029395,ESTEBAN CHECALLA PAQUITA,AV. EJERCITO NO. 930,PUNO,YUNGUYO,YUNGUYO,PUESTO DE VENTA DE COMBUSTIBLE - GRIFOS,C1:1000:GASOHOL 90 PLUS ,C1:5000:Diesel B5 S-50 ,C1:5000:GASOHOL 84 PLUS ,,,,,,,,11000.0,24/05/2013,INDEFINIDO,ESTEBAN CHECALLA PAQUITA,720,-16.2420706,-69.0928666
561,202200118290,21554,21554-050-240622,20494214190,GRIFO SEÑOR DE SANTA CRUZ E.I.R.L.,AV. ALIANZA PARA EL PROGRESO S/N - MACHENTE,AYACUCHO,LA MAR,AYNA,PUESTO DE VENTA DE COMBUSTIBLE - GRIFOS,C1:5200:GASOHOL 90 PLUS ,C1:6500:Diesel B5 S-50 ,,,,,,,,,11700.0,24/06/2022,24/06/2023,JHONNY POZO QUISPE,0,-12.7204131,-73.8856425
562,201900036683,21557,21557-050-090319,20544369556,GRIFO PARQUE INDUSTRIAL EL ASESOR S.A.C.,ESQUINA AV. C Y CALLE 5 PARQUE INDUSTRIAL EL ASESOR,LIMA,LIMA,ATE,ESTACIONES DE SERVICIOS,C1:4565:GASOHOL 95 PLUS ,C1:4595:Diesel B5 S-50 ,C1:4547:GASOHOL 90 PLUS ,C1:3721:SIN PRODUCTO ,C1:5903:Diesel B5 S-50 ,,,,,,23331.0,9/03/2019,INDEFINIDO,FIORELLA STEFANY TOVAR ORELLANA,120,-12.0392256,-76.9343535
563,202200181813,19887,19887-050-150922,20181197570,INVERSIONES ARIAS S.A.C.,CARRETERA FERNANDO BELAUNDE TERRY KM. 4.5 NARANJILLO,HUANUCO,LEONCIO PRADO,LUYANDO,PUESTO DE VENTA DE COMBUSTIBLE - GRIFOS,C1:9000:SIN PRODUCTO ,C1:4500:GASOHOL 95 PLUS C2:4500:GASOHOL 90 PLUS ,C1:9000:Diesel B5 S-50 ,,,,,,,,27000.0,15/09/2022,15/09/2023,GUIDO JAIME ARIAS VICUÑA,0,-8.9785269,-76.0870592
564,202100017249,18415,18415-050-080421,20406522998,GRIFO CRUZ AYABACAS E.I.R.L.,AV. PARRA N° 371,AREQUIPA,AREQUIPA,AREQUIPA,ESTACIONES DE SERVICIOS,C1:4000:GASOHOL 90 PLUS ,C1:2600:GASOHOL 95 PLUS ,C1:2600:GASOHOL 97 PLUS ,C1:5200:Diesel B5 S-50 ,C1:2900:SIN PRODUCTO ,,,,,,17300.0,8/04/2021,INDEFINIDO,CECILIA CONDORI MAMANI,240,-16.4143159,-71.5473066
565,201800193871,117631,117631-050-281118,20603782187,SERVICIOS GLOBALES FLORES ASESORES S.R.L,CARRETERA YANAHUANCA - OYON KM. 3.5 Y CARRETERA HUARAUTAMBO-YANAHUANCA,PASCO,DANIEL ALCIDES CARRION,YANAHUANCA,ESTACIONES DE SERVICIOS,C1:6500:Diesel B5 S-50 ,C1:3500:GASOHOL 90 PLUS C2:3000:GASOHOL 97 PLUS ,,,,,,,,,13000.0,28/11/2018,INDEFINIDO,ROSWELL WILFREDO FLORES OSORIO,0,-10.4741218,-76.5358488
566,201800066562,135289,135289-050-250418,20602506623,ESTACIÓN DE SERVICIOS GLORIA S.A.C.,CALLE REAL S/N LA PUNTA,JUNIN,HUANCAYO,SAPALLANGA,PUESTO DE VENTA DE COMBUSTIBLE - GRIFOS,C1:9900:Diesel B5 S-50 ,C1:1900:GASOHOL 84 PLUS C2:2900:GASOHOL 97 PLUS C3:3900:GASOHOL 90 PLUS ,,,,,,,,,18600.0,25/04/2018,INDEFINIDO,PEDRO BERNABE ARANCIBIA TORRES,0,-12.1141055,-75.1754529
567,202300047517,104635,104635-050-090323,20325865033,SERVICENTRO MELSA E.I.R.LTDA.,OVALO CUSCO AV. JORGE BASADRE G. SUR - AV. TARAPACA (ANTES AV. COLLPA),TACNA,TACNA,TACNA,PUESTO DE VENTA DE COMBUSTIBLE - GRIFOS,C1:8000:Diesel B5 S-50 ,C1:6600:GASOHOL REGULAR ,C1:4000:GASOHOL PREMIUM ,C1:4000:GASOHOL PREMIUM ,,,,,,,22600.0,9/03/2023,INDEFINIDO,ROSA LLANQUI CACHI,0,-18.0278256,-70.2515538
568,202100275976,135071,135071-050-130122,20406541437,SERVICENTRO NUEVO MUNDO EMPRESA INDIVIDUAL DE RESPONSABILIDAD LIMITADA,"CARRETERA SICUANI - JULIACA, PARCELA B-34, COMUNIDAD SARA – ESTRELLA",PUNO,LAMPA,CALAPUJA,PUESTO DE VENTA DE COMBUSTIBLE - GRIFOS,C1:4500:Diesel B5 S-50 ,C1:2500:GASOHOL 90 PLUS ,C1:1500:GASOHOL 95 PLUS ,C1:1000:GASOHOL 84 PLUS ,,,,,,,9500.0,13/01/2022,INDEFINIDO,CONDORI CORIMAYHUA YOLANDA MARITZA,0,-15.3136824,-70.2229286
569,202100041076,129482,129482-050-220421,20482648917,GRIFO Y TRANSPORTES SARITA COLONIA P & F E.I.R.L.,AV. SANTA MARIA S/N ESQUINA CON CARRETERA AL CASERIO DE LIRIO,CAJAMARCA,CUTERVO,CUTERVO,PUESTO DE VENTA DE COMBUSTIBLE - GRIFOS,C1:1837:Diesel B5 S-50 ,C1:915:GASOHOL 84 PLUS C2:915:GASOHOL 90 PLUS ,C1:4000:Diesel B5 S-50 ,,,,,,,,7667.0,22/04/2021,INDEFINIDO,LUSLINDA AREVALO VALLEJOS ,240,-6.3801033,-78.8184902
570,202300011127,42096,42096-050-051114,20506765103,ESTACION DE SERVICIOS Y NEGOCIOS MULTIPLES SAN ANDRES S.A.C.,INTERSECCION PROL. SAN MARTIN Y AV. CORONEL PORTILLO (ANTES: INTER. ANT. Y NUE. P.NO. MZ. III. TIWIN),LIMA,HUAURA,HUAURA,ESTACIONES DE SERVICIOS,C1:8000:GASOHOL 84 PLUS ,C1:4000:GASOHOL 90 PLUS C2:4000:GASOHOL 95 PLUS ,C1:8000:Diesel B5 S-50 ,,,,,,,,24000.0,2/02/2023,INDEFINIDO,OSCAR GREGGIO OCHOA,0,-11.0668773,-77.5982589
571,202100225763,121474,121474-050-081121,20565320301,GOLDEN SHOCK S.A.C.,"AV. SINCHI ROCA MZ. G LTE 9, ASOCIACIÓN DE POBLADORES DEL CERCADO DE LA COMUNIDAD CAMPESINA DE JICAMARCA ANEXO 22",LIMA,HUAROCHIRI,SAN ANTONIO,ESTACIONES DE SERVICIOS,C1:6500:Diesel B5 S-50 ,C1:1500:GASOHOL 95 PLUS C2:1500:GASOHOL 97 PLUS C3:3000:GASOHOL 90 PLUS ,,,,,,,,,12500.0,8/11/2021,INDEFINIDO,VIRGILIO CHOQUE CARDENAS,0,-11.9208134,-76.9524586
572,201700056154,82712,82712-050-170417,10316738830,JORGE JULIO VARGAS SALAZAR,"AV. NICOLAS DE PIEROLA S/N LA FLORIDA, CARRETERA HUARAZ - HUARI KM 130",ANCASH,HUARI,SAN MARCOS,ESTACIONES DE SERVICIOS,C1:5000:Diesel B5 S-50 ,C1:4000:Diesel B5 S-50 ,C1:1500:GASOHOL 90 PLUS ,C1:2000:GASOHOL 90 PLUS ,C1:2000:GASOHOL 95 PLUS ,,,,,,14500.0,17/04/2017,INDEFINIDO,JORGE JULIO VARGAS SALAZAR,0,-9.5192224,-77.1554452
573,201800041157,15211,15211-050-130318,20503840121,REPSOL COMERCIAL S.A.C,"AV. TOMAS VALLE, ESQ. CON AV. LOS DOMINICOS - URB. JORGE CHAVEZ",PROV. CONST. DEL CALLAO,PROV. CONST. DEL CALLAO,CALLAO,PUESTO DE VENTA DE COMBUSTIBLE - GRIFOS,C1:10000:GASOHOL 90 PLUS ,C1:10000:Diesel B5 S-50 ,C1:5200:GASOHOL 98 PLUS ,C1:5200:Diesel B5 S-50 ,C1:5200:GASOHOL 95 PLUS ,,,,,,35600.0,13/03/2018,INDEFINIDO,ALBERTO ELIAS MUNARES TAPIA,0,-12.017142,-77.09555979999999
574,201600100965,16776,16776-050-250716,10024094893,VILMA PAULINA QUISPE DE MORALES,KM. 08 CARRETERA JULIACA - HUANCANE,PUNO,SAN ROMAN,JULIACA,PUESTO DE VENTA DE COMBUSTIBLE - GRIFOS,C1:6000:Diesel B5 S-50 ,C1:4000:GASOHOL 84 PLUS ,C1:4000:GASOHOL 90 PLUS ,C1:6640:Diesel B5 S-50 ,C1:6640:Diesel B5 S-50 ,,,,,,27280.0,25/07/2016,INDEFINIDO,VILMA PAULINA QUISPE DE MORALES,720,-15.5066438,-70.1169401
575,201900213206,148448,148448-050-120120,20603596227,JM LOGISTAS S.A.C.,AV. 24 DE JUNIO DEL SECTOR HUANCASAYA,AYACUCHO,CANGALLO,LOS MOROCHUCOS,ESTACIONES DE SERVICIOS,C1:6619:Diesel B5 S-50 ,C1:4302:GASOHOL 90 PLUS C2:4302:GASOHOL 95 PLUS ,,,,,,,,,15223.0,12/01/2020,INDEFINIDO,PERSI JANAMPA VALDIVIA,0,-13.5493044,-74.1832197
576,201900164491,88810,88810-050-111019,20563925303,J & C MARJU S.A.C.,CALLE ENRIQUE COLLAZOS ESQUINA CON JR. TAMBOPATA- PLANCHON,MADRE DE DIOS,TAMBOPATA,LAS PIEDRAS,PUESTO DE VENTA DE COMBUSTIBLE - GRIFOS,C1:5000:Diesel B5 S-50 ,C1:5000:GASOLINA 84 ,,,,,,,,,10000.0,11/10/2019,INDEFINIDO,MARTINA MAMANI HUILLCA,720,-12.2800069,-69.15207269999999
577,202000119558,18510,18510-050-110920,20406495575,SERVICENTRO FORNIA SOCIEDAD COMERCIAL DE RESPONSAB. LTDA.,AV. PROLONGACION LIBERTAD S/N BARRIO SANTIAGO LUJAN,PUNO,SAN ANTONIO DE PUTINA,PUTINA,PUESTO DE VENTA DE COMBUSTIBLE - GRIFOS,C1:4300:GASOHOL 90 PLUS ,C1:4300:Diesel B5 S-50 ,,,,,,,,,8600.0,11/09/2020,INDEFINIDO,HENRY JESUS MAMANI CORDOVA ,0,-14.9182801,-69.8697452
578,202300057964,125951,125951-050-190423,10023823361,WALTER ROQUE ZUÑIGA,"JR. PALMERAS S/N, MZ 'Q' LT. 15 BARRIO MIRAFLORES",PUNO,SANDIA,ALTO INAMBARI,PUESTO DE VENTA DE COMBUSTIBLE - GRIFOS,C1:4610:Diesel B5 S-50 ,C1:2247:GASOHOL 84 PLUS ,,,,,,,,,6857.0,19/04/2023,24/09/2023,WALTER ROQUE ZUÑIGA ,0,-14.0210829,-69.3831079
579,202100277316,9271,9271-050-090122,20449314868,ESTACION DE SERVICIOS TEXA'S SOCIEDAD ANONIMA CERRADA,AV. JORGE BASADRE ESQ. CON PROLONG. DOS DE MAYO 692-695,TACNA,TACNA,TACNA,PUESTO DE VENTA DE COMBUSTIBLE - GRIFOS,C1:3900:GASOHOL 98 PLUS ,C1:6500:Diesel B5 S-50 ,C1:6500:GASOHOL 90 PLUS ,C1:3900:GASOHOL 95 PLUS ,,,,,,,20800.0,9/01/2022,INDEFINIDO,MARGARITA GONZALO MAMANI,0,-18.0098767,-70.2490725
580,202300030574,39380,39380-050-030323,20608397621,GRIFOS RANGER & SERVICIOS SOCIEDAD COMERCIAL DE RESPONSABILIDAD LIMITADA,AV. PAKAMUROS CUADRA 2,CAJAMARCA,JAEN,JAEN,PUESTO DE VENTA DE COMBUSTIBLE - GRIFOS,C1:2800:GASOHOL 84 PLUS ,C1:2800:GASOHOL 90 PLUS ,C1:2500:SIN PRODUCTO ,"C1:0:DIESEL B5,Diesel B5 S-50 ",,,,,,,10800.0,3/03/2023,INDEFINIDO,GEILER FERNANDO ROSILLO GONZALES,0,-5.7051428,-78.8039783
581,201600078968,45492,45492-050-240417,10103660829,JUANA PONCE ZEGARRA ,"AV. TANTAMAYO (EX. AV. CHUQUITANTA) Y AV. PACASMAYO (EX. AV. ALEJANDRO BERTELLO), MZ. B LT. 1 Y 2. URB. SAN JUAN BAUTISTA ",LIMA,LIMA,SAN MARTIN DE PORRES,ESTACIONES DE SERVICIOS,C1:5842:Diesel B5 S-50 ,C1:825:GASOHOL 95 PLUS C2:825:GASOHOL 90 PLUS ,,,,,,,,,7492.0,27/05/2016,INDEFINIDO,JUANA PONCE ZEGARRA,480,-12.158102,-76.9753125
582,201300138226,103481,103481-050-120913,10048257441,JUSTO QUISPE QUISPE,"CARRETERA PUNKIRI – HUEPETUHE, FUNDO VISTA ALEGRE KM. 15+000",MADRE DE DIOS,MANU,HUEPETUHE,PUESTO DE VENTA DE COMBUSTIBLE - GRIFOS,C1:10400:Diesel B5 S-50 ,C1:10400:Diesel B5 S-50 ,,,,,,,,,20800.0,12/09/2013,INDEFINIDO,JUSTO QUISPE QUISPE,0,-13.0258926,-70.6692655
583,202200052784,17953,17953-050-280622,20503840121,REPSOL COMERCIAL S.A.C. ,AV. ROOSEVELT N° 5672 ESQ. AV. MONSEÑOR ROCA Y BOLOÑA N° 385,LIMA,LIMA,MIRAFLORES,ESTACIONES DE SERVICIOS,C1:4000:Diesel B5 S-50 C2:4000:Diesel B5 S-50 ,C1:4000:GASOHOL 95 PLUS C2:4000:GASOHOL 98 PLUS ,C1:8000:GASOHOL 90 PLUS ,,,,,,,,24000.0,28/06/2022,INDEFINIDO,JOSE WALTER NOÉ CHINININ,0,-12.120317,-77.01832
584,202200255267,166196,166196-050-030223,20608876775,PETRONEGOCIOS Y SERVICIOS GENERALES JANAMPASS S.A.C.,PROLONGACION AV. SIVIA S/N BARRIO HOSPITAL-CENTRO POBLADO TRIBOLINE,AYACUCHO,HUANTA,SIVIA,ESTACIONES DE SERVICIOS,C1:8000:Diesel B5 S-50 ,C1:6000:GASOHOL 90 PLUS C2:2000:GASOHOL 84 PLUS ,,,,,,,,,16000.0,3/02/2023,3/02/2024,JANAMPA CHUCHON ROMULO ISAIAS,0,-12.5253602,-73.8474813
585,201800149296,7039,7039-050-110918,20503840121,REPSOL COMERCIAL S.A.C.,AV. ANGAMOS OESTE N° 1685,LIMA,LIMA,MIRAFLORES,ESTACIONES DE SERVICIOS,C1:6000:GASOHOL 95 PLUS ,C1:4000:GASOHOL 90 PLUS ,C1:4000:GASOHOL 98 PLUS ,C1:6000:Diesel B5 S-50 ,,,,,,,20000.0,11/09/2018,INDEFINIDO,VICTOR GONZALO CASTILLO OVIEDO,0,-12.1108067,-77.04625879999999
586,202200154168,137646,137646-050-190822,20603280394,FULL TANK SAN MARTIN S.A.C.,"CARRETERA PICHARI-PUERTO CUCOS, FUNDO BELÉN, PARCELA TO-40, LUGAR OTARI SAN MARTÍN",CUSCO,LA CONVENCION,PICHARI,ESTACIONES DE SERVICIOS,C1:3950:Diesel B5 S-50 ,C1:3950:Diesel B5 S-50 ,C1:3950:GASOHOL 90 PLUS ,C1:3950:GASOHOL 95 PLUS ,C1:3950:GASOHOL 90 PLUS ,,,,,,19750.0,19/08/2022,19/08/2023,MARGARITA ANGELICA MOSCO ANDIA,0,-12.4783486,-73.8437829
587,1598542,42304,0003-GRIF-15-2006,10152156982,TEOFILO MARCELINO MENDOZA TELLO,AV. HUANUCO N°340 ,LIMA,OYON,OYON,PUESTO DE VENTA DE COMBUSTIBLE - GRIFOS,C1:1800:GASOLINA 90 ,C1:1800:DIESEL 2 ,C1:1800:DIESEL 2 ,,,,,,,,5400.0,10/04/2006,INDEFINIDO,"MENDOZA TELLO, TEOFILO MARCELINO",0,-10.6684364,-76.7694586
588,202000057997,109762,109762-050-190520,10334046554,CARLOS EMILIANO SALDAÑA VERASTEGUI,AV. AMAZONAS S/N ,AMAZONAS,CHACHAPOYAS,MOLINOPAMPA,ESTACIONES DE SERVICIOS,C1:1000:Diesel B5 S-50 ,C1:500:GASOLINA 90 ,C1:500:GASOLINA 90 ,,,,,,,,2000.0,19/05/2020,INDEFINIDO,CARLOS EMILIANO SALDAÑA VERÁSTEGUI,720,-6.2297022,-77.8691616
589,202000061142,18610,18610-050-100620,20526436190,COMBUSTIBLES Y SERVICIOS RAM E.I.R.L.,CARRETERA SECHURA - PIURA KM. 1,PIURA,SECHURA,SECHURA,PUESTO DE VENTA DE COMBUSTIBLE - GRIFOS,C1:6000:GASOHOL 84 PLUS ,C1:6000:Diesel B5 S-50 ,C1:2020:GASOHOL 90 PLUS ,,,,,,,,14020.0,10/06/2020,INDEFINIDO,CARLOS ALBERTO ANTON YOVERA,720,-5.18927,-80.6438899
590,201700211593,16788,16788-050-211217,20602581331,COMBUSTIBLES EL PUEBLO E.I.R.L.,KM. 4 CARRETERA CHICLAYO - POMALCA,LAMBAYEQUE,CHICLAYO,POMALCA,PUESTO DE VENTA DE COMBUSTIBLE - GRIFOS,C1:6000:Diesel B5 S-50 ,C1:2000:GASOHOL 90 PLUS ,,,,,,,,,8000.0,21/12/2017,INDEFINIDO,ROXANA VARGAS INFANTE,0,-6.7679573,-79.7763815
591,202200200830,165343,165343-050-201222,20607706205,PETRO PAITA S.A.C.,"LOTES 15,16 Y 17, ZONA COMERCIAL DE LA ZONA ALTA DE PAITA",PIURA,PAITA,PAITA,ESTACIONES DE SERVICIOS,C1:8000:Diesel B5 S-50 ,C1:5000:GASOHOL 90 PLUS ,C1:5000:GASOHOL 95 PLUS ,C1:3000:Diesel B5 S-50 ,,,,,,,21000.0,20/12/2022,INDEFINIDO,VICENTE ENRIQUE MARCELO LOAYZA,0,-5.0866682,-81.1115542
592,201400098786,18416,18416-050-070814,20542684756,GRIFO CORPORACION PETROPOLIS S.A.C. ,CARRETERA JULIACA-CUSCO KM 10.8 ,PUNO,LAMPA,CALAPUJA,PUESTO DE VENTA DE COMBUSTIBLE - GRIFOS,C1:2500:GASOHOL 84 PLUS ,C1:2500:GASOHOL 90 PLUS ,C1:7000:Diesel B5 S-50 ,C1:2500:GASOHOL 95 PLUS ,,,,,,,14500.0,7/08/2014,INDEFINIDO,HERNAN MAMANI APAZA,0,-15.3136824,-70.2229286
593,201900030705,18666,18666-050-260219,10101841524,PALACIOS GAMARRA MILAGRO ISABEL,"ESQUINA DE LA AV. CANTA CALLAO Y LOS DOMINICOS MZ. E LOTE 7, URB. LAS BRISAS DE SANTA ROSA",LIMA,LIMA,SAN MARTIN DE PORRES,PUESTO DE VENTA DE COMBUSTIBLE - GRIFOS,C1:6600:Diesel B5 S-50 ,C1:3300:GASOHOL 90 PLUS C2:3300:GASOHOL 95 PLUS ,,,,,,,,,13200.0,26/02/2019,INDEFINIDO,PALACIOS GAMARRA MILAGRO ISABEL,0,-11.9924247,-77.1161446
594,202000158700,109846,109846-050-171120,20606613661,ESTACION DE SERVICIOS CRUZEÑA E.I.R.L.,CALLE RAMON CASTILLA S/N,PIURA,HUANCABAMBA,HUARMACA,ESTACIONES DE SERVICIOS,C1:2000:DIESEL B5 ,C1:3000:GASOHOL 90 PLUS ,C1:5000:Diesel B5 S-50 ,,,,,,,,10000.0,17/11/2020,INDEFINIDO,ALIDA ZEÑA CARRASCO,720,-5.6780132,-79.60528839999999
595,202200244750,166030,166030-050-040123,10338260569,HERNANDEZ VASQUEZ ABAD,CARR. FERNANDO BELAUNDE TERRY KM232 SECTOR SAN ANTONIO,AMAZONAS,UTCUBAMBA,BAGUA GRANDE,ESTACIONES DE SERVICIOS,C1:3670:Diesel B5 S-50 ,C1:2270:GASOLINA 90 ,C1:1110:GASOLINA 95 ,,,,,,,,7050.0,4/01/2023,INDEFINIDO,ABAD HERNANDEZ VASQUEZ,0,-5.7569092,-78.4372279
596,202200204822,140992,140992-050-161222,20609790050,GRIFOS WASI E.I.R.L.,JR. SAN MARTIN N° 92,PIURA,HUANCABAMBA,CANCHAQUE,PUESTO DE VENTA DE COMBUSTIBLE - GRIFOS,C1:2000:Diesel B5 S-50 C2:2000:GASOHOL 90 PLUS ,,,,,,,,,,4000.0,16/12/2022,INDEFINIDO,FACUNDO TOCTO WALTER,0,-5.3764806,-79.6071142
597,202200005315,6927,6927-050-080222,10081870557,JORGE AMADO GUTIERREZ ESAINE,AV. MANCO CAPAC N° 375,CAJAMARCA,CAJAMARCA,LOS BAÑOS DEL INCA,ESTACIONES DE SERVICIOS,C1:6000:GASOHOL 84 PLUS ,C1:6000:GASOHOL 90 PLUS ,C1:8000:Diesel B5 S-50 ,C1:8000:Diesel B5 S-50 ,C1:1507:GASOHOL 95 PLUS ,C1:2595:GASOHOL 95 PLUS ,,,,,32102.0,8/02/2022,INDEFINIDO,JORGE AMADO GUTIERREZ ESAINE,720,-7.164547900000001,-78.46616639999999
598,201900218422,148289,148289-050-030120,20127765279,COESTI S.A.,CARRETERA PANAMERICANA SUR KM. 106 (SUR A NORTE) PREDIO B-SECTOR SARAPAMPA,LIMA,CAÑETE,ASIA,ESTACIONES DE SERVICIOS,C1:10000:Diesel B5 S-50 ,C1:5000:Diesel B5 S-50 C2:5000:GASOHOL 90 PLUS ,C1:4000:GASOHOL 95 PLUS C2:4000:GASOHOL 97 PLUS ,,,,,,,,28000.0,3/01/2020,INDEFINIDO,CESAR DOMINGO CRUCES LIBERT,0,-12.8154986,-76.5404736
599,202200159964,117350,117350-050-190822,10422728517,HUAMAN BAEZ FRANKLIN,"CARRETERA QUILLABAMBA-CHAHUARES, PREDIO ÑUSTAYOC, SECTOR SAHUAYACO",CUSCO,LA CONVENCION,ECHARATE,ESTACIONES DE SERVICIOS,C1:5260:Diesel B5 S-50 ,C1:3290:GASOHOL 90 PLUS ,C1:2630:GASOHOL 84 PLUS ,C1:1970:GASOHOL 95 PLUS ,,,,,,,13150.0,19/08/2022,19/08/2023,FRANKLIN HUAMAN BAEZ,0,-12.767937,-72.57607800000001
600,201700024343,107456,107456-050-240217,20529461667,INVERSIONES HUANA HUANA E.I.R.L.,CARRETERA CAJAMARCA – MAGDALENA KM 119 CAS. HUANA HUANA,CAJAMARCA,CAJAMARCA,MAGDALENA,PUESTO DE VENTA DE COMBUSTIBLE - GRIFOS,"C1:4175:DIESEL B5,Diesel B5 S-50 ",C1:575:GASOHOL 90 PLUS C2:575:GASOHOL 90 PLUS ,,,,,,,,,5325.0,24/02/2017,INDEFINIDO,GABY ANGELINA CENTURION MENDOZA ,720,-7.251041799999999,-78.6591784
601,201500163153,114355,114355-050-041215,20600819501,GRUPO SAN MIGUEL SP S.A.C,"SECTOR LAS ADELINAS, CARRETERA CAYALTI - ZAÑA",LAMBAYEQUE,CHICLAYO,CAYALTI,ESTACIONES DE SERVICIOS,C1:5000:DIESEL B5 ,C1:3000:GASOHOL 84 PLUS C2:2000:GASOHOL 90 PLUS ,,,,,,,,,10000.0,4/12/2015,INDEFINIDO,MISAEL MEJIA VARGAS,720,-6.92348,-79.5804961
602,202200075462,8943,8943-050-160522,10294445299,JUAN JOSE SALINAS PAREDES,CALLE COLON N° 217,AREQUIPA,AREQUIPA,PAUCARPATA,PUESTO DE VENTA DE COMBUSTIBLE - GRIFOS,C1:3900:GASOHOL 95 PLUS ,C1:3900:GASOHOL 90 PLUS ,C1:3900:Diesel B5 S-50 ,C1:2700:SIN PRODUCTO ,,,,,,,14400.0,16/05/2022,INDEFINIDO,JUAN JOSE SALINAS PAREDES,0,-16.3985447,-71.5313956
603,202200075469,6864,6864-050-160522,20486292378,ESTACIÓN DE SERVICIOS REAL LA OROYA S.A.,CARRETERA CENTRAL KM. 164 LIMA - LA OROYA URBANIZACIÓN CURIPATA - HUAYNACANCHA,JUNIN,YAULI,LA OROYA,ESTACIONES DE SERVICIOS,C1:8000:Diesel B5 S-50 ,C1:8000:Diesel B5 S-50 ,C1:4000:GASOHOL 97 PLUS ,C1:4000:GASOHOL 90 PLUS ,C1:4000:GASOHOL 95 PLUS ,C1:4000:GASOHOL 95 PLUS ,,,,,32000.0,16/05/2022,INDEFINIDO,PARRAGA CORREA ROBERTO PAULINO,0,-11.7357931,-76.2571942
604,202000103195,105955,105955-050-240820,20602397280,INVERSIONES GENERALES Q & G PERU S.A.C.,VIA LOS LIBERTARDORES KM. 111.50 - ANEXO CHOCORVO,HUANCAVELICA,HUAYTARA,HUAYTARA,ESTACIONES DE SERVICIOS,C1:2000:Diesel B5 S-50 C2:2000:GASOHOL 90 PLUS ,,,,,,,,,,4000.0,24/08/2020,INDEFINIDO,JULIA QUINTANILLA GARAY,0,-13.8255362,-75.257617
605,201900108830,134336,134336-050-150719,20559840697,MULTINEGOCIOS EMPRESARIALES JHIRE S.A.C.,CALLE TUNGSTENO S/N BARRIO SAN JOSE,LA LIBERTAD,SANTIAGO DE CHUCO,SANTIAGO DE CHUCO,ESTACIONES DE SERVICIOS,C1:5000:Diesel B5 S-50 ,C1:2000:GASOHOL 95 PLUS C2:3000:GASOHOL 90 PLUS ,,,,,,,,,10000.0,15/07/2019,INDEFINIDO,MARCELA JOVANNY ESQUIVEL SALINAS,0,-8.1483245,-78.1713188
606,202300055704,137688,137688-050-010523,20503840121,REPSOL COMERCIAL S.A.C.,AV. BAUZATE Y MEZA N° 1050,LIMA,LIMA,LA VICTORIA,ESTACIONES DE SERVICIOS,C1:5000:SIN PRODUCTO C2:5000:GASOHOL REGULAR ,C1:5000:GASOHOL PREMIUM C2:5000:Diesel B5 S-50 ,C1:10000:Diesel B5 S-50 ,,,,,,,,30000.0,1/05/2023,INDEFINIDO,VICTOR GONZALO CASTILLO OVIEDO,0,-12.0643594,-77.0204467
607,202300045504,137823,137823-050-230323,20107034413,YAVA S.A.C,PUEBLO JOVEN - LA LIBERTAD MZ. Z1 - LOTE 01,AYACUCHO,HUAMANGA,AYACUCHO,ESTACIONES DE SERVICIOS,C1:5000:GASOHOL 95 PLUS ,C1:5000:GASOHOL 90 PLUS ,C1:5000:Diesel B5 S-50 ,C1:5000:GASOHOL 90 PLUS ,C1:10000:Diesel B5 S-50 ,,,,,,30000.0,23/03/2023,INDEFINIDO,ANIBAL PEDRO YANCE VALENZUELA,0,-13.1638737,-74.22356409999999
608,201900162245,132317,132317-050-091019,20127765279,COESTI S.A.,"ASOCIACIÓN DE MICROEMPRESARIOS DE LA IRRIGACIÓN MAJES 'AMEIM', MZ. T, LOTE Nº 6 Y Nº 7",AREQUIPA,CAYLLOMA,MAJES,ESTACIONES DE SERVICIOS,C1:4600:Diesel B5 S-50 ,C1:4600:Diesel B5 S-50 ,C1:2600:GASOHOL 95 PLUS C2:2600:GASOHOL 90 PLUS ,,,,,,,,14400.0,9/10/2019,INDEFINIDO,ABRAHAM HUGO CALDERON MAVILA,0,-16.3456555,-72.1959519
609,202100248355,157362,157362-050-291121,20605564616,PETRO COMPANY PERU SOCIEDAD ANONIMA CERRADA,AV PROCERES MZ N LOTE 3 ASOCIACION PROVIVIENDA NUEVO AMANECER PUCAYACU,PASCO,PASCO,YANACANCHA,ESTACIONES DE SERVICIOS,C1:9000:Diesel B5 S-50 ,C1:1000:GASOHOL 95 PLUS C2:3000:GASOHOL 90 PLUS ,C1:6500:Diesel B5 S-50 ,,,,,,,,19500.0,29/11/2021,INDEFINIDO,PONCE DE LA ROSA FRANK CHRISTIAN,0,-10.6666019,-76.2536276
610,201800147837,64224,64224-050-270918,20555055944,SERVICENTRO PETROINCA S.A.C. ,AV. FRANCISCO CARLE N° 1255 BARRIO CORMIS,JUNIN,JAUJA,JAUJA,ESTACIONES DE SERVICIOS,C1:5900:Diesel B5 S-50 ,C1:2300:GASOHOL 95 PLUS C2:2300:GASOHOL 90 PLUS ,C1:1250:GASOHOL 90 PLUS ,,,,,,,,11750.0,25/09/2018,INDEFINIDO,EMMA NINFA SANCHEZ YUPANQUI,240,-11.7829522,-75.48419249999999
611,201700123254,36832,36832-050-040817,20100625513,VAL TRADING S.A.C.,AV. SEBASTIAN LORENTE N° 698,LIMA,LIMA,LIMA,ESTACIONES DE SERVICIOS,C1:6000:Diesel B5 S-50 ,C1:10300:GASOHOL 90 PLUS ,C1:4000:GASOHOL 97 PLUS ,C1:6000:GASOHOL 95 PLUS ,C1:5200:SIN PRODUCTO ,,,,,,31500.0,4/08/2017,INDEFINIDO,TEDDY FRANCISCO CARDENAS CORDOVA,0,-12.0494284,-77.0129401
612,202000013834,140703,140703-050-270120,20603691955,ESTACION DE SERVICIOS PETRO MAPI S.A.C.,"SECTOR ÑAHUIPUJIO, COMUNIDAD CAMPESINA DE CHOQUEPATA",CUSCO,QUISPICANCHI,OROPESA,ESTACIONES DE SERVICIOS,C1:7000:GASOHOL 90 PLUS ,C1:10000:Diesel B5 S-50 ,C1:5000:GASOHOL 90 PLUS C2:5000:GASOHOL 95 PLUS ,C1:10000:Diesel B5 S-50 ,C1:10000:Diesel B5 S-50 ,,,,,,47000.0,27/01/2020,INDEFINIDO,MAURO HOLGADO QUISPE ,0,-13.5894341,-71.7889374
613,201900164443,97126,97126-050-221019,10248851657,GUILLERMO QUISPE CRUZ,"LOTE N°8, MZ. M-1, PPJJ. ANTAPAMPA",CUSCO,ESPINAR,ESPINAR,PUESTO DE VENTA DE COMBUSTIBLE - GRIFOS,C1:6030:Diesel B5 S-50 ,C1:3015:GASOHOL 84 PLUS ,C1:2781:GASOHOL 95 PLUS ,C1:2781:GASOHOL 90 PLUS ,C1:2781:Diesel B5 S-50 ,,,,,,17388.0,22/10/2019,INDEFINIDO,GUILLERMO QUISPE CRUZ,0,-14.7911825,-71.4092491
614,201700223136,55926,55926-050-040118,20527481946,GRIFO SEÑOR DE CCOYLLORRITTI INVERSIONES ARMINTA E.I.R.L.,"KM. 86 + 600, CARRETERA SICUANI",CUSCO,CANCHIS,CHECACUPE,ESTACIONES DE SERVICIOS,C1:4000:Diesel B5 S-50 ,C1:4000:GASOHOL 84 PLUS ,C1:3321:GASOHOL 90 PLUS ,,,,,,,,11321.0,4/01/2018,INDEFINIDO,ARMINTA LIMA SEGUNDO,240,-14.0260541,-71.4544256
615,202200254574,94913,94913-050-191222,10406994134,SONIA MENDOZA QUISPE,ESQUINA DE AV. MIGUEL LAZON CON JR. DOS DE MAYO LOTE 12G MZ. C1 BARRIO DE CINCO ESQUINAS,AYACUCHO,HUANTA,HUANTA,ESTACIONES DE SERVICIOS,C1:4000:Diesel B5 S-50 ,C1:2000:GASOHOL 95 PLUS ,C1:2000:GASOHOL 90 PLUS ,,,,,,,,8000.0,19/12/2022,INDEFINIDO,SONIA MENDOZA QUISPE,0,-12.9439466,-74.2435679
616,202300004886,166589,166589-050-280223,20603624760,SERVICENTRO KEVIN EMPRESA INDIVIDUAL DE RESPONSABILIDAD LIMITADA,"CARRETERA FERNANDO BELAUNDE TERRY MZ. L, LOTE 03 – CENTRO POBLADO RIO UCHIZA",SAN MARTIN,TOCACHE,NUEVO PROGRESO,ESTACIONES DE SERVICIOS,C1:10000:Diesel B5 S-50 ,C1:2000:GASOHOL 97 PLUS C2:6000:GASOHOL 90 PLUS C3:2000:GASOHOL 95 PLUS ,,,,,,,,,20000.0,28/02/2023,INDEFINIDO,KEVIN ARNOLD JARA ROMERO,0,-8.4048987,-76.3177596
617,202200233134,165785,165785-050-181122,20609435535,ESTACION DE SERVICIO HAWAI COMBAPATA SOCIEDAD ANONIMA CERRADA,"PISTA PANAMERICANA SUR, LADO NOROESTE DE LA POBLACION DE COMBAPATA",CUSCO,CANCHIS,COMBAPATA,ESTACIONES DE SERVICIOS,C1:9255:Diesel B5 S-50 ,C1:9255:Diesel B5 S-50 ,C1:3165:GASOHOL 95 PLUS C2:6000:Diesel B5 S-50 ,C1:9255:GASOHOL 90 PLUS ,,,,,,,36930.0,18/11/2022,INDEFINIDO,TTITO QUISPE WILLY,0,-14.1007515,-71.42848169999999
618,201700128871,94831,94831-050-180817,20528408649,SERVICENTRO REQUENA S.A.C.,"ESQ. CALLE PADRE GINER MZ. 20, LOTE 19 Y 20A CON CALLE 9 DE OCTUBRE - AAHH REQUENA ETAPA I, ZONA A",LORETO,REQUENA,REQUENA,ESTACIONES DE SERVICIOS,C1:8452:GASOLINA 84 ,C1:6201:GASOLINA 84 ,C1:4467:DIESEL B5 ,C1:6212:GASOLINA 90 ,,,,,,,25332.0,18/08/2017,INDEFINIDO,MAURO PAREDES SANDOVAL,0,-5.0641652,-73.8507279
619,202000151426,40427,40427-050-101120,20510205376,ESTACION DE SERVICIOS PIAMONTE S.A.C.,CARRETERA PANAMERICANA NORTE KM. 753.9,LAMBAYEQUE,CHICLAYO,ETEN,ESTACIONES DE SERVICIOS,C1:3322:Diesel B5 S-50 ,C1:3391:GASOHOL 90 PLUS ,C1:3271:GASOHOL 95 PLUS ,C1:6641:Diesel B5 S-50 ,C1:6750:Diesel B5 S-50 ,C1:3246:Diesel B5 S-50 ,,,,,26621.0,10/11/2020,INDEFINIDO,"GREGGIO OCHOA, SANDRO",0,-7.838863,-79.1526054
620,202100064930,97217,97217-050-070621,20491647770,ESTACION DE GASOLINA JESUS DE NAZARETH S.R.L,"CARRETERA CIUDAD DE DIOS - CAJAMARCA KM. 126, CENTRO POBLADO SAN SEBASTIAN DE CHOROPAMPA ",CAJAMARCA,CAJAMARCA,MAGDALENA,PUESTO DE VENTA DE COMBUSTIBLE - GRIFOS,C1:2500:Diesel B5 S-50 ,C1:1500:GASOHOL 95 PLUS ,C1:1500:GASOHOL 90 PLUS ,,,,,,,,5500.0,7/06/2021,INDEFINIDO,GABRIEL LEYVA MARTINEZ,0,-7.2863903,-78.5753117
621,202000030110,148493,148493-050-260220,20603596227,JM LOGISTAS S.A.C.,AV. COMPAÑIA S/N - ANEXO COMPAÑIA,AYACUCHO,HUAMANGA,PACAYCASA,ESTACIONES DE SERVICIOS,C1:4000:Diesel B5 S-50 ,C1:3500:GASOHOL 90 PLUS ,C1:3000:GASOHOL 95 PLUS ,,,,,,,,10500.0,26/02/2020,INDEFINIDO,PERSI JANAMPA VALDIVIA,0,-13.0577861,-74.2164193
622,202000004515,112142,112142-050-130120,10013149769,ROY CARLOS PACOMPÍA FLORES,CALLE 3 DE MAYO ESQUINA CON CALLE 28 DE JULIO – ANEXO SECOCHA,AREQUIPA,CAMANA,MARIANO NICOLAS VALCARCEL,PUESTO DE VENTA DE COMBUSTIBLE - GRIFOS,C1:2400:Diesel B5 S-50 ,C1:2400:Diesel B5 S-50 ,C1:5000:Diesel B5 S-50 ,,,,,,,,9800.0,13/01/2020,INDEFINIDO,ROY CARLOS PACOMPÍA FLORES,480,-15.9800361,-73.172323
623,202200110408,113852,113852-050-150622,20609129981,ESTACION DE SERVICIOS FRONTERAS ABIERTAS S.A.C.,PARCELA 58 DEL PREDIO ANDABAMBA,HUANUCO,HUANUCO,PILLCO MARCA,ESTACIONES DE SERVICIOS,C1:5000:Diesel B5 S-50 ,C1:5000:GASOHOL 95 PLUS ,C1:5000:GASOHOL 90 PLUS ,C1:5000:Diesel B5 S-50 ,,,,,,,20000.0,15/06/2022,INDEFINIDO,ROXANA ZEVALLOS AVILA,0,-10.0096001,-76.24009939999999
624,202300103299,90450,90450-050-120523,20607722766,ESTACION DE SERVICIOS PETROGAS S.A.C,AV. TAMBURCO S/N SECTOR QUISCAPAMPA,APURIMAC,ABANCAY,ABANCAY,PUESTO DE VENTA DE COMBUSTIBLE - GRIFOS,C1:1300:GASOHOL PREMIUM ,C1:2600:GASOHOL REGULAR ,C1:7900:Diesel B5 S-50 ,,,,,,,,11800.0,12/05/2023,INDEFINIDO,QUINTANILLA VARGAS MIGUEL ,0,-13.6241226,-72.8742376
625,202200059890,38317,38317-050-210422,20602325831,ADELIT COMERCIALIZADORA Y SERVICIOS S.R.L.,CARRETERA ABANCAY - LIMA KM. 15 + 500,APURIMAC,ABANCAY,ABANCAY,ESTACIONES DE SERVICIOS,C1:5000:Diesel B5 S-50 C2:1200:GASOHOL 95 PLUS ,C1:2000:GASOHOL 90 PLUS ,C1:10000:Diesel B5 S-50 ,C1:10000:Diesel B5 S-50 ,C1:5000:GASOHOL 90 PLUS ,C1:5000:GASOHOL 95 PLUS ,C1:5000:GASOHOL 97 PLUS ,,,,43200.0,21/04/2022,INDEFINIDO,GOVEA VALENZUELA MARIO,0,-13.6391954,-72.8929
626,201800147784,21153,21153-050-060918,20449656319,GRIFO SAN MIGUELITO S.R.L,ESQ. AV. CUSCO - JR. FLORIDA S/N.,AYACUCHO,HUAMANGA,SAN JUAN BAUTISTA,ESTACIONES DE SERVICIOS,C1:6000:Diesel B5 S-50 ,C1:6000:Diesel B5 S-50 ,C1:1850:GASOHOL 95 PLUS ,C1:1850:GASOHOL 90 PLUS ,,,,,,,15700.0,6/09/2018,INDEFINIDO,MARLENE PILLACA GARAUNDO ,240,-13.1896354,-74.20032309999999
627,202200149626,158967,158967-050-120922,20523438523,JWENVERT EMPRESA DE TRANSPORTES SAC,PREDIO BENDITA MAGDALENA UC 04169,LIMA,CANTA,SANTA ROSA DE QUIVES,PUESTO DE VENTA DE COMBUSTIBLE - GRIFOS,C1:5000:Diesel B5 S-50 C2:1500:GASOHOL 90 PLUS C3:1500:GASOHOL 95 PLUS ,,,,,,,,,,8000.0,12/09/2022,INDEFINIDO,AVENCIO YOLY BERTO GONZALES,0,-11.6684084,-76.789553
628,202100175803,91118,91118-050-060921,20450700771,ESTACION DE SERVICIOS GRUPO A & T PERU SOCIEDAD ANONIMA CERRADA,CARRETERA CUSCO ABANCAY KM. 15 SECTOR RECREO VALLE CACHIMAYO ,CUSCO,ANTA,CACHIMAYO,ESTACIONES DE SERVICIOS,C1:10679:Diesel B5 S-50 ,C1:3194:GASOHOL 90 PLUS C2:2118:GASOHOL 90 PLUS ,C1:4100:GASOHOL 95 PLUS ,C1:4665:Diesel B5 S-50 ,,,,,,,24756.0,6/09/2021,INDEFINIDO,LUCIA KARINA ARCE TERRAZAS,0,-13.6391954,-72.8929
629,202100175805,93652,93652-050-190821,20526673132,PETROVICH - TAX E.I.R.L.,AV. PRINCIPAL S/N VILLA VICHAYAL,PIURA,PIURA,LA ARENA,PUESTO DE VENTA DE COMBUSTIBLE - GRIFOS,C1:3000:Diesel B5 S-50 ,C1:2000:GASOHOL 84 PLUS ,C1:2000:GASOHOL 90 PLUS ,,,,,,,,7000.0,19/08/2021,INDEFINIDO,JOSE LUIS MORALES COVEÑAS,720,-5.310101,-80.71688
630,202200237144,157873,157873-050-291122,10800352211,ENRIQUEZ HUACAÑA ESTHER,CARRETERA SAN ANTONIO - KINTIPIRI,AYACUCHO,LA MAR,ANCO,ESTACIONES DE SERVICIOS,C1:8000:Diesel B5 S-50 ,C1:8000:GASOHOL 90 PLUS ,C1:4000:GASOHOL 84 PLUS C2:4000:GASOHOL 95 PLUS ,,,,,,,,24000.0,29/11/2022,29/11/2023,ESTHER ENRIQUEZ HUACAÑA,0,-13.0567962,-73.6065223
631,202000041282,113681,113681-050-100320,20440412191,MOVIMART SOCIEDAD COMERCIAL DE RESPONSABILIDAD LIMITADA,"CARRETERA TRUJILLO-HUAMACHUCO, CACERIO LA ARENA-SECTOR LA PERDIZ N° 19",LA LIBERTAD,SANCHEZ CARRION,HUAMACHUCO,PUESTO DE VENTA DE COMBUSTIBLE - GRIFOS,C1:4000:Diesel B5 S-50 ,C1:1000:GASOHOL 95 PLUS C2:1000:GASOHOL 90 PLUS ,,,,,,,,,6000.0,10/03/2020,INDEFINIDO,SABINO BALTAZAR OTINIANO,240,-7.8205481,-78.0531875
632,201900148279,19990,19990-050-011019,20520831844,EUROMAXX S.A.C.,MZ. N LOTE 5 GRUPO 20 SECTOR 1 ESQ. CON AV. MICAELA BASTIDAS,LIMA,LIMA,VILLA EL SALVADOR,PUESTO DE VENTA DE COMBUSTIBLE - GRIFOS,C1:4000:GASOHOL 90 PLUS C2:2000:GASOHOL 95 PLUS ,C1:2000:GASOHOL 97 PLUS C2:4000:Diesel B5 S-50 ,,,,,,,,,12000.0,1/10/2019,INDEFINIDO,LUIS CESAR ENRIQUEZ VENTURA ,0,-12.2210817,-76.95079559999999
633,202200266980,164294,164294-050-241222,20610358803,GASOLINERA AVIACION E.I.R.L.,AA.HH. LA PAZ SECTOR ROCA FUERTE MZ. 12 LT. 12 (ESQUINA AV. AVIACION CON JR. LAS MARGARITAS),UCAYALI,CORONEL PORTILLO,MANANTAY,ESTACIONES DE SERVICIOS,C1:9200:DIESEL B5 ,C1:9200:GASOLINA 90 ,C1:4600:GASOLINA 90 C2:4600:GASOLINA 95 ,,,,,,,,27600.0,24/12/2022,INDEFINIDO,ESPINOZA RETIZ YOFRE,0,-8.4203332,-74.5488661
634,201800195148,138324,138324-050-271118,20602059767,M V COMBUSTIBLES S.A.C.,"CALLE LIBERTAD LOTE 1, AA.HH. LA INDEPENDENCIA",LORETO,ALTO AMAZONAS,YURIMAGUAS,ESTACIONES DE SERVICIOS,C1:2000:DIESEL B5 ,C1:2000:GASOLINA 84 ,C1:2000:GASOLINA 90 ,,,,,,,,6000.0,27/11/2018,INDEFINIDO,JUNIOR MILTON VASQUEZ MONTERO,0,-5.8955888,-76.1210658
635,202200000493,160634,160634-050-260422,20606508736,SERVICENTRO CACHICADAN E.I.R.L.,4.723% PREDIO LANGLABLAL UNIDAD CATASTRAL 015516 SECTOR ANGLAS CARRETERA SANTIAGO DE CHUCO-ANGASMARCA KM. 16+890 AV. TUPAC S/N BARRIO SAN MIGUEL,LA LIBERTAD,SANTIAGO DE CHUCO,CACHICADAN,ESTACIONES DE SERVICIOS,C1:3000:Diesel B5 S-50 ,C1:2500:GASOHOL 90 PLUS ,C1:2500:GASOHOL 95 PLUS ,,,,,,,,8000.0,26/04/2022,INDEFINIDO,EUGENIO OCAS MANTILLA,0,-8.0950783,-78.1460054
636,202200051584,94285,94285-050-180522,20608720449,GRIFO JUAN DE DIOS I.C.R. E.I.R.L.,"CARRETERA CASMA - QUILLO KM. 12, MZ. A LT. 1, CASERIO HUANCHUY, SECTOR PAREDON ",ANCASH,CASMA,BUENA VISTA ALTA,ESTACIONES DE SERVICIOS,C1:1500:Diesel B5 S-50 ,C1:1500:GASOHOL 95 PLUS ,C1:1500:GASOHOL 90 PLUS ,,,,,,,,4500.0,18/05/2022,INDEFINIDO,CRUZ SANTOS NAOMY XIOMARA,0,-9.3603652,-78.1521676
637,201900170390,60799,60799-050-291019,20164169759,EMPRESA DE TRANSPORTES SENOR DE LA MISERICORDIA S.A.,ESQUINA AVENIDA JULIAN ARCE LARRETA Y EL JR. CARLOS MANUEL COX,LA LIBERTAD,TRUJILLO,LAREDO,ESTACIONES DE SERVICIOS,C1:2650:Diesel B5 S-50 ,C1:1760:GASOHOL 95 PLUS ,C1:1760:GASOHOL 90 PLUS ,,,,,,,,6170.0,29/10/2019,INDEFINIDO,ANGEL ROSENDO BASILIO ESQUIVEL,0,-8.0867936,-78.959889
638,201800026802,19859,19859-050-210218,20456102418,GRIFO PARACAS E.I.R.L.,AV. SALAVERRY N° 100 QUEBRADA COSCOLLO,AREQUIPA,AREQUIPA,SOCABAYA,PUESTO DE VENTA DE COMBUSTIBLE - GRIFOS,C1:8000:DIESEL B5 ,C1:4000:GASOHOL 90 PLUS ,C1:2000:SIN PRODUCTO ,C1:2000:GASOHOL 95 PLUS ,,,,,,,16000.0,21/02/2018,INDEFINIDO,PILAR ROSY RAMOS RAMOS ,0,-16.4709454,-71.5288685
639,201600049290,9550,9550-050-250416,20493215974,GRIFO 28 DE JULIO E.I.R.L.,AV. 28 DE JULIO / INDEPENDENCIA,LORETO,MAYNAS,PUNCHANA,ESTACIONES DE SERVICIOS,C1:3500:DIESEL 2 ,C1:2500:GASOLINA 90 ,C1:3500:GASOLINA 84 ,,,,,,,,9500.0,25/04/2016,INDEFINIDO,JAVIER FERNANDO VELA RAMIREZ,0,-3.7276304,-73.2488933
640,202300024944,107683,107683-050-110423,20600918843,GRIFOS VERA E.I.R.L.,CARRETERA CAJABAMBA- HUAMACHUCO KM 1 SECTOR QUINGRAY CRUZ,CAJAMARCA,CAJABAMBA,CAJABAMBA,PUESTO DE VENTA DE COMBUSTIBLE - GRIFOS,C1:2741:Diesel B5 S-50 ,C1:655:GASOHOL PREMIUM C2:655:GASOHOL REGULAR ,,,,,,,,,4051.0,11/04/2023,INDEFINIDO,EUSEBIO CALIXTO VERA CARDENAS,720,-7.635635000000001,-78.0414357
641,202000030908,149278,149278-050-200220,10433040703,MARLENI HANCCO ESPIRILLA ,AV. TACNA ESQ. CON AV. AMERICA S/N,PUNO,SAN ROMAN,JULIACA,PUESTO DE VENTA DE COMBUSTIBLE - GRIFOS,C1:9000:Diesel B5 S-50 ,C1:1500:GASOHOL 84 PLUS C2:1500:GASOHOL 90 PLUS ,,,,,,,,,12000.0,20/02/2020,INDEFINIDO,MARLENI HANCCO ESPIRILLA ,0,-15.5109082,-70.1302288
642,202300011832,8572,8572-050-190423,20570831233,GRIFO SEÑOR DE LA BUENA ESPERANZA E.I.R.L.,AV. LOS MAESTROS N° 230,CAJAMARCA,SANTA CRUZ,SANTA CRUZ,ESTACIONES DE SERVICIOS,C1:5000:Diesel B5 S-50 ,C1:2500:GASOHOL REGULAR ,C1:2500:GASOHOL PREMIUM ,C1:1500:GASOHOL 84 PLUS ,,,,,,,11500.0,19/04/2023,INDEFINIDO,JESUS ROLANDO TICLLA FLORES,0,-6.6356823,-78.9401383
643,202000101894,145319,145319-050-140820,20601010047,MULTISERVICIOS LA COLINA E.I.R.L.,"SECTOR LA COLINA, TERRENO GRANJA G-168-A",AREQUIPA,CAYLLOMA,MAJES,PUESTO DE VENTA DE COMBUSTIBLE - GRIFOS,C1:2650:GASOHOL 90 PLUS ,C1:2650:GASOHOL 90 PLUS ,C1:2650:GASOHOL 95 PLUS ,C1:6000:Diesel B5 S-50 ,C1:6000:Diesel B5 S-50 ,,,,,,19950.0,14/08/2020,INDEFINIDO,AURELIO LORENZO HUARCA TACO,0,-16.3499293,-72.18553949999999
644,202200106999,161380,161380-050-050722,20602175899,MULTISERVICIOS & NEGOCIOS SHADAY E.I.R.L.,AV PERU S/N CENTRO POBLADO AMBATO-TAMBORAPA,CAJAMARCA,JAEN,BELLAVISTA,ESTACIONES DE SERVICIOS,C1:6000:Diesel B5 S-50 ,C1:3000:GASOHOL 90 PLUS C2:3000:GASOHOL 95 PLUS ,,,,,,,,,12000.0,5/07/2022,INDEFINIDO,OLGA SOLEDAD CAMPOS VILLALOBOS ,0,-5.4487017,-78.83330939999999
645,201600102298,86030,86030-050-220716,20517935361,ESTACION DE SERVICIOS YAOMA E.I.R.L.,"AV. 15 JULIO S/N. LOTES 10, 17 Y 18 ZONA K, PUEBLO JOVEN PROYECTO ESPECIAL HUAYCAN",LIMA,LIMA,ATE,ESTACIONES DE SERVICIOS,C1:1500:GASOHOL 90 PLUS ,C1:1500:GASOHOL 95 PLUS ,C1:2306:Diesel B5 S-50 ,,,,,,,,5306.0,22/07/2016,INDEFINIDO,EDITA ROJAS OCHOA,0,-12.0101123,-76.82781059999999
646,201800065039,19993,19993-050-040518,20509466735,GRIFO VALLE ALTO S.A.C.,"CALLE SAN MARTIN DE PORRAS N° 413 MZ. 191, LOTES 18 Y 1 ETAPA V, PP.JJ. JOSE CARLOS MARIATEGUI",LIMA,LIMA,VILLA MARIA DEL TRIUNFO,ESTACIONES DE SERVICIOS,C3:1004:GASOHOL 90 PLUS C1:1004:GASOHOL 90 PLUS C2:4006:Diesel B5 S-50 ,C1:6000:Diesel B5 S-50 ,,,,,,,,,12014.0,4/05/2018,INDEFINIDO,NOYLI CASTRO DE LA CRUZ,0,-12.1618816,-76.9499804
647,202300027609,133513,133513-050-150223,20601359015,ESTACIÓN DE SERVICIOS MIGUEL ANGEL EIRL,LADO NORTE DEL DISTRITO DE OLMOS - SECTOR EL PORVENIR - CARRETERA PANAMERICANA NORTE KM 125 +85 ,LAMBAYEQUE,LAMBAYEQUE,OLMOS,ESTACIONES DE SERVICIOS,C1:9000:Diesel B5 S-50 ,C1:3000:GASOHOL 90 PLUS ,C1:2000:GASOHOL 95 PLUS ,,,,,,,,14000.0,15/02/2023,INDEFINIDO,MIGUEL ANGEL VALLEJOS FERNANDEZ,0,-11.2996855,-77.4952619
648,202000111971,21187,21187-050-260820,20485194585,ESTACION DE SERVICIOS MILENIO E.I.R.L.,VIA PAMPAMARCA - YANAOCA S/N,CUSCO,CANAS,PAMPAMARCA,PUESTO DE VENTA DE COMBUSTIBLE - GRIFOS,C1:8000:Diesel B5 S-50 ,C1:1000:SIN PRODUCTO ,C1:4000:GASOHOL 90 PLUS ,,,,,,,,13000.0,26/08/2020,INDEFINIDO,PEDRO SALAS CCAPATINTA ,0,-14.1482672,-71.46008379999999
649,202200047295,161905,161905-050-140722,10293672178,FIDEL SERGIO VARGAS HUANCA,ASENTAMIENTO HUMANO ISIDORO BERROCAL CORONADO MZ W LOTE 01,AREQUIPA,CARAVELI,CARAVELI,PUESTO DE VENTA DE COMBUSTIBLE - GRIFOS,C1:4676:Diesel B5 S-50 ,C1:4676:Diesel B5 S-50 ,C1:3337:GASOHOL 90 PLUS ,C1:3337:GASOHOL 95 PLUS ,,,,,,,16026.0,14/07/2022,INDEFINIDO,FIDEL SERGIO VARGAS HUANCA,0,-15.7734675,-73.36714119999999
650,201800008308,7003,7003-050-180118,20127765279,COESTI S.A.,AV. PROLONGACION JAVIER PRADO ESTE N° 610 - URB. LA RIVIERA DE MONTERRICO,LIMA,LIMA,LA MOLINA,ESTACIONES DE SERVICIOS,C1:6000:GASOHOL 90 PLUS ,C1:6000:Diesel B5 S-50 ,C1:6000:GASOHOL 95 PLUS ,C1:6000:SIN PRODUCTO ,C1:6000:GASOHOL 97 PLUS C2:2000:SIN PRODUCTO ,C1:8000:Diesel B5 S-50 ,C1:4000:GASOHOL 95 PLUS C2:4000:GASOHOL 97 PLUS ,C1:4000:GASOHOL 90 PLUS C2:4000:GASOHOL 90 PLUS ,,,56000.0,18/01/2018,INDEFINIDO,CESAR DOMINGO CRUCES LIBERT,240,-12.0866494,-76.9951712
651,201800187275,14779,14779-050-141118,20519719224,SERVICIOS GENERALES MIRIAM S.R.L.,"PROMUVI II MANZANA A, LOTE 19, PAMPA INALAMBRICA",MOQUEGUA,ILO,ILO,PUESTO DE VENTA DE COMBUSTIBLE - GRIFOS,C1:3400:Diesel B5 S-50 ,C1:2800:GASOHOL 90 PLUS ,C1:1700:GASOHOL 95 PLUS ,C1:1700:GASOHOL 90 PLUS ,C1:1700:Diesel B5 S-50 ,,,,,,11300.0,14/11/2018,INDEFINIDO,SILVIA ELIZABETH TOLEDO DE DILL´ERVA ,0,-17.6481329,-71.3171162
652,202100015894,154185,154185-050-160321,20606716452,GRIFO VIRGEN DE ROSARIO SOCIEDAD COMERCIAL DE RESPOSABILIDAD LIMITADA,AV. VIRGEN DE ROSARIO SECTOR KCAHUALLANI PATA S/N,CUSCO,PAUCARTAMBO,HUANCARANI,PUESTO DE VENTA DE COMBUSTIBLE - GRIFOS,C1:7670:GASOHOL 90 PLUS C2:4160:Diesel B5 S-50 C3:3120:GASOHOL 95 PLUS ,C1:15190:Diesel B5 S-50 ,,,,,,,,,30140.0,16/03/2021,INDEFINIDO,ALEJO QUISPE LAURA,0,-13.5037024,-71.6548169
653,201900048143,15514,15514-050-090419,10065754113,ELIZABETH FELICIA ACUÑA VILA,AV. FAUSTINO SANCHEZ CARRION (MARGINAL S/N),PASCO,OXAPAMPA,VILLA RICA,PUESTO DE VENTA DE COMBUSTIBLE - GRIFOS,C1:3800:Diesel B5 S-50 ,C1:3000:GASOHOL 90 PLUS C2:1000:GASOHOL 84 PLUS C3:1000:SIN PRODUCTO ,,,,,,,,,8800.0,9/04/2019,INDEFINIDO,ELIZABETH FELICIA ACUÑA VILA,0,-10.741632,-75.274338
654,201600057246,112229,112229-050-010715,10417971268,DE LOS RIOS MAQUERA PASCUAL,AV. PROGRESO MZ. 74 LOTE 2 CENTRO POBLADO PUEBLO NUEVO CUARTA ETAPA ,ICA,CHINCHA,PUEBLO NUEVO,ESTACIONES DE SERVICIOS,C1:1500:Diesel B5 S-50 C2:1500:GASOHOL 84 PLUS ,C1:1500:GASOHOL 90 PLUS C2:1500:GASOHOL 95 PLUS ,,,,,,,,,6000.0,6/05/2016,INDEFINIDO,PASCUAL DE LOS RIOS MAQUERA,0,-13.4102096,-76.1283006
655,201500134578,91590,91590-050-091015,10048137569,CESAR AUGUSTO VILCA QUISPE ,SUB LOTE FRACCION B-3 SECTOR LA PASTORA ,MADRE DE DIOS,TAMBOPATA,TAMBOPATA,PUESTO DE VENTA DE COMBUSTIBLE - GRIFOS,C1:6600:Diesel B5 S-50 ,C1:6600:GASOLINA 84 ,C1:4000:GASOLINA 90 ,,,,,,,,17200.0,9/10/2015,INDEFINIDO,CESAR AUGUSTO VILCA QUISPE ,480,-12.8563839,-69.097023
656,202300063280,119978,119978-050-010523,20600079345,ESTACION DE SERVICIOS BINACIONAL E.I.R.L,AV. PANAMERICANA SUR N°244 URB. FORTALEZA PUCARA,PUNO,CHUCUITO,JULI,PUESTO DE VENTA DE COMBUSTIBLE - GRIFOS,C1:4000:GASOHOL REGULAR ,C1:1500:Diesel B5 S-50 C2:1000:GASOHOL PREMIUM ,,,,,,,,,6500.0,1/05/2023,INDEFINIDO,IRMA CHOQUEGONZA GOMEZ,0,-16.2142869,-69.4575979
657,201500134572,83889,83889-050-091015,10048137569,CESAR AUGUSTO VILCA QUISPE,AV. SANTO DOMINGO DE GUZMAN MZ. B LOTE 5 SANTO DOMINGO (ESQUINA CON CALLE EDUARDO ZAVALA ALTURA KM. 50),MADRE DE DIOS,TAMBOPATA,LABERINTO,PUESTO DE VENTA DE COMBUSTIBLE - GRIFOS,C1:5800:Diesel B5 S-50 ,C1:5100:GASOLINA 84 ,,,,,,,,,10900.0,9/10/2015,INDEFINIDO,CESAR AUGUSTO VILCA QUISPE,720,-12.7555279,-69.55679099999999
658,201900066808,99271,99271-050-250419,20502445805,WARI SERVICE S.A.C,AV. PANAMERICANA S/N. CENTRO POBLADO CHAMPACCOCHA,APURIMAC,ANDAHUAYLAS,SAN JERONIMO,ESTACIONES DE SERVICIOS,C1:8000:Diesel B5 S-50 ,C1:8000:Diesel B5 S-50 ,C1:5000:GASOHOL 90 PLUS ,C1:5000:GASOHOL 95 PLUS ,,,,,,,26000.0,25/04/2019,INDEFINIDO,RICHARD ARMANDO PALOMINO ORTIZ ,0,-13.6509465,-73.3635013
659,202100205909,43397,43397-050-121021,20494781353,SERVICIOS GENERALES FULL GRIFOS DEL PERU S.A.C.,CARRETERA NASCA – PUQUIO KM. 2.17,ICA,NAZCA,NAZCA,ESTACIONES DE SERVICIOS,C1:1200:GASOHOL 90 PLUS ,C1:1200:GASOHOL 90 PLUS ,C1:1200:Diesel B5 S-50 ,C1:2500:Diesel B5 S-50 ,C1:8000:Diesel B5 S-50 ,C1:3000:GASOHOL 90 PLUS ,C1:2000:GASOHOL 95 PLUS ,,,,19100.0,12/10/2021,INDEFINIDO,LORENZO MURIEL TTITO,240,-14.8295462,-74.8851856
660,202100200259,18384,18384-050-170921,10024304359,BRISEIDA CANO VILCA ,ESQUINA JIRON CAHUIDE Y AV. PANAMERICANA S/N.,PUNO,PUNO,PAUCARCOLLA,PUESTO DE VENTA DE COMBUSTIBLE - GRIFOS,C1:3000:Diesel B5 S-50 ,C1:4000:Diesel B5 S-50 ,C1:3000:GASOHOL 90 PLUS ,,,,,,,,10000.0,17/09/2021,INDEFINIDO,BRISEIDA CANO VILCA ,480,-15.823947,-70.030801
661,202200044195,160630,160630-050-100322,20605816305,EMPRESA MULTISERVICIOS GENERALES 777 EL MAGNATE E.I.R.L.,PREDIO SANTA ROSA II-SECTOR PORCÓN BAJO,CAJAMARCA,CAJAMARCA,CAJAMARCA,ESTACIONES DE SERVICIOS,C1:10000:Diesel B5 S-50 ,C1:10000:GASOHOL 90 PLUS ,C1:5000:Diesel B5 S-50 C2:5000:GASOHOL 95 PLUS ,,,,,,,,30000.0,10/03/2022,INDEFINIDO,JULIO ALBERTO NUÑEZ MIREZ,0,-7.089233699999999,-78.57903309999999
662,201900090614,14844,14844-050-060619,20533197265,JIMSAR E.I.R.L.,"MARGEN DERECHO CARRETERA COSTANERA KM 17 ASENTAMIENTO HUMANO 4 LOTE 52, VIA TACNA BOCA DEL RIO",TACNA,TACNA,LA YARADA LOS PALOS,PUESTO DE VENTA DE COMBUSTIBLE - GRIFOS,C1:4000:Diesel B5 S-50 ,C1:4000:GASOHOL 90 PLUS ,C1:2000:GASOHOL 95 PLUS ,,,,,,,,10000.0,6/06/2019,INDEFINIDO,JOSE LUIS JIMENEZ QUISPE,0,-18.1523575,-70.6803323
663,201800161187,8640,8640-050-051018,10239403226,RICHARD NUÑEZ ROLDAN ,URB. SURIHUAYLLA GRANDE MZ. LL S/N,CUSCO,CUSCO,SAN SEBASTIAN,PUESTO DE VENTA DE COMBUSTIBLE - GRIFOS,C1:5000:GASOHOL 90 PLUS ,C1:5000:Diesel B5 S-50 ,C1:3000:SIN PRODUCTO ,,,,,,,,13000.0,5/10/2018,INDEFINIDO,RICHARD NUÑEZ ROLDAN ,0,-13.5404334,-71.9409676
664,202200017865,83056,83056-050-290322,10239403226,RICHARD NUÑEZ ROLDAN ,CARRETERA CUSCO PARURO PREDIO ROCA TARPEYA S/N,CUSCO,CUSCO,SANTIAGO,PUESTO DE VENTA DE COMBUSTIBLE - GRIFOS,C1:1200:Diesel B5 S-50 ,C1:1200:GASOHOL 90 PLUS ,C1:1200:GASOHOL 90 PLUS ,,,,,,,,3600.0,29/03/2022,INDEFINIDO,RICHARD NUÑEZ ROLDAN ,0,-13.579249,-71.9875531
665,202000012310,21621,21621-050-310120,20452431760,GRIFO TAMBINITO S.R.L.,CARRETERA AYACUCHO - HUANTA KM. 4.4.,AYACUCHO,HUAMANGA,JESUS NAZARENO,ESTACIONES DE SERVICIOS,C1:2000:GASOHOL 97 PLUS ,C1:4000:GASOHOL 95 PLUS ,C1:4000:GASOHOL 90 PLUS ,C1:4000:Diesel B5 S-50 ,C1:12000:Diesel B5 S-50 ,C1:2000:GASOHOL 97 PLUS C2:3000:GASOHOL 95 PLUS C3:7000:GASOHOL 90 PLUS ,,,,,38000.0,31/01/2020,INDEFINIDO,DONATILDA PEÑA DE CARDENAS,0,-13.0387427,-74.1337286
666,202200194285,8662,8662-050-041022,20438447092,GRIFO'S PETROSELVA S.R.L.,AV MESONES MURO Nº 1015,CAJAMARCA,JAEN,JAEN,PUESTO DE VENTA DE COMBUSTIBLE - GRIFOS,C1:3000:GASOHOL 90 PLUS ,C1:3000:GASOHOL 84 PLUS ,C1:3000:GASOHOL 90 PLUS ,C1:3000:Diesel B5 S-50 ,,,,,,,12000.0,4/10/2022,INDEFINIDO,BERTHA PADILLA GONZALES,0,-5.7179531,-78.8017603
667,202100225234,15712,15712-050-011122,20603414986,ALGESER E.I.R.L.,"ESQUINA CALLES N° 1 Y N° 2, LOTES N° 1 Y 2, MZ A, URB. SAN JUAN",AREQUIPA,AREQUIPA,CERRO COLORADO,PUESTO DE VENTA DE COMBUSTIBLE - GRIFOS,C1:2500:GASOHOL 90 PLUS ,C1:2500:Diesel B5 S-50 ,C1:2500:GASOHOL 90 PLUS ,C1:900:GASOHOL 95 PLUS ,,,,,,,8400.0,1/11/2022,INDEFINIDO,HENRY EDWIN CONGONA CAMARGO,0,-16.3922391,-71.5651625
668,201200022735,95918,95918-050-220212,10238914120,AUGUSTA CCORIMANYA CANO,CALLE EL PUERTO S/N PARTE BAJA-PLOBADO BOCA COLORADO,MADRE DE DIOS,MANU,MADRE DE DIOS,PUESTO DE VENTA DE COMBUSTIBLE - GRIFOS,C1:5000:GASOLINA 84 ,C1:5000:DIESEL B5 ,C1:5000:DIESEL B5 ,,,,,,,,15000.0,22/02/2012,INDEFINIDO,AUGUSTA CCORIMANYA CANO,0,-12.6190296,-70.39347889999999
669,201800026862,14627,14627-050-200218,20602883982,AGAR INVERSIONES & SERVICIOS SAC,AV. MANUEL PRADO N° 816,LIMA,LIMA,CARABAYLLO,PUESTO DE VENTA DE COMBUSTIBLE - GRIFOS,C1:2300:Diesel B5 S-50 ,C1:2300:Diesel B5 S-50 ,C1:2300:GASOHOL 90 PLUS ,C1:2300:SIN PRODUCTO ,,,,,,,9200.0,20/02/2018,INDEFINIDO,GARCIA SARAVIA AILIN XIOMARA,0,-11.8779962,-77.0078576
670,202200212954,8694,8694-050-281222,20352931323,GRIFO TOBI EIRL,CALLE CHINCHAYSUYO Nº 190,LAMBAYEQUE,LAMBAYEQUE,MORROPE,ESTACIONES DE SERVICIOS,C1:6000:Diesel B5 S-50 ,C1:3000:GASOHOL 90 PLUS ,C1:3000:GASOHOL 84 PLUS ,C1:3000:GASOHOL 95 PLUS ,,,,,,,15000.0,28/12/2022,INDEFINIDO,MARILYN DEL PILAR MENDOZA GONZALEZ,0,-6.7847181,-79.834127
671,202200116094,128972,128972-050-110722,10025273589,FROILAN JAVIER CHAMBI SACACA ,PROLONGACION AV. 2 DE SEPTIEMBRE S/N,PUNO,SAN ANTONIO DE PUTINA,PUTINA,PUESTO DE VENTA DE COMBUSTIBLE - GRIFOS,C1:6586:Diesel B5 S-50 ,C1:6586:Diesel B5 S-50 ,C1:6586:Diesel B5 S-50 ,C1:2964:GASOHOL 90 PLUS ,C1:2964:GASOHOL 95 PLUS ,,,,,,25686.0,11/07/2022,INDEFINIDO,FROILAN JAVIER CHAMBI SACACA ,0,-14.91256,-69.874893
672,202200155347,16789,16789-050-250822,20127765279,COESTI S.A.,CARRETERA PANAMERICANA SUR KM. 957.8 CRUCE LA JOYA,AREQUIPA,AREQUIPA,LA JOYA,PUESTO DE VENTA DE COMBUSTIBLE - GRIFOS,C1:10000:Diesel B5 S-50 ,C1:2500:GASOHOL 90 PLUS ,C1:2500:GASOHOL 95 PLUS ,C1:2500:SIN PRODUCTO ,,,,,,,17500.0,25/08/2022,INDEFINIDO,CESAR DOMINGO CRUCES LIBERT,0,-16.4940099,-71.8411516
673,201300018053,100398,100398-050-180113,20450791394,CORPORACION COMERCIAL MANU SOCIEDAD ANONIMA CERRADA.,CARRETERA COLORADO-PUNKIRI CHICO KM. 33+560,MADRE DE DIOS,MANU,MADRE DE DIOS,PUESTO DE VENTA DE COMBUSTIBLE - GRIFOS,C1:5000:Diesel B5 S-50 ,C1:8200:Diesel B5 S-50 ,C1:8200:Diesel B5 S-50 ,C1:5000:GASOLINA 84 ,,,,,,,26400.0,18/01/2013,INDEFINIDO,BRAULIO SOTA SALCEDO ,0,-12.6573764,-70.328126
674,201300142614,105095,105095-050-210913,20542809478,SERVICENTRO PETRO GAS NUEVA E.I.R.L.,AV. INDEPENDENCIA S/N. POBLADO DE NUEVA,MADRE DE DIOS,MANU,HUEPETUHE,PUESTO DE VENTA DE COMBUSTIBLE - GRIFOS,C1:8500:Diesel B5 S-50 ,C1:8500:Diesel B5 S-50 ,C1:8500:Diesel B5 S-50 ,C1:3500:GASOLINA 84 ,,,,,,,29000.0,21/09/2013,INDEFINIDO,MAURO HOLGADO QUISPE,0,-13.0258926,-70.6692655
675,202200195781,82751,82751-050-061122,20602544002,COMPAÑIA OPERADORA DE LA SELVA S.A.,ESQUINA DE AV. SALVADOR ALLENDE CON AV. UNIÓN. MZ K. LT 13,UCAYALI,CORONEL PORTILLO,CALLERIA,ESTACIONES DE SERVICIOS,C1:5214:DIESEL B5 C2:2003:GASOLINA 90 C3:2003:GASOHOL 95 PLUS ,,,,,,,,,,9220.0,6/11/2022,INDEFINIDO,MARLY PATRICIA RENGIFO RIOS,720,-8.3786559,-74.55018280000002
676,202300063266,7954,7954-050-290323,20270382551,GRIFO SAN ANTONIO E.I.R.L.,AV. PEDRO RUIZ NRO. 605 INTERSECCIÓN CON AV. LUIS GONZALES,LAMBAYEQUE,CHICLAYO,CHICLAYO,ESTACIONES DE SERVICIOS,C1:3000:SIN PRODUCTO C2:3000:SIN PRODUCTO ,C1:6000:GASOHOL PREMIUM ,C1:6000:GASOHOL REGULAR ,C1:6000:Diesel B5 S-50 ,,,,,,,24000.0,29/03/2023,INDEFINIDO,LA TORRE ALARCON DAVID FRANCISCO,0,-6.7677786,-79.8419231
677,202000102918,9487,9487-050-120820,20527303410,PETROCENTRO GUEVARA E.I.R.L.,AV. MARISCAL CASTILLA S/N. Y CABO CONCHATUPAC,CUSCO,URUBAMBA,URUBAMBA,ESTACIONES DE SERVICIOS,C1:6680:Diesel B5 S-50 ,C1:4010:GASOHOL 84 PLUS ,C1:6680:GASOHOL 90 PLUS ,C1:4020:GASOHOL 97 PLUS ,C1:4020:GASOHOL 95 PLUS ,,,,,,25410.0,12/08/2020,INDEFINIDO,SERGIO GUEVARA VALDIVIA,480,-13.3047887,-72.1138397
678,201200137014,97529,97529-050-240712,10426050256,KATHERINE ANALLI MANCO ARIAS,"ANTIGUA CARRETERA PANAMERICANA SUR, ESQUINA CON CALLE 3, MZ. O, LOTE N° 1, ANEXO ROSARIO DE ASIA",LIMA,CAÑETE,ASIA,PUESTO DE VENTA DE COMBUSTIBLE - GRIFOS,C1:1500:GASOHOL 90 PLUS C2:2500:Diesel B5 S-50 ,,,,,,,,,,4000.0,24/07/2012,INDEFINIDO,KATHERINE ANALLI MANCO ARIAS,0,-12.7977676,-76.5693477
679,202200039326,7596,7596-050-300322,20527343802,GRIFO SAN MARTIN S.A.C.,AV. DE LA CULTURA N° 1620,CUSCO,CUSCO,WANCHAQ,ESTACIONES DE SERVICIOS,C1:4000:Diesel B5 S-50 ,C1:6000:GASOHOL 90 PLUS ,C1:3000:SIN PRODUCTO ,C1:6000:GASOHOL 95 PLUS ,C1:3000:GASOHOL 97 PLUS ,C1:5000:GASOHOL 90 PLUS ,,,,,27000.0,30/03/2022,INDEFINIDO,CESAR AUGUSTO FLOREZ GARCIA,0,-13.5253355,-71.9537577
680,201700053285,15715,15715-050-150417,20601610907,GRIFO KALIN E.I.R.L.,ESQ. AV. AMERICA SUR N° 895 Y JR. MARIANO MELGAR N° 411 URB. SANTO DOMINGUITO,LA LIBERTAD,TRUJILLO,TRUJILLO,PUESTO DE VENTA DE COMBUSTIBLE - GRIFOS,"C1:5068:DIESEL B5,Diesel B5 S-50 ","C1:2534:DIESEL B5,Diesel B5 S-50 ",C1:5068:GASOHOL 90 PLUS ,C1:2534:GASOHOL 95 PLUS ,,,,,,,15204.0,15/04/2017,INDEFINIDO,KARINA ARASELY AVILA DOMINGUEZ,720,-8.1091511,-79.01207769999999
681,202100216057,84706,84706-050-141021,20487831124,ESTACION DE SERVICIOS JAVIMARK S.A.C.,CARRETERA BAGUA - EL MILAGRO KM 2+854,AMAZONAS,BAGUA,BAGUA,ESTACIONES DE SERVICIOS,C1:2000:GASOLINA 90 ,C1:4000:GASOLINA 84 ,C1:4000:Diesel B5 S-50 ,,,,,,,,10000.0,14/10/2021,INDEFINIDO,JABIER JULON PÉREZ,0,-5.6378303,-78.55863240000001
682,202200071704,162461,162461-050-140722,10478569977,CAJUSOL TUÑOQUE JORGE NATIVIDAD,"CARRETERA MARAVILLA – LAS BANQUITAS – CASERIO SAN ISIDRO, SUB LOTE PARCELA N°12495 – PREDIO SASAPE – SECTOR SASAPE ",LAMBAYEQUE,LAMBAYEQUE,TUCUME,ESTACIONES DE SERVICIOS,C1:5000:Diesel B5 S-50 ,C1:2000:GASOHOL 84 PLUS C2:1500:GASOHOL 90 PLUS C3:1500:GASOHOL 95 PLUS ,,,,,,,,,10000.0,14/07/2022,INDEFINIDO,JORGE NATIVIDAD CAJUSOL TUÑOQUE,0,-6.6101,-79.9534
683,1407207,88445,88445-050-2010,10402740626,SOLORSANO PEÑA GOMEZ,JR. GARCILASO DE LA VEGA S/N MZ LOTE 2 SECTOR MONTERRICO ,MADRE DE DIOS,TAHUAMANU,IBERIA,PUESTO DE VENTA DE COMBUSTIBLE - GRIFOS,C1:5330:DIESEL B2 ,C1:5330:GASOLINA 84 ,,,,,,,,,10660.0,8/09/2010,INDEFINIDO,SOLORSANO PEÑA GOMEZ,0,-11.4042828,-69.4878891
684,202200267646,15231,15231-050-090123,10405233814,MARIA MAGDALENA TURPO CAMA,"AV. CHOQUEHUANCA S/N, BARRIO 1° DE MAYO",PUNO,AZANGARO,JOSE DOMINGO CHOQUEHUANCA,PUESTO DE VENTA DE COMBUSTIBLE - GRIFOS,C1:3000:GASOHOL 90 PLUS ,C1:3000:Diesel B5 S-50 ,,,,,,,,,6000.0,9/01/2023,INDEFINIDO,MARIA MAGDALENA TURPO CAMA,720,-15.0332125,-70.3378913
685,201600136679,8559,8559-050-270916,20480338066,GRIFO SAN FRANCISCO DE ASIS S.A.C.,CALLE DIEGO FERRE Nº 204 - 210,LAMBAYEQUE,LAMBAYEQUE,JAYANCA,PUESTO DE VENTA DE COMBUSTIBLE - GRIFOS,C1:3000:GASOHOL 84 PLUS ,C1:1500:GASOHOL 90 PLUS ,"C1:3000:DIESEL B5,Diesel B5 S-50 ",,,,,,,,7500.0,27/09/2016,INDEFINIDO,MARITZA RODRIGUEZ FIGUEROA,0,-6.396740299999999,-79.8228231
686,201700029900,14381,14381-050-070317,20485592556,SERVICENTRO SANTA MARTHA E.I.R.L.,AV. TAMBURCO N° 152,APURIMAC,ABANCAY,TAMBURCO,ESTACIONES DE SERVICIOS,C1:3000:Diesel B5 S-50 ,C1:2000:GASOHOL 90 PLUS ,,,,,,,,,5000.0,7/03/2017,INDEFINIDO,LUZ MARGOT ROJAS UTANI,0,-13.6239604,-72.8764853
687,202100093252,135944,135944-050-240621,10320218212,MORALES REAL ROBERTO MEDARDO,CARRETERA CENTRAL MZ G LT 1 CENTRO POBLADO MANCOS,ANCASH,YUNGAY,MANCOS,ESTACIONES DE SERVICIOS,C1:10000:Diesel B5 S-50 ,C1:3000:GASOHOL 95 PLUS C2:3000:GASOHOL 90 PLUS ,,,,,,,,,16000.0,24/06/2021,INDEFINIDO,ROBERTO MEDARDO MORALES REAL,720,-9.1912509,-77.7133326
688,202200211304,8899,8899-050-241022,20601152291,BENICORP S.A.C.,EX. CARRETERA PANAMERICANA NORTE KM. 874,LAMBAYEQUE,LAMBAYEQUE,OLMOS,ESTACIONES DE SERVICIOS,C1:4000:Diesel B5 S-50 ,C1:4000:GASOHOL 84 PLUS ,C1:2000:GASOHOL 90 PLUS ,C1:6000:Diesel B5 S-50 ,,,,,,,16000.0,24/10/2022,INDEFINIDO,JULIA NOELINA OLAZABAL CHUMAN,480,-6.2745182,-80.3238613
689,202100258720,120515,120515-050-190422,20566449383,PETROANDES DEL NORTE S.A.C,"AV. 3 CON AV. APOLINARIO SALCEDO Y CON CALLE 7, MZ K LOTE 08, SECTOR 25 SAN BORJA",LAMBAYEQUE,CHICLAYO,POMALCA,ESTACIONES DE SERVICIOS,C1:4000:Diesel B5 S-50 ,C1:1500:GASOHOL 90 PLUS ,C1:1500:GASOHOL 84 PLUS ,C1:1000:Diesel B5 S-50 ,C1:8000:Diesel B5 S-50 ,,,,,,16000.0,19/04/2022,INDEFINIDO,JUANA LUZ RUIZ DE LEON,0,-6.7044468,-79.9042472
690,201900103179,112279,112279-050-010719,20570754905,ESTACION DE SERVICIO EL PROFE S.R.L,AV VICTOR RAUL HAYA DE LA TORRE N° 1751 PAMPA GRANDE,CAJAMARCA,CAJABAMBA,CAJABAMBA,ESTACIONES DE SERVICIOS,C1:4002:GASOHOL 84 PLUS ,C1:4002:GASOHOL 90 PLUS ,C1:9275:Diesel B5 S-50 ,,,,,,,,17279.0,1/07/2019,INDEFINIDO,HERMAN KERLAY CASTAÑEDA IBAÑEZ,0,-7.6141929,-78.061082
691,202200163174,155476,155476-050-181222,10318204409,PAJUELO VILLARREAL DENNY WUILDER,"CARRETERA LLAMELLIN - CHINGAS, BARRIO CANCANAN",ANCASH,ANTONIO RAYMONDI,LLAMELLIN,ESTACIONES DE SERVICIOS,C1:3000:Diesel B5 S-50 ,C1:1500:GASOHOL 90 PLUS ,C1:1500:GASOHOL 95 PLUS ,,,,,,,,6000.0,18/12/2022,INDEFINIDO,PAJUELO VILLARREAL DENNY WUILDER,0,-9.0694198,-77.0173242
692,202300047588,35325,35325-050-120423,10328776320,JUANA GLADYS LOPEZ DE MILLA,"PARCELA 10250 D,E,F, EL SOCORRO",ANCASH,SANTA,MORO,ESTACIONES DE SERVICIOS,C1:3292:Diesel B5 S-50 C2:3440:Diesel B5 S-50 ,C1:5457:GASOHOL REGULAR C2:1078:GASOHOL PREMIUM ,,,,,,,,,13267.0,12/04/2023,INDEFINIDO,JUANA GLADYS LOPEZ DE MILLA,0,-9.138228699999999,-78.1835179
693,202100014376,61706,61706-050-280121,20525769381,GRIFO Y SERVICIOS SEMINARIO S.R.L.,CARRETERA PIURA - SECHURA KM 20 CENTRO POBLADO LAS MALVINAS,PIURA,PIURA,LA ARENA,PUESTO DE VENTA DE COMBUSTIBLE - GRIFOS,C1:4000:GASOHOL 90 PLUS ,C1:4000:Diesel B5 S-50 ,C1:1120:GASOHOL 90 PLUS ,,,,,,,,9120.0,28/01/2021,INDEFINIDO,SEMINARIO SILVA VICENTE,720,-5.5622396,-80.8187744
694,202100216064,94861,94861-050-161021,20479611654,ESTACIÓN DE SERVICIOS SEÑOR DE LA MONTAÑA E.I.R.L.,AV. CARRETERA MARGINAL KM 307 + 354 CASERIO SUYOBAMBA,AMAZONAS,BONGARA,JAZAN,ESTACIONES DE SERVICIOS,C1:3950:Diesel B5 S-50 ,C1:1975:GASOLINA 95 C2:1975:GASOLINA 90 ,,,,,,,,,7900.0,16/10/2021,INDEFINIDO,JORGE LUIS ARCE REQUEJO,0,-5.9417512,-77.9737766
695,202200265492,148549,148549-050-291222,20603053142,SERVICENTRO FIGUEROA S.A.C.,PREDIO QUISTO-PARCELA N° Q5-05 (VIA PICHARI PUERTO ENE),CUSCO,LA CONVENCION,PICHARI,ESTACIONES DE SERVICIOS,C1:9000:Diesel B5 S-50 ,C1:9000:GASOHOL 90 PLUS ,C1:9000:GASOHOL 95 PLUS ,,,,,,,,27000.0,29/12/2022,29/12/2023,EDUNIA FIGUEROA DURAND ,0,-12.2268315,-73.9959579
696,201600102225,18430,18430-050-180716,20408125040,FIDEL S.A.C.,AV. FRANCISCO VIDAL Nº 155 (EX CARRETERA PANAMERICANA NORTE KM. 187.60),LIMA,BARRANCA,SUPE,PUESTO DE VENTA DE COMBUSTIBLE - GRIFOS,C1:4000:Diesel B5 S-50 ,C1:4000:GASOHOL 90 PLUS ,,,,,,,,,8000.0,18/07/2016,INDEFINIDO,PEDRO EDUARDO ABRILES ARENAS,0,-10.7471499,-77.7627301
697,202100043162,97933,97933-050-310321,20602082700,ESTACION DE SERVICIOS D & L E.I.R.L.,ESQ. JR. AUGUSTO B. LEGUIA CON JR. MARISCAL CACERES,SAN MARTIN,BELLAVISTA,BELLAVISTA,ESTACIONES DE SERVICIOS,C1:5323:Diesel B5 S-50 ,C1:3326:GASOLINA 84 C2:3326:GASOLINA 95 ,C1:5323:GASOLINA 90 ,,,,,,,,17298.0,31/03/2021,INDEFINIDO,ALFREDO DARWIN IBAÑEZ RUIZ,0,-7.0534572,-76.5892774
698,202300095399,115985,115985-050-150523,20228985237,ESTACION DE SERVICIOS SAN JOSE ESPINAR-CUSCO S.R.L.,MARGEN DERECHA DE LA CARRETERA AREQUIPA-JULIACA KM 16.7 Y KM 166 MZ H-LOTE 1-2,AREQUIPA,CAYLLOMA,SAN ANTONIO DE CHUCA,ESTACIONES DE SERVICIOS,C1:10000:Diesel B5 S-50 ,C1:10000:Diesel B5 S-50 ,C1:5000:GASOHOL REGULAR ,C1:3000:GASOHOL PREMIUM C2:2000:GASOHOL PREMIUM ,,,,,,,30000.0,15/05/2023,INDEFINIDO,LUIS ALBERTO PEZO HUAYLLA,0,-15.9298168,-71.10588469999999
699,202300022018,6771,6771-050-240223,20127765279,COESTI S.A.,"JR. ARIAS SCHEREIBER N° 124, ESQ. JOSE SABOGAL",LIMA,LIMA,MIRAFLORES,ESTACIONES DE SERVICIOS,C1:2000:Diesel B5 S-50 ,C1:4000:GASOHOL PREMIUM ,C1:6000:GASOHOL PREMIUM ,C1:6000:GASOHOL REGULAR ,,,,,,,18000.0,24/02/2023,INDEFINIDO,ABRAHAM HUGO CALDERON MAVILA,0,-12.1209725,-77.0109326
700,202300065856,111558,111558-050-170423,20559329305,GRIFO CHAUCA LA PLANCHADA E.I.R.L.,"CENTRO POBLADO LA PLANCHADA, ZONA A, MZ I1, LOTE 03",AREQUIPA,CAMANA,OCONA,ESTACIONES DE SERVICIOS,C1:4670:Diesel B5 S-50 ,C1:4670:GASOHOL REGULAR ,C1:1180:GASOHOL PREMIUM ,,,,,,,,10520.0,17/04/2023,INDEFINIDO,PERCY ADRIAN CHAUCA DAVALOS,0,-16.4418484,-73.1072987
701,202000130646,7846,7846-050-280920,20115122917,GRIFO PETRO SUR E.I.R.L,KM. 4 CARRETERA JULIACA-HUANCANE,PUNO,SAN ROMAN,JULIACA,PUESTO DE VENTA DE COMBUSTIBLE - GRIFOS,C1:4000:GASOHOL 90 PLUS ,C1:5000:Diesel B5 S-50 ,C1:4000:Diesel B5 S-50 ,C1:2000:Diesel B5 S-50 ,C1:2000:GASOHOL 95 PLUS ,C1:1000:GASOHOL 84 PLUS ,,,,,18000.0,28/09/2020,INDEFINIDO,PABLO MAURO HUAMANI ANCO,0,-15.5066438,-70.1169401
702,202200275575,105057,105057-050-300123,20603823363,SERVICENTRO PUERTO INCA S.A.C.,"CARRETERA FERNANDO BELAUNDE TERRY S/N Y JR JOSE SAN MARTIN MZ C LT 1,2,3,4 C.P. SUNGARO",HUANUCO,PUERTO INCA,PUERTO INCA,ESTACIONES DE SERVICIOS,C1:6600:Diesel B5 S-50 ,C1:6600:Diesel B5 S-50 ,C1:6600:GASOHOL 90 PLUS ,C1:6600:GASOHOL 95 PLUS ,,,,,,,26400.0,30/01/2023,30/01/2024,THALES EDINSON DIAZ CHAMPA,720,-9.3704447,-75.0340992
703,201900192677,21186,21186-050-221119,20450702804,GRIFO SAN ISIDRO DE HUANCA E.I.R.L,"AV. HERMANOS AYAR LOTE F-1-B, PP.JJ. BARRIO DE DIOS",CUSCO,CUSCO,SANTIAGO,PUESTO DE VENTA DE COMBUSTIBLE - GRIFOS,C1:4000:GASOHOL 90 PLUS ,C1:4000:Diesel B5 S-50 ,C1:1600:GASOHOL 95 PLUS ,C1:7880:Diesel B5 S-50 ,C1:7880:GASOHOL 90 PLUS ,,,,,,25360.0,22/11/2019,INDEFINIDO,MARY YANINA VALDIVIA GUZMAN,0,-13.5185901,-71.990739
704,202200175641,146353,146353-050-220922,20605878301,ESTACION DE SERVICIOS MVA E.I.R.L.,CARRETERA CHICLAYO - CHONGOYAPE KM 40+200 SECTOR LA CRIA ,LAMBAYEQUE,CHICLAYO,PATAPO,PUESTO DE VENTA DE COMBUSTIBLE - GRIFOS,C1:4000:Diesel B5 S-50 ,C1:2500:GASOHOL 84 PLUS C2:1500:GASOHOL 90 PLUS ,,,,,,,,,8000.0,22/09/2022,INDEFINIDO,MEDINA VASQUEZ CESAR ALEJANDRO,240,-6.6237649,-79.3803963
705,202000036293,137397,137397-050-180320,20604758883,SERVICENTRO DELUSA S.A.C.,"PARCELA 04592 KM. 6.3, CARRETERA CASMA-HUARAZ, VALLE SECHIN, PREDIO TAJO ABIERTO, SECTOR HUANCAMUÑA",ANCASH,CASMA,BUENA VISTA ALTA,ESTACIONES DE SERVICIOS,C1:6500:Diesel B5 S-50 ,C1:2600:GASOHOL 90 PLUS ,C1:1300:GASOHOL 95 PLUS ,C1:1300:GASOHOL 98 PLUS ,,,,,,,11700.0,18/03/2020,INDEFINIDO,JHOSEPT AMADO PEREZ MIMBELA,0,-9.529453799999999,-77.5291577
706,201700051951,18539,18539-050-180417,20503840121,REPSOL COMERCIAL S.A.C.,AV. BOLOGNESI N° 904,AREQUIPA,AREQUIPA,CAYMA,ESTACIONES DE SERVICIOS,C1:4000:GASOHOL 90 PLUS C2:4000:GASOHOL 95 PLUS ,C1:4000:GASOHOL 98 PLUS ,C1:4000:Diesel B5 S-50 ,,,,,,,,16000.0,18/04/2017,INDEFINIDO,VICTOR GONZALO CASTILLO OVIEDO,0,-16.3710485,-71.544236
707,201700155675,132027,132027-050-021017,10453634031,BEQUER CAHUANA BELLIDO,AV. VALLE GRANDE S/N MZ B. LOTES 27 Y 28. PUEBLO DE MASSIAPO,PUNO,SANDIA,ALTO INAMBARI,PUESTO DE VENTA DE COMBUSTIBLE - GRIFOS,C1:5393:Diesel B5 S-50 ,C1:1798:GASOHOL 90 PLUS ,C1:1798:GASOHOL 84 PLUS ,,,,,,,,8989.0,2/10/2017,INDEFINIDO,BEQUER CAHUANA BELLIDO,0,-14.0905409,-69.2423084
708,202000116804,7068,7068-050-160920,20606227451,MUNDO PETROL S.A.C.,CARRETERA PANAMERICANA NORTE KM. 604,LA LIBERTAD,ASCOPE,CHOCOPE,ESTACIONES DE SERVICIOS,C1:4000:SIN PRODUCTO ,C1:4000:Diesel B5 S-50 C2:4000:Diesel B5 S-50 C3:4000:GASOHOL 90 PLUS ,C1:4000:GASOHOL 84 PLUS ,,,,,,,,20000.0,16/09/2020,INDEFINIDO,MAYRA LISBETH GALARRETA LOPEZ,0,-7.838863,-79.1526054
709,202200195760,133007,133007-050-241122,20602544002,COMPAÑIA OPERADORA DE LA SELVA S.A.,AV. YARINACOCHA ESQ. PROLONG. TUPAC AMARU MZ. 185 A LT. 36-37,UCAYALI,CORONEL PORTILLO,YARINACOCHA,ESTACIONES DE SERVICIOS,C1:3000:GASOHOL 95 PLUS C2:3000:DIESEL B5 ,C1:6000:GASOLINA 90 ,C1:6000:Diesel B5 S-50 ,C1:6000:Diesel B5 S-50 ,,,,,,,24000.0,24/11/2022,INDEFINIDO,MARLY PATRICIA RENGIFO RIOS,0,-8.3631138,-74.5676809
710,202200003151,137814,137814-050-310122,10032081491,CAMPOS JULCA ARSENIA,CASERÍO SEGUNDA S/N - ANEXO CHORRO SUCIO “EL CAFETAL” - CARRETERA SAPALACHE - HUANCABAMBA,PIURA,HUANCABAMBA,HUANCABAMBA,PUESTO DE VENTA DE COMBUSTIBLE - GRIFOS,C1:4000:Diesel B5 S-50 ,C1:2000:GASOHOL 90 PLUS ,C1:2000:GASOHOL 90 PLUS ,,,,,,,,8000.0,31/01/2022,INDEFINIDO,CAMPOS JULCA ARSENIA,0,-5.2437484,-79.453259
711,201900033297,40506,40506-050-091220,20602270751,MARCANIC S.A.C.,JR JOSE SANTOS CHOCANO Nº 300 JR MARIANO MELGAR Y CESAR VALLEJO - URB SIMON BOLIVAR,AYACUCHO,HUAMANGA,JESUS NAZARENO,PUESTO DE VENTA DE COMBUSTIBLE - GRIFOS,C1:6695:Diesel B5 S-50 ,C1:6695:GASOHOL 90 PLUS ,C1:3000:GASOHOL 95 PLUS ,,,,,,,,16390.0,9/12/2020,INDEFINIDO,IRIS ARCENIA DIAZ VILA,0,-13.1566428,-74.2187244
712,202000013094,141535,141535-050-230120,20605768742,DISTRIBUCIONES GRIFO SEÑOR DE HUANCA F & ML SOCIEDAD COMERCIAL DE RESPONSABILIDAD LIMITADA,CARRETERA AYAVIRI - CUSCO KM. 1200+400,PUNO,MELGAR,UMACHIRI,PUESTO DE VENTA DE COMBUSTIBLE - GRIFOS,C1:2600:GASOHOL 84 PLUS ,C1:3950:Diesel B5 S-50 ,,,,,,,,,6550.0,23/01/2020,INDEFINIDO,GLADYS NAYHUA SUNI ,0,-14.8845391,-70.592575
713,202200162536,137398,137398-050-281222,20600382641,ESTACION DE SERVICIOS MARVISALINAS S.A.C.,CARRETERA HUAMACHUCO - EL PALLAR SECTOR LAS PAVAS CASERIO YANAC I,LA LIBERTAD,SANCHEZ CARRION,HUAMACHUCO,ESTACIONES DE SERVICIOS,C1:6000:Diesel B5 S-50 ,C1:6000:Diesel B5 S-50 ,C1:3000:GASOHOL 90 PLUS ,C1:3000:GASOHOL 95 PLUS ,C1:10000:Diesel B5 S-50 ,C1:5000:GASOHOL 90 PLUS ,,,,,33000.0,28/12/2022,INDEFINIDO,VICTOR ELI SALINAS BRICEÑO ,0,-7.796260699999999,-77.9183372
714,202300022022,16709,16709-050-080223,20127765279,COESTI S.A.,PARQUE INDUSTRIAL LOTE A-20,CUSCO,CUSCO,WANCHAQ,ESTACIONES DE SERVICIOS,C1:8000:Diesel B5 S-50 ,C1:8000:Diesel B5 S-50 ,C1:3500:GASOHOL 90 PLUS C2:3500:Diesel B5 S-50 ,C1:1000:GASOHOL 90 PLUS ,,,,,,,24000.0,8/02/2023,INDEFINIDO,ABRAHAM HUGO CALDERON MAVILA,0,-13.5281501,-71.9521747
715,1499765,16617,16617-050-270911,20503840121,REPSOL COMERCIAL S.A.C.,AV. JOSE GÁLVEZ BARRENECHEA N° 1146 (ANTES AV. PRINCIPAL) ESQ. CON CALLE 32 URB. VILLA VICTORIA,LIMA,LIMA,SURQUILLO,ESTACIONES DE SERVICIOS,C1:5000:Diesel B5 S-50 ,C1:5000:GASOHOL 90 PLUS ,C1:3000:GASOHOL 95 PLUS ,C1:5000:GASOHOL 98 PLUS ,C1:5000:GASOHOL 95 PLUS ,,,,,,23000.0,27/09/2011,INDEFINIDO,TANI MARIE VALLES BENAVENTE,0,-12.1075178,-77.01078989999999
716,202200237119,33311,33311-050-201122,10800174835,MUÑOZ EYZAGUIRRE GALIA AYDEE,AV. AURELIO GUEVARA S/N. C.P.M. ROSARIO,AYACUCHO,LA MAR,AYNA,PUESTO DE VENTA DE COMBUSTIBLE - GRIFOS,C1:2500:GASOHOL 90 PLUS ,C1:2500:Diesel B5 S-50 ,,,,,,,,,5000.0,20/11/2022,20/11/2023,MUÑOZ EYZAGUIRRE GALIA AYDEE,0,-12.5996096,-73.83039640000001
717,202100248541,20978,20978-050-101221,20479641723,COMBUSTIBLES EL CARMEN S.A.C.,AV. HIPOLITO UNANUE Nº 300,LAMBAYEQUE,CHICLAYO,CHICLAYO,PUESTO DE VENTA DE COMBUSTIBLE - GRIFOS,C1:2000:Diesel B5 S-50 ,C1:2600:SIN PRODUCTO ,C1:5000:Diesel B5 S-50 ,C1:3550:GASOHOL 95 PLUS ,C1:4000:GASOHOL 90 PLUS ,,,,,,17150.0,10/12/2021,INDEFINIDO,"BANCES CORONEL VDA. DE NUÑEZ, MONICA DEL PILAR",0,-6.7732516,-79.8296414
718,202000085291,140226,140226-050-200720,17165609956,FELIPE VALVERDE ALVITES,AV. 20 DE MAYO CON JR. SALADO,SAN MARTIN,EL DORADO,SAN JOSE DE SISA,PUESTO DE VENTA DE COMBUSTIBLE - GRIFOS,C1:4220:GASOLINA 84 ,C1:4220:GASOLINA 90 ,C1:4220:GASOLINA 90 ,C1:4220:Diesel B5 S-50 ,,,,,,,16880.0,20/07/2020,INDEFINIDO,FELIPE VALVERDE ALVITES,0,-6.591117,-76.7105632
719,202100201967,8905,8905-050-060622,20601597358,PETROLEUM LUBOR CARBURANTES E.I.R.L.,ANTIGUA PANAMERICANA NORTE KM. 791,LAMBAYEQUE,LAMBAYEQUE,MOCHUMI,PUESTO DE VENTA DE COMBUSTIBLE - GRIFOS,C1:8500:Diesel B5 S-50 ,C1:8500:SIN PRODUCTO ,C1:1500:GASOHOL 90 PLUS ,C1:1500:GASOHOL 84 PLUS ,C1:1500:GASOHOL 95 PLUS ,,,,,,21500.0,6/06/2022,INDEFINIDO,RIOJA BENAVIDES FRANCISCA PAOLA,720,-6.7112232,-79.9016744
720,202100149124,124290,124290-050-050721,20600994248,PETROVIDA E.I.R.L.,"AV. HUARMIACU, CUADRA 01",AMAZONAS,RODRIGUEZ DE MENDOZA,SAN NICOLAS,ESTACIONES DE SERVICIOS,C1:2500:GASOLINA 90 ,C1:1900:GASOLINA 84 ,C1:3000:Diesel B5 S-50 ,C1:2000:Diesel B5 S-50 ,C1:1500:GASOLINA 95 ,,,,,,10900.0,5/07/2021,INDEFINIDO,EVER PORTOCARRERO TAFUR,0,-6.3700208,-77.4357739
721,201700148237,122618,122618-050-180917,10069186233,BECSABETH ROSALIA VILCAPOMA VELAZCO DE FLORES,PARCELA 6 COOPERATIVA AGRARIA MARIA PARADO DE BELLIDO,LIMA,LIMA,CARABAYLLO,ESTACIONES DE SERVICIOS,C1:3381:Diesel B5 S-50 ,C1:1668:GASOHOL 90 PLUS ,C1:1668:GASOHOL 95 PLUS ,,,,,,,,6717.0,18/09/2017,INDEFINIDO,BECSABETH ROSALIA VILCAPOMA VELAZCO DE FLORES,0,-11.8993953,-77.0338032
722,202200092421,105467,105467-050-130622,20609316757,ESTACION DE SERVICIOS MEGA S.R.L.,"CARRETERA JULIACA - CUSCO KM. 17.000, PARCIALIDAD SARA",PUNO,LAMPA,CALAPUJA,PUESTO DE VENTA DE COMBUSTIBLE - GRIFOS,C1:1500:GASOHOL 90 PLUS ,C1:2500:Diesel B5 S-50 ,C1:1000:GASOHOL 95 PLUS ,,,,,,,,5000.0,13/06/2022,INDEFINIDO,TEJADA RUIZ CLAUDIA,0,-15.3136824,-70.2229286
723,202100149119,145245,145245-050-050721,20600994248,PETROVIDA E.I.R.L.,"CARRETERA CHACHAPOYAS-RODRIGUEZ DE MENDOZA, SECTOR RUMICHACHA",AMAZONAS,CHACHAPOYAS,CHACHAPOYAS,ESTACIONES DE SERVICIOS,C1:5500:Diesel B5 S-50 ,C1:3500:GASOLINA 90 C2:2000:GASOLINA 95 ,C1:1500:GASOLINA 97 ,,,,,,,,12500.0,31/07/2021,INDEFINIDO,EVER PORTOCARRERO TAFUR,0,-6.22602,-77.8571984
724,202200195771,8996,8996-050-061122,20602544002,COMPAÑIA OPERADORA DE LA SELVA S.A.,AV. BELLAVISTA N° 290,UCAYALI,CORONEL PORTILLO,MANANTAY,ESTACIONES DE SERVICIOS,C1:3000:DIESEL B5 ,C1:4000:GASOLINA 90 ,C1:3000:DIESEL B5 ,C1:4000:GASOHOL 95 PLUS ,,,,,,,14000.0,6/11/2022,INDEFINIDO,MARLY PATRICIA RENGIFO RIOS,480,-8.3978436,-74.5365334
725,202300066110,167142,167142-050-280323,20610472673,GRIFOS FAGA EMPRESA INDIVIDUAL DE RESPONSABILIDAD LIMITADA,"AV. CIRCUNVALACIÓN NORTE N° 2300, 2306 Y 2310 ESQ. CON EL JIRON PARINACOCHAS N° 101, 105, 109 Y 123 URBANIZACIÓN AMPLIACIÓN JORGE CHAVEZ",PUNO,SAN ROMAN,JULIACA,PUESTO DE VENTA DE COMBUSTIBLE - GRIFOS,C1:5269:Diesel B5 S-50 ,C1:5269:GASOHOL 84 PLUS ,C1:5269:GASOHOL REGULAR ,C1:3951:GASOHOL PREMIUM ,,,,,,,19758.0,28/03/2023,INDEFINIDO,APAZA VALENCIA MARISOL ELSA,0,-15.4814199,-70.140748
726,202100151747,91472,91472-050-291021,10001819246,YOFRE ESPINOZA RETIZ,CARRETERA FEDERICO BASADRE KM. 85+500 CENTRO POBLADO MENOR ALEXANDER VON HUMBOLDT,UCAYALI,PADRE ABAD,ALEXANDER VON HUMBOLD,ESTACIONES DE SERVICIOS,C1:5268:DIESEL B5 ,C1:5268:DIESEL B5 ,C1:5268:GASOLINA 90 ,C1:5268:DIESEL B5 ,C1:9200:DIESEL B5 ,C1:9200:DIESEL B5 ,C1:4600:GASOLINA 90 C2:4600:GASOLINA 95 ,,,,48672.0,29/10/2021,INDEFINIDO,YOFRE ESPINOZA RETIZ,0,-8.8235187,-75.076654
727,202200267682,148063,148063-050-281222,20605430296,INVERSIONES GABELL S.A.C.,CARRETERA LECHEMAYO - CHUNGUI KM 02,AYACUCHO,LA MAR,ANCO,ESTACIONES DE SERVICIOS,C1:8000:Diesel B5 S-50 ,C1:4000:GASOHOL 90 PLUS C2:4000:GASOHOL 95 PLUS ,,,,,,,,,16000.0,28/12/2022,28/12/2023,MARGOTH GALVAN BELLIDO,0,-13.0093071,-73.5133973
728,201300106847,103620,103620-050-270613,10022849463,CESAR EMILIO MACEDO MAMANI,AV RAMON CASTILLA S/N,PUNO,SANDIA,CUYOCUYO,PUESTO DE VENTA DE COMBUSTIBLE - GRIFOS,C1:6585:Diesel B5 S-50 ,C1:6585:Diesel B5 S-50 ,C1:1710:GASOHOL 84 PLUS ,,,,,,,,14880.0,27/06/2013,INDEFINIDO,CESAR EMILIO MACEDO MAMANI,0,-14.4685517,-69.53668019999999
729,201900024701,64163,64163-050-140219,10307616454,ISABEL ORFA BUIZA MINAYA,ESQUINA AV. AREQUIPA S/N CON CALLE PIZARRO,AREQUIPA,CONDESUYOS,CHUQUIBAMBA,PUESTO DE VENTA DE COMBUSTIBLE - GRIFOS,C1:2991:GASOHOL 90 PLUS ,C1:3720:Diesel B5 S-50 ,C1:3720:Diesel B5 S-50 ,,,,,,,,10431.0,14/02/2019,INDEFINIDO,ISABEL ORFA BUIZA MINAYA,0,-16.1474124,-72.7570024
730,202200117183,117072,117072-050-150722,20541597574,VILKO HNOS S.A.C.,AV. LOS COLONOS N° 820,PASCO,OXAPAMPA,POZUZO,ESTACIONES DE SERVICIOS,C1:3000:Diesel B5 S-50 C2:3000:GASOHOL 95 PLUS C3:3000:GASOHOL 90 PLUS ,C1:5000:Diesel B5 S-50 C2:1000:GASOHOL 97 PLUS ,C1:4000:GASOHOL 90 PLUS C2:2000:GASOHOL 84 PLUS ,,,,,,,,21000.0,15/07/2022,INDEFINIDO,YOVANNI FRANCHESCO VILLAR KONIG,720,-10.0728467,-75.5506721
731,202300081521,131825,131825-050-150423,10714311323,DIANA CANDY BUSTAMANTE CABRERA,CALLE 28 DE JULIO Y AV SAN MARTIN,LAMBAYEQUE,LAMBAYEQUE,MOCHUMI,PUESTO DE VENTA DE COMBUSTIBLE - GRIFOS,C1:1632:Diesel B5 S-50 ,C1:1632:GASOLINA REGULAR ,C1:1632:GASOLINA PREMIUM ,,,,,,,,4896.0,15/04/2023,INDEFINIDO,DIANA CANDY BUSTAMANTE CABRERA,0,-6.7027357,-79.90767149999999
732,202200129601,140394,140394-050-140722,20603185294,HOS & ASOCIADOS S.A.C.,JR. LEONCIO PRADO MZ. 1 LT. 04 - BARRIO SAN JUAN DE CHORA,PASCO,DANIEL ALCIDES CARRION,SANTA ANA DE TUSI,PUESTO DE VENTA DE COMBUSTIBLE - GRIFOS,C1:4000:Diesel B5 S-50 C2:2000:GASOHOL 90 PLUS ,,,,,,,,,,6000.0,14/07/2022,INDEFINIDO,ANTONIO JHONY LLANOS VENTURA,0,-10.4794671,-76.3405733
733,201600131818,123790,123790-050-181016,20533744096,SJT LUCKY STAR E.I.R.L.,CARRETERA HUARAZ - RECUAY KM. 183 SECTOR COLLAHUASI,ANCASH,RECUAY,RECUAY,ESTACIONES DE SERVICIOS,"C1:6000:DIESEL B5,Diesel B5 S-50 ",C1:3000:GASOHOL 90 PLUS C2:1500:GASOHOL 95 PLUS C3:1500:GASOHOL 97 PLUS ,,,,,,,,,12000.0,18/10/2016,INDEFINIDO,FRENCH OMER VARGAS MAGUIÑA,0,-10.0916968,-77.2959977
734,202200247764,163700,163700-050-160123,20608554077,CONSTRUCTORA DE LA AMAZONIA HR E.I.R.L.,AV. DOS DE MAYO -FDO. LOS TRES HERMANITOS PARCELA 2A,UCAYALI,CORONEL PORTILLO,YARINACOCHA,PUESTO DE VENTA DE COMBUSTIBLE - GRIFOS,C1:3600:DIESEL B5 ,C1:3600:GASOLINA 90 ,C1:3600:GASOLINA 90 ,,,,,,,,10800.0,15/01/2023,INDEFINIDO,VARA PEREZ VICTOR,720,-8.3728374,-74.5989873
735,202200070619,18784,18784-050-170422,20448453180,GRIFO PETRONOR SOCIEDAD ANONIMA CERRADA,KM. 10.8 CARRETERA JULIACA - HUANCANE CRUCE DESVIO PUSI,PUNO,HUANCANE,PUSI,PUESTO DE VENTA DE COMBUSTIBLE - GRIFOS,C1:1900:GASOHOL 90 PLUS ,C1:3500:Diesel B5 S-50 ,,,,,,,,,5400.0,17/04/2022,INDEFINIDO,BLANCO VILCA PAUL JOSEPH ,0,-15.2022882,-69.7708133
736,202300060543,18500,18500-050-190423,20606700173,ESTACION DE SERVICIOS BYM S.A.C.,AV. CHAMPAGNAT N° 1022 A.H. SANTA ROSA,PIURA,SULLANA,SULLANA,ESTACIONES DE SERVICIOS,C1:4000:Diesel B5 S-50 ,C1:4000:GASOHOL 84 PLUS ,C1:2750:GASOHOL REGULAR ,C1:1800:GASOLINA PREMIUM ,,,,,,,12550.0,19/04/2023,INDEFINIDO,BISMARCK GERMAN RICALDE DIAZ ,0,-4.9077974,-80.69587229999999
737,1519788,8213,0003-GRIF-16-2002,20493368452,COMBUSTIBLES Y LUBRICANTES CESAR S.R.L.,PABLO ROSELL ESQ. CON AV. FREYRE,LORETO,MAYNAS,IQUITOS,PUESTO DE VENTA DE COMBUSTIBLE - GRIFOS,C1:3000:GASOLINA 90 ,C1:3000:SIN PRODUCTO ,C1:3000:DIESEL 2 ,C1:6000:GASOLINA 84 ,,,,,,,15000.0,7/01/2005,INDEFINIDO,"RIOS CARDENAS, CESAR",0,-3.733908,-73.2444462
738,201700162300,89355,89355-050-081117,10199444307,HUBERT ESPINOZA CARHUALLANQUI,"AV. SIMON BOLIVAR S/N, MZ. E1, LOTE 11",PASCO,PASCO,PAUCARTAMBO,ESTACIONES DE SERVICIOS,C1:4000:Diesel B5 S-50 ,C1:2000:GASOHOL 95 PLUS C2:2000:GASOHOL 90 PLUS ,C2:2000:Diesel B5 S-50 ,,,,,,,,10000.0,5/10/2017,INDEFINIDO,HUBERT ESPINOZA CARHUALLANQUI,300,-10.6631796,-76.2561661
739,202200240918,99256,99256-050-221122,10407312274,JAVIER ROBERTO TORRES CANTURIN,"CARRETERA MARGINAL S/N PANGOA-CUBANTIAS- SECTOR KIATARI-PAMPA TIGRE, VILLA MARIA II ETAPA",JUNIN,SATIPO,PANGOA,PUESTO DE VENTA DE COMBUSTIBLE - GRIFOS,C1:3000:Diesel B5 S-50 C2:3000:GASOHOL 90 PLUS C3:2000:GASOHOL 95 PLUS ,,,,,,,,,,8000.0,22/11/2022,28/09/2023,JAVIER ROBERTO TORRES CANTURIN,720,-11.45,-74.466667
740,202000053866,41469,41469-050-010520,20530141510,ESTACIONES DE SERVICIOS MERCE S.A.C.,AV. RAMON CASTILLA S/N,PIURA,HUANCABAMBA,HUANCABAMBA,ESTACIONES DE SERVICIOS,C1:2963:Diesel B5 S-50 ,C1:2963:GASOHOL 95 PLUS ,C1:1500:GASOHOL 84 PLUS ,C1:5000:Diesel B5 S-50 ,C1:5000:Diesel B5 S-50 ,C1:5000:GASOHOL 90 PLUS ,,,,,22426.0,1/05/2020,INDEFINIDO,TRANQUILINO CARRASCO SILVA,720,-5.2351584,-79.4521055
741,202000108537,8384,8384-050-260820,20272316750,GRUPO GRAN PODER S.A.C.,"AV. LOS INCAS N° 601, SEMI RURAL PACHACUTEC",AREQUIPA,AREQUIPA,CERRO COLORADO,PUESTO DE VENTA DE COMBUSTIBLE - GRIFOS,C1:6000:Diesel B5 S-50 ,C1:6000:Diesel B5 S-50 ,C1:5000:GASOHOL 90 PLUS ,C1:4000:GASOHOL 95 PLUS ,C1:2000:GASOHOL 84 PLUS ,,,,,,23000.0,26/08/2020,INDEFINIDO,SERGIO ANTONIO SILVA TAPIA,0,-16.3922048,-71.5698319
742,202300097677,141783,141783-050-270423,10024110791,CECILIA CONDORI MAMANI ,AV. JOSE SANTOS CHOCANO N° 203 ESQ. JR. AYAR AUCA S/N,PUNO,SAN ROMAN,JULIACA,PUESTO DE VENTA DE COMBUSTIBLE - GRIFOS,C1:2000:Diesel B5 S-50 ,C1:1500:GASOHOL REGULAR C2:1500:GASOHOL PREMIUM ,,,,,,,,,5000.0,27/04/2023,INDEFINIDO,CECILIA CONDORI MAMANI ,0,-15.4891089,-70.1626631
743,202300097674,14821,14821-050-270423,10024110791,CECILIA CONDORI MAMANI ,COMUNIDAD MUCRA PARCELA A-37 KM 11 CARRETERA JULACA - AYAVIRI,PUNO,LAMPA,CALAPUJA,PUESTO DE VENTA DE COMBUSTIBLE - GRIFOS,C1:4600:Diesel B5 S-50 ,C1:3500:GASOHOL PREMIUM ,C1:3500:GASOHOL REGULAR ,,,,,,,,11600.0,27/04/2023,INDEFINIDO,CECILIA CONDORI MAMANI ,0,-15.3136824,-70.2229286
744,201600189529,16748,16748-050-020117,20127765279,COESTI S.A.,AV. CASTILLA Nº 207,JUNIN,TARMA,TARMA,ESTACIONES DE SERVICIOS,C1:3900:Diesel B5 S-50 ,C1:3900:Diesel B5 S-50 ,C1:3900:GASOHOL 90 PLUS ,C1:3900:GASOHOL 95 PLUS ,,,,,,,15600.0,2/01/2017,INDEFINIDO,JORGE EDUARDO CARRASCO FIGUEROA,0,-11.4197388,-75.7062736
745,202000043461,7667,7667-050-050520,20600633903,SUCESION SANCHEZ SILVA BASILIO S.A.C. ,JR. AMAZONAS Nº 102,CAJAMARCA,CELENDIN,CELENDIN,ESTACIONES DE SERVICIOS,C1:3200:Diesel B5 S-50 ,C1:3200:GASOHOL 90 PLUS ,C1:3200:Diesel B5 S-50 ,C1:1500:GASOHOL 90 PLUS C2:1500:GASOHOL 90 PLUS C3:3000:Diesel B5 S-50 ,,,,,,,15600.0,5/05/2020,INDEFINIDO,MARIA ALVINA ALVA MUÑOS VDA. DE SANCHEZ ,0,-6.8712955,-78.1458648
746,201100164359,8766,8766-050-121211,20479989053,GRIFO LAS PIRAMIDES SAC,CALLE FEDERICO VILLARREAL N° 894,LAMBAYEQUE,LAMBAYEQUE,TUCUME,PUESTO DE VENTA DE COMBUSTIBLE - GRIFOS,C1:5000:DIESEL B5 ,C1:6000:GASOHOL 84 PLUS ,,,,,,,,,11000.0,12/12/2011,INDEFINIDO,MARIA CLAUDIA RENGIFO CABANILLAS,0,-6.7037266,-79.9095183
747,201400064818,16787,16787-050-310514,20328495474,JOSE CARLOS MEDINA VELASQUEZ S.A,JR. RICARDO PALMA Nº 340,PUNO,SAN ROMAN,JULIACA,PUESTO DE VENTA DE COMBUSTIBLE - GRIFOS,C1:4000:GASOHOL 84 PLUS ,C1:5200:GASOHOL 90 PLUS ,C1:5200:GASOHOL 84 PLUS ,C1:5200:Diesel B5 S-50 ,,,,,,,19600.0,30/05/2014,INDEFINIDO,BRUNO EMILIO CAMACHO ARCE,0,-15.4927286,-70.1391685
748,202000093549,124306,124306-050-090820,10156574592,GLADYS ISABEL AGUERO AMADO,AV. PERU S/N CARRETERA HUAURA SAYAN KM 21.5 CENTRO POBLADO MENOR DE HUMAYA,LIMA,HUAURA,HUAURA,ESTACIONES DE SERVICIOS,C1:4040:Diesel B5 S-50 ,C1:1040:GASOHOL 95 PLUS ,C1:2015:GASOHOL 90 PLUS ,,,,,,,,7095.0,9/08/2020,INDEFINIDO,GLADYS ISABEL AGUERO AMADO,0,-11.1001568,-77.4096784
749,202000057072,93494,93494-050-150520,10009315336,JAIME SANCHEZ NORIEGA,AV. SANTA ROSA CDRA. 06 - LAS PALMERAS,SAN MARTIN,EL DORADO,SAN JOSE DE SISA,PUESTO DE VENTA DE COMBUSTIBLE - GRIFOS,C1:3035:Diesel B5 S-50 ,C1:3035:GASOLINA 84 ,C1:3035:GASOLINA 90 ,,,,,,,,9105.0,15/05/2020,INDEFINIDO,JAIME SANCHEZ NORIEGA,0,-6.7109333,-76.5942805
750,202200162577,19911,19911-050-010922,20486571331,NEGOCIACIONES SAN JUANITO S.A.C.,CARRETRA CENTRAL KM. 81 - SECTOR MAQUINHUAYO,JUNIN,JAUJA,ATAURA,PUESTO DE VENTA DE COMBUSTIBLE - GRIFOS,C1:2000:GASOHOL 90 PLUS ,C1:2000:Diesel B5 S-50 ,C1:1000:GASOHOL 95 PLUS ,,,,,,,,5000.0,1/09/2022,INDEFINIDO,SELENY DEL PILAR RIVERA ROBLES,0,-11.7967026,-75.4486553
751,201700141076,6827,6827-050-050917,20504278892,GRIFO CENTRAL S.A.C.,AV. 28 DE JULIO N° 152,LIMA,CAÑETE,SAN LUIS,PUESTO DE VENTA DE COMBUSTIBLE - GRIFOS,C1:2000:GASOHOL 97 PLUS ,C1:4000:GASOHOL 90 PLUS ,C1:4000:Diesel B5 S-50 ,C1:2000:GASOHOL 95 PLUS ,C1:4000:Diesel B5 S-50 ,,,,,,16000.0,5/09/2017,INDEFINIDO,CARLOS RAUL RODRIGUEZ VARGAS,0,-13.0774563,-76.38615039999999
752,201900056559,16818,16818-050-080419,20448025978,GRIFO LUZ DE LOS ANDES E.I.R.L.,"AV. SIMON BOLIVAR S/N, SALIDA DE SANTA ROSA - AYAVIRI",PUNO,MELGAR,SANTA ROSA,PUESTO DE VENTA DE COMBUSTIBLE - GRIFOS,C1:3000:Diesel B5 S-50 ,C1:2000:GASOHOL 84 PLUS ,C1:1000:GASOHOL 90 PLUS ,,,,,,,,6000.0,8/04/2019,INDEFINIDO,DELIA LUZ DÍAZ ZÁRATE ,0,-14.6088558,-70.78718429999999
753,202300026557,166915,166915-050-060223,20608806033,INVERSIONES MEME E.I.R.L.,CALLE SAN ANTONIO S/N CDRA 2 SECTOR LA OTRA BANDA,LAMBAYEQUE,LAMBAYEQUE,MORROPE,PUESTO DE VENTA DE COMBUSTIBLE - GRIFOS,C1:4000:Diesel B5 S-50 ,C1:4000:GASOHOL 84 PLUS ,C1:4000:GASOHOL 90 PLUS ,,,,,,,,12000.0,6/02/2023,INDEFINIDO,MANUEL PORFIRIO PINEDO VASQUEZ,0,-6.5394966,-80.0136847
754,202200139131,146194,146194-050-260722,20604956944,ESTACION DE SERVICIOS VICTORIA II MANTARO E.I.R.L.,CARRETERA MARGINAL MANTARO - NATIVIDAD,CUSCO,LA CONVENCION,PICHARI,PUESTO DE VENTA DE COMBUSTIBLE - GRIFOS,C1:8000:GASOHOL 90 PLUS ,C1:3850:GASOHOL 95 PLUS C2:3850:GASOHOL 84 PLUS ,C1:8000:Diesel B5 S-50 ,,,,,,,,23700.0,26/07/2022,26/07/2023,EDILBERTO FLORIANO GOMEZ PALOMINO,0,-12.275363,-73.9525259
755,201900201372,55999,55999-050-101219,20605588795,ELIO SERVICE S.A.C.,CARRETERA FEDERICO BASADRE KM 8.118,UCAYALI,CORONEL PORTILLO,YARINACOCHA,ESTACIONES DE SERVICIOS,C1:4007:GASOLINA 90 C2:4007:GASOLINA 95 ,C1:8005:DIESEL B5 ,C1:8005:DIESEL B5 ,,,,,,,,24024.0,10/12/2019,INDEFINIDO,MARIA MARTHA COLQUEHUANCA COLQUEHUANCA,0,-8.3948687,-74.5912997
756,201800075382,95241,95241-050-100518,20455624500,SERVICENTRO EL PAMPACOLQUINO EIRL,"CENTRO POBLADO PAMPACOLCA MZ K, LOTE 3",AREQUIPA,CASTILLA,PAMPACOLCA,PUESTO DE VENTA DE COMBUSTIBLE - GRIFOS,C1:2689:Diesel B5 S-50 ,C1:1116:GASOHOL 90 PLUS C2:918:GASOHOL 95 PLUS ,,,,,,,,,4723.0,10/05/2018,INDEFINIDO,NATIVIDAD ELISA VALENCIA DE ARIAS,0,-15.7141349,-72.57224
757,201700003913,119818,119818-050-240217,20542095173,CONTRATISTA E INVERSIONES PUNTA OLIMPICA E.I.R.L.,CARR. CHACAS SAN LUIS KM. 89.74 ANEXO TUMA,ANCASH,ASUNCION,ACOCHACA,PUESTO DE VENTA DE COMBUSTIBLE - GRIFOS,C1:3070:Diesel B5 S-50 ,C1:1060:GASOHOL 90 PLUS C2:1060:GASOHOL 95 PLUS ,,,,,,,,,5190.0,24/02/2017,INDEFINIDO,JOSE HERNAN RAMIREZ DURAN,0,-9.1426164,-77.3612484
758,202200261766,166317,166317-050-170123,20604594465,SERVICENTRO TEPHO S.R.L.,"ASOCIACIÓN DE VIVIENDA PEQUEÑOS ARTESANOS AMAZONAS MZ. E, LOTE 8, ZONA “A”",AREQUIPA,AREQUIPA,CERRO COLORADO,ESTACIONES DE SERVICIOS,C1:5000:Diesel B5 S-50 ,C1:4000:GASOHOL 90 PLUS ,C1:2500:GASOHOL 90 PLUS ,C1:2500:GASOHOL 95 PLUS ,,,,,,,14000.0,17/01/2023,INDEFINIDO,MATILDE QUISPE UMASI,0,-16.3498034,-71.5573276
759,202100035183,8997,8997-050-140421,20453769071,SERVICENTRO PRIMAVERA S.R.L.,AV. PRIMAVERA N° 91,CAJAMARCA,SAN MARCOS,PEDRO GALVEZ,ESTACIONES DE SERVICIOS,C1:1500:GASOHOL 84 PLUS ,C1:3000:GASOHOL 90 PLUS ,C1:3000:GASOHOL 95 PLUS ,C1:8000:Diesel B5 S-50 ,,,,,,,15500.0,14/04/2021,INDEFINIDO,CELSO ALDO ABANTO SARMIENTO,0,-7.3457075,-78.1792434
760,202100215767,9128,9128-050-291121,10079640561,JAVIER PEDRO CASTRO ARROYO,AV. SAN PABLO N° 651 ESQ. CON CALLE PEDRO DE LA GASCA,LIMA,LIMA,LA VICTORIA,PUESTO DE VENTA DE COMBUSTIBLE - GRIFOS,C1:8000:Diesel B5 S-50 ,C1:6000:SIN PRODUCTO ,C1:4000:GASOHOL 84 PLUS ,C1:4000:GASOHOL 95 PLUS ,C1:2000:GASOHOL 90 PLUS ,,,,,,24000.0,29/11/2021,INDEFINIDO,JAVIER PEDRO CASTRO ARROYO,0,-12.0673152,-77.0092878
761,201600174273,7991,7991-050-280117,10458142845,JHON RONALD MACEDO TTITO,AV. MANCO CAPAC Nº 542,PUNO,MELGAR,AYAVIRI,PUESTO DE VENTA DE COMBUSTIBLE - GRIFOS,C1:4000:GASOHOL 84 PLUS ,C1:4000:Diesel B5 S-50 ,,,,,,,,,8000.0,28/01/2017,INDEFINIDO,JHON RONALD MACEDO TTITO,0,-14.8776232,-70.6010924
762,201800211434,134533,134533-050-271218,20564355730,RAMCES OPERADOR LOGISTICO S.A.C.,COMUNIDAD CAMPESINA COTATOCLLA PREDIO RUSTICO URACANCHA ,CUSCO,PAUCARTAMBO,COLQUEPATA,PUESTO DE VENTA DE COMBUSTIBLE - GRIFOS,C1:5300:Diesel B5 S-50 ,C1:5300:Diesel B5 S-50 ,C1:5300:GASOHOL 90 PLUS ,C1:3534:GASOHOL 90 PLUS ,,,,,,,19434.0,27/12/2018,INDEFINIDO,CIPRIAN GONGORA DELIA,0,-13.3191977,-71.6707364
763,202100031689,43484,43484-050-050421,20607407216,ESTACION DE SERVICIOS YAMPIER E.I.R.L.,KM. 21+74.45 CRUCE BAYOVAR ANTIGUA PANAMERICANA NORTE SECTOR PUENTE EL PAVO,LAMBAYEQUE,LAMBAYEQUE,TUCUME,ESTACIONES DE SERVICIOS,C1:5000:Diesel B5 S-50 ,C1:2500:GASOHOL 84 PLUS C2:2500:GASOHOL 90 PLUS ,,,,,,,,,10000.0,5/04/2021,INDEFINIDO,ERMES YAMPIER VASQUEZ BUSTAMANTE,0,-6.579232,-79.9870137
764,201700051132,83033,83033-050-070417,20481712735,SERVICIOS GENERALES VARNASA S.R.L.,CARRETERA PANAMERICANA NORTE UC 2474 Y 2475 MZ. 6 LOTE 6 Y 7 PUEBLO JOVEN SECTOR JORGE CHAVEZ,LA LIBERTAD,ASCOPE,PAIJAN,PUESTO DE VENTA DE COMBUSTIBLE - GRIFOS,C1:839:GASOHOL 95 PLUS C2:839:SIN PRODUCTO ,C1:2006:GASOHOL 90 PLUS ,"C1:2006:DIESEL B5,Diesel B5 S-50 ",,,,,,,,5690.0,7/04/2017,INDEFINIDO,ESTUARDO ENRIQUE VALVERDE VARGAS,0,-7.7185119,-79.3111862
765,202100070944,145401,145401-050-270922,20601450110,GRIFOS PRIXVAL S.A.C.,5.13% DEL PREDIO HUAGALL SECTOR TANTAPUSHA CARRETERA HUAMACHUCO – TRUJILLO EN CIUDAD HUAMACHUCO SECTOR II JUNTA VECINAL N° 01 (CON FRENTE A LA AV. TRU,LA LIBERTAD,SANCHEZ CARRION,HUAMACHUCO,ESTACIONES DE SERVICIOS,C1:6500:Diesel B5 S-50 ,C1:6500:Diesel B5 S-50 ,C1:2000:GASOHOL 84 PLUS ,C1:4000:GASOHOL 90 PLUS ,C1:4000:GASOHOL 95 PLUS ,,,,,,23000.0,27/09/2022,INDEFINIDO,EDUARDO CUBA BACA,0,-7.816460999999999,-78.0452048
766,202100197985,158506,158506-050-191021,20567209874,GRIFO PATITO E.I.R.L.,CARRETERA IQUITOS-NAUTA KM 39+760 CASERIO NUEVO HORIZONTE,LORETO,MAYNAS,SAN JUAN BAUTISTA,ESTACIONES DE SERVICIOS,C1:2724:GASOLINA 84 ,C1:2045:DIESEL B5 ,C1:2045:GASOLINA 90 ,,,,,,,,6814.0,19/10/2021,INDEFINIDO,CESPEDES GONZALES WALTER,0,-4.1153989,-73.4608262
767,202300027685,166346,166346-050-120223,10439039677,MONTERO NAJERA MIRIAM KAREN,"CARRETERA UCHIZA - HUICTE KM. 1.500, UCHIZA",SAN MARTIN,TOCACHE,UCHIZA,ESTACIONES DE SERVICIOS,C1:2500:Diesel B5 S-50 ,C1:2000:GASOLINA 90 C2:2000:GASOLINA 90 ,,,,,,,,,6500.0,12/02/2023,INDEFINIDO,MONTERO NAJERA MIRIAM KAREN,0,-8.4592507,-76.46199109999999
768,202200093512,40543,40543-050-240522,20558721554,ESTACION DE SERVICIOS ARAGON S.R.L.,AA. HH. APIAAR MZ. A LTS 05 Y 06 SECTOR 2,AREQUIPA,AREQUIPA,YURA,PUESTO DE VENTA DE COMBUSTIBLE - GRIFOS,C1:5256:Diesel B5 S-50 ,C1:2611:Diesel B5 S-50 C2:2601:Diesel B5 S-50 ,C1:5278:GASOHOL 84 PLUS ,C1:5291:GASOHOL 95 PLUS ,C1:5243:GASOHOL 90 PLUS ,C1:5267:Diesel B5 S-50 ,C1:2634:Diesel B5 S-50 C2:2612:Diesel B5 S-50 ,,,,36793.0,24/05/2022,INDEFINIDO,NANCY HILDA LOSTANAU NAVARRO,480,-16.3090688,-71.6131989
769,202200166508,7046,7046-050-210922,20505020660,CORPORACION BLUE GAS S.A.C.,AV. PRIMAVERA Nº 1695 - CENTRO COMERCIAL MONTERRICO,LIMA,LIMA,SANTIAGO DE SURCO,ESTACIONES DE SERVICIOS,C1:8000:GASOHOL 90 PLUS ,C1:8000:GASOHOL 97 PLUS ,C1:3000:GASOHOL 95 PLUS C2:3000:Diesel B5 S-50 ,C1:8000:GASOHOL 95 PLUS ,,,,,,,30000.0,21/09/2022,INDEFINIDO,JANICKE SAMBRA DIAZ UFANO,0,-12.1090605,-76.971372
770,201900018931,94446,94446-050-190219,10408246119,PAMELA MILAGROS VASQUEZ ROMERO DE ESPINOZA,"AV. TUPAC AMARU, COMUNIDAD CAMPESINA DE JICAMARCA ANEXO 22. PAMPAS DE CANTO GRANDE, MZ. CQ LOTE 1",LIMA,HUAROCHIRI,SAN ANTONIO,ESTACIONES DE SERVICIOS,C1:3000:Diesel B5 S-50 C2:1300:GASOHOL 90 PLUS C3:1200:GASOHOL 95 PLUS C4:1000:GASOHOL 90 PLUS ,,,,,,,,,,6500.0,19/02/2019,INDEFINIDO,PAMELA MILAGROS VASQUEZ ROMERO DE ESPINOZA,0,-11.4996994,-76.6590006
771,202100201079,137289,137289-050-170921,20603266332,SERVICENTRO VIRGEN NATIVIDAD SOCIEDAD ANONIMA CERRADA - SERVICENTRO VIRGEN NATIVIDAD S.A.C.,AV. LA REPUBLICA DEL PERU Y AV. AMERICAS LOTE 11-B,CUSCO,CUSCO,WANCHAQ,ESTACIONES DE SERVICIOS,C1:5130:Diesel B5 S-50 ,C1:5109:GASOHOL 90 PLUS ,C1:5077:GASOHOL 95 PLUS ,,,,,,,,15316.0,17/09/2021,INDEFINIDO,RUBEN CHOQUEHUANCA CHOQUEHUANCA ,0,-13.5316763,-71.9400635
772,201900147214,113650,113650-050-110919,20448617638,MULTISERVICIOS E INVERSIONES CAMACHO & CIA E.I.R.L.,AV. CIRCUNVALACIÓN ESTE Y ESQUINA CON EL JR. LUIS BANCHERO ROSSI ,PUNO,SAN ROMAN,JULIACA,PUESTO DE VENTA DE COMBUSTIBLE - GRIFOS,C1:6586:Diesel B5 S-50 ,C1:6586:Diesel B5 S-50 ,C1:2634:GASOHOL 90 PLUS ,C1:2634:GASOHOL 84 PLUS ,,,,,,,18440.0,11/09/2019,INDEFINIDO,HENRY ANGEL CAMACHO QUISPE,720,-15.5120809,-70.1237533
773,202100279229,158944,158944-050-271221,20608480898,INVERSIONES GENERALES Y ESTACION DE SERVICIOS NURAN SOCIEDAD COMERCIAL DE RESPONSABILIDAD LIMITADA,CARRETERA HAQUIRA - CHALLHUAHUACHO S/N SECTOR COMUNIDAD ANEXA OCCRAÑAHUIN,APURIMAC,COTABAMBAS,HAQUIRA,ESTACIONES DE SERVICIOS,C1:10000:Diesel B5 S-50 ,C1:5000:GASOHOL 95 PLUS C2:5000:GASOHOL 90 PLUS ,,,,,,,,,20000.0,27/12/2021,INDEFINIDO,WILMER HUAMAN NUÑEZ,0,-14.1653587,-72.3579542
774,201800211442,38701,38701-050-221218,20100181704,TRANSPORTES LAS VEGAS SA,AV. ALFREDO MENDIOLA 6200 URB. MOLITALIA (PANAMERICANA NORTE KM. 20),LIMA,LIMA,LOS OLIVOS,ESTACIONES DE SERVICIOS,C1:10301:Diesel B5 S-50 ,C1:10301:Diesel B5 S-50 ,C1:10301:GASOHOL 90 PLUS ,C1:5541:GASOHOL 95 PLUS ,C1:3211:SIN PRODUCTO ,C1:5541:GASOHOL 95 PLUS ,C1:5541:GASOHOL 97 PLUS ,,,,50737.0,22/12/2018,INDEFINIDO,JULIA CARMELA SOLIS PADILLA VDA. DE VARGAS,0,-11.9556939,-77.0692181
775,201700065783,111120,111120-050-290517,20571323533,GRIFOS SHANGUITO E.I.R.L,AV. LA FLORIDA S/N VALLE PUCHCA SECTOR SAN MARCOS,ANCASH,HUARI,SAN MARCOS,ESTACIONES DE SERVICIOS,C1:3000:GASOHOL 90 PLUS C2:2000:GASOHOL 97 PLUS ,"C1:6000:DIESEL B5,Diesel B5 S-50 ",C1:2000:GASOHOL 95 PLUS ,,,,,,,,13000.0,28/05/2017,INDEFINIDO,NAHUN AQUILINO GOMERO ZEVALLOS,0,-9.555577999999999,-77.20858799999999
776,201800152664,113035,113035-050-190918,20600082591,ESTACION DE COMBUSTIBLE SMART S.A.C.,"AV. COSTANERA Nº 460, BARRIO VALLECITO",PUNO,PUNO,PUNO,PUESTO DE VENTA DE COMBUSTIBLE - GRIFOS,C1:3970:Diesel B5 S-50 ,C1:3970:GASOHOL 84 PLUS ,C1:3970:GASOHOL 90 PLUS ,C1:3970:GASOHOL 95 PLUS ,,,,,,,15880.0,19/09/2018,INDEFINIDO,YULIANA MARY GUERRA YUCRA,0,-15.8307623,-70.0194765
777,202000102196,21163,21163-050-190820,20518633482,INVERSIONES M Y E S.A.C.,AV. JOSE CARLOS MARIATEGUI ESQ. CALLE B-8 HUAYCAN,LIMA,LIMA,ATE,ESTACIONES DE SERVICIOS,C1:4700:SIN PRODUCTO ,C1:6000:Diesel B5 S-50 ,C1:3000:GASOHOL 90 PLUS C2:3000:GASOHOL 95 PLUS ,,,,,,,,16700.0,19/08/2020,INDEFINIDO,ESTELA ROSSI YALI AGUILAR,720,-12.0128984,-76.8222035
778,201600126292,91645,91645-050-060916,20491590999,MULTISERVICIOS VELASQUEZ S.R.L.,AV. 28 DE JULIO S/N,CAJAMARCA,SAN MARCOS,PEDRO GALVEZ,ESTACIONES DE SERVICIOS,C1:6038:DIESEL B5 ,C1:5037:GASOHOL 84 PLUS ,C1:5037:GASOHOL 90 PLUS ,C1:6000:DIESEL B5 ,C1:3000:GASOHOL 95 PLUS ,,,,,,25112.0,6/09/2016,INDEFINIDO,SOCORRO ELENA VELASQUEZ VARGAS,0,-7.3354501,-78.1631636
779,202300032133,8149,8149-050-120223,20601258871,MOSHES & ANTO S.A.C. ,AVENIDA AMERICA NORTE N° 699,LA LIBERTAD,TRUJILLO,TRUJILLO,ESTACIONES DE SERVICIOS,C1:10200:Diesel B5 S-50 ,C1:12400:GASOHOL PREMIUM ,C1:6200:GASOHOL REGULAR ,,,,,,,,28800.0,12/02/2023,INDEFINIDO,MOISES MALPARTIDA BURGOS,0,-8.0964949,-79.0180523
780,202000117651,122419,122419-050-170920,20601244145,SELVA GRIFOS E.I.R.L.,AV. IGNACIA VELASQUEZ CUADRA 08 - BARRIO BELEN,SAN MARTIN,MOYOBAMBA,MOYOBAMBA,ESTACIONES DE SERVICIOS,C1:6000:Diesel B5 S-50 ,C1:6000:GASOLINA 84 ,C1:6000:GASOLINA 90 ,C1:6000:GASOLINA 95 ,,,,,,,24000.0,16/09/2020,INDEFINIDO,ROJAS OLIVERA DANTE,0,-6.0347797,-76.976612
781,201600026730,16642,16642-050-280216,20503840121,REPSOL COMERCIAL S.A.C.,AV. ALFREDO MENDIOLA N° 2000,LIMA,LIMA,INDEPENDENCIA,ESTACIONES DE SERVICIOS,C1:5000:GASOHOL 98 PLUS ,C1:10000:GASOHOL 90 PLUS ,C1:5000:GASOHOL 95 PLUS ,C1:10000:Diesel B5 S-50 ,C1:10000:Diesel B5 S-50 ,,,,,,40000.0,28/02/2016,INDEFINIDO,VICTOR GONZALO CASTILLO OVIEDO,0,-12.0060151,-77.0611629
782,202200042013,8101,8101-050-040522,20503840121,REPSOL COMERCIAL S.A.C.,AV. JAVIER PRADO ESTE Nº 1099 INTER. CON LA AV. NICOLAS ARRIOLA,LIMA,LIMA,LA VICTORIA,ESTACIONES DE SERVICIOS,C1:8000:GASOHOL 95 PLUS ,C1:8000:GASOHOL 90 PLUS ,C1:8000:GASOHOL 98 PLUS ,C1:8000:Diesel B5 S-50 ,C1:6000:GASOHOL 95 PLUS ,,,,,,38000.0,4/05/2022,INDEFINIDO,CARLOS ANTONIO SIBRIAN SILVA,0,-12.0900201,-77.0179106
783,202300012753,164738,164738-050-240123,10232424392,HERMINIO CONDORI RIVERA,AV. HUANCAYO S/N LUGAR DENOMINADO CHUÑUPAMPA (CARRETERA HUANDO-HUANCAVELICA),HUANCAVELICA,HUANCAVELICA,HUANDO,ESTACIONES DE SERVICIOS,C1:6000:Diesel B5 S-50 ,C1:4000:GASOHOL 90 PLUS C2:2000:GASOHOL 95 PLUS ,,,,,,,,,12000.0,24/01/2023,INDEFINIDO,HERMINIO CONDORI RIVERA,0,-12.5653357,-74.94864220000001
784,202200234690,8226,8226-050-061222,20610087524,SERVICENTRO INGA MEILER E.I.R.L.,PANAMERICANA NORTE KM. 25,LAMBAYEQUE,LAMBAYEQUE,ILLIMO,ESTACIONES DE SERVICIOS,C1:1200:GASOHOL 90 PLUS ,C1:3000:GASOHOL 84 PLUS ,C1:4000:GASOHOL 95 PLUS ,C1:6500:Diesel B5 S-50 ,,,,,,,14700.0,6/12/2022,INDEFINIDO,ALFONSO PAGNOTTO,0,-5.7722841,-80.5479302
785,202200191494,109454,109454-050-021022,20608465775,DON ISAAC CORPORATION E.I.R.L.,CARRETERA FERNANDO BELAUNDE TERRY KM 497 + 740,SAN MARTIN,MOYOBAMBA,MOYOBAMBA,ESTACIONES DE SERVICIOS,C1:9000:Diesel B5 S-50 ,C1:6500:GASOHOL 84 PLUS ,C1:6500:GASOHOL 90 PLUS ,C1:4500:Diesel B5 S-50 ,C1:4500:GASOHOL 95 PLUS ,,,,,,31000.0,2/10/2022,INDEFINIDO,LETY ROSSMERY ALEJANDRIA FLORES,0,-6.0508182,-76.94296489999999
786,202300072892,85235,85235-050-210423,20600949421,AXON PETROL S.A.C.,AV. PAKAMUROS N° 834 ESQ. CA. LEONCIO PRADO SECTOR MORRO SOLAR,CAJAMARCA,JAEN,JAEN,ESTACIONES DE SERVICIOS,C1:1500:GASOHOL PREMIUM C2:500:Diesel B5 S-50 ,C1:2000:GASOHOL REGULAR ,,,,,,,,,4000.0,21/04/2023,INDEFINIDO,MARIA TERESA CRUZ DIAZ,0,-5.709530099999999,-78.80282799999999
787,201700028151,103881,103881-050-280317,20482107321,SERVICENTROS MARIELENA S.A.C.,"PARCELA LA CUCHILLA - CASERIO SHIRACMACA, CARRETERA HUAMACHUCO - RETAMAS (CARRETERA HUAMACHUCO - CAJABAMBA KM 0 + 808, SECTOR LA CUCHILLA)",LA LIBERTAD,SANCHEZ CARRION,HUAMACHUCO,PUESTO DE VENTA DE COMBUSTIBLE - GRIFOS,"C1:6500:DIESEL B5,Diesel B5 S-50,GASOHOL 90 PLUS ",,,,,,,,,,10400.0,28/03/2017,INDEFINIDO,ANDRES JAIME PALOMINO DIAZ,720,-7.620956899999999,-78.0452217
788,202000152430,111907,111907-050-301020,20484241474,SEVERDAL S.A.C.,URB. LOS ROBLES MZ. A LOTE 14 TALARA ALTA,PIURA,TALARA,PARIÑAS,ESTACIONES DE SERVICIOS,C1:6000:Diesel B5 S-50 ,C1:3000:GASOHOL 84 PLUS ,C1:3000:GASOHOL 95 PLUS ,C1:6000:GASOHOL 90 PLUS ,C1:9000:Diesel B5 S-50 ,,,,,,27000.0,30/10/2020,INDEFINIDO,SEVERINO GOMEZ CUTIPA,0,-4.5895733,-81.2574363
789,202200045210,7983,7983-050-170322,20448330932,GRIFO SOLUCION E.I.R.L.,AV. BALSASPATA / LOS INCAS S/N PUEBLO LIBRE - CARRETERA AYAVIRI - PUNO,PUNO,MELGAR,AYAVIRI,PUESTO DE VENTA DE COMBUSTIBLE - GRIFOS,C1:4500:GASOHOL 90 PLUS ,C1:4500:Diesel B5 S-50 ,,,,,,,,,9000.0,17/03/2022,INDEFINIDO,NANCY FIORELA AGUILAR COLQUEHUANCA,0,-14.8943191,-70.5892569
790,202300031749,116872,116872-050-230323,10022624712,AQUILINA HUAYAPA HUAJA,"CARRETERA JULIACA - CUSCO KM. 11+900 COMUNIDAD CHINGORA, FRACCION PARCELA A-83",PUNO,LAMPA,CALAPUJA,PUESTO DE VENTA DE COMBUSTIBLE - GRIFOS,C1:3990:Diesel B5 S-50 ,C1:2195:GASOHOL REGULAR ,C1:1215:GASOHOL 84 PLUS ,C1:3985:Diesel B5 S-50 ,C1:1498:GASOHOL PREMIUM ,C1:1513:GASOHOL REGULAR ,,,,,14396.0,23/03/2023,INDEFINIDO,AQUILINA HUAYAPA HUAJA,0,-15.3715983,-70.3634095
791,202000058784,33168,33168-050-230520,20494022363,SERVICENTRO SAN RAFAEL E.I.R.L.,CARRETERA FERNANDO BELAUNDE TERRY KM. 83,SAN MARTIN,BELLAVISTA,SAN RAFAEL,PUESTO DE VENTA DE COMBUSTIBLE - GRIFOS,C1:3000:Diesel B5 S-50 ,C1:1800:GASOLINA 90 ,C1:2100:GASOLINA 84 ,,,,,,,,6900.0,23/05/2020,INDEFINIDO,WILDER CHAVEZ TELLO,0,-7.0234402,-76.4642661
792,201700036713,96351,96351-050-100316,20491784840,NEGOCIACIONES & INVERSIONES COCO S.A.C.,PARCELA Nº 01 SECTOR EL HUAYO,CAJAMARCA,CAJABAMBA,CONDEBAMBA,ESTACIONES DE SERVICIOS,C1:2000:GASOHOL 95 PLUS ,C1:2000:GASOHOL 90 PLUS ,C1:6000:DIESEL B5 ,,,,,,,,10000.0,10/03/2017,INDEFINIDO,CLAUDIO JAIME MARIN ARROYO,0,-7.4723844,-78.1164186
793,201800186185,139567,139567-050-081118,10005009648,CAHUACHIA CATARI RAYMUNDO,PROLONGACION AV. PROGRESO SOBRE CARRETERA JULIACA-HUATASANI BARRIO DE SANTA ROSA - CARRETERA JULIACA - PUTINA KM 68+320,PUNO,HUANCANE,HUATASANI,PUESTO DE VENTA DE COMBUSTIBLE - GRIFOS,C1:3145.82:Diesel B5 S-50 ,C1:2247.01:GASOHOL 84 PLUS ,C1:1797.61:GASOHOL 90 PLUS ,,,,,,,,7190.44,8/11/2018,INDEFINIDO,CAHUACHIA CATARI RAYMUNDO,0,-15.4996879,-70.12965299999999
794,202300034380,90137,90137-050-160223,20491047403,CORPORACION CENTURION S.A.C.,AV. CONFRATERNIDAD Nº 1801,APURIMAC,ANDAHUAYLAS,ANDAHUAYLAS,ESTACIONES DE SERVICIOS,C1:7900:Diesel B5 S-50 ,C1:3500:GASOHOL PREMIUM C2:2450:GASOHOL REGULAR C3:1900:GASOHOL REGULAR ,,,,,,,,,15750.0,16/02/2023,INDEFINIDO,YANETH FLORES ALVAREZ DE RIVERA,360,-13.658761,-73.41006240000002
795,202000137447,94957,94957-050-141020,20514636843,ESTACION DE SERVICIOS PETRO WORLD S.A.C. ,"AV. ARGENTINA S/N, LOTE 7 MZ 1B, ZONA B, PP.JJ. GENERALISIMO JOSE DE SAN MARTIN",AREQUIPA,AREQUIPA,MARIANO MELGAR,PUESTO DE VENTA DE COMBUSTIBLE - GRIFOS,C1:6100:Diesel B5 S-50 ,C1:3000:GASOHOL 90 PLUS ,C1:3000:GASOHOL 95 PLUS ,,,,,,,,12100.0,14/10/2020,INDEFINIDO,LUIS ALCIDES GALVEZ GUTIERREZ,0,-16.3993501,-71.49923129999999
796,202200185114,120572,120572-050-280922,10450152841,RUTH YUDI CARREÑO ZANABRIA ,"NUEVO AMANECER, SECTOR OZONAMPIATO, CENTRO POBLADO DE KEPASHIATO",CUSCO,LA CONVENCION,ECHARATE,ESTACIONES DE SERVICIOS,C1:4985:Diesel B5 S-50 ,C1:4985:Diesel B5 S-50 ,C1:5300:GASOHOL 84 PLUS ,C1:2090:Diesel B5 S-50 C2:3200:GASOHOL 90 PLUS ,,,,,,,20560.0,28/09/2022,28/09/2023,RUTH YUDI CARREÑO ZANABRIA ,0,-12.6380337,-73.2035473
797,202000057037,95874,95874-050-160520,20487883272,GRIFO VIZOY S.A.C.,EL MIRADOR CARRETERA KM 2.5 BAGUA EL MILAGRO,AMAZONAS,BAGUA,BAGUA,ESTACIONES DE SERVICIOS,C1:6000:Diesel B5 S-50 ,C1:2150:GASOLINA 84 ,C1:1490:GASOLINA 90 ,,,,,,,,9640.0,16/05/2020,INDEFINIDO,JEAN MENAHEM VASQUEZ LEYVA,0,-5.6378303,-78.55863240000001
798,201600118217,104950,104950-050-300816,10430550727,BERNILLA NEIRA MAYRA ALEJANDRINA,PROLONGACION PROGRESO CON CALLE UDIMA - A.A.H.H. SANTA ROSA,LAMBAYEQUE,LAMBAYEQUE,MOTUPE,ESTACIONES DE SERVICIOS,"C1:0:DIESEL B5,Diesel B5 S-50 ",C1:1150:GASOHOL 84 PLUS ,C1:1150:GASOHOL 90 PLUS ,,,,,,,,4300.0,30/08/2016,INDEFINIDO,BERNILLA NEIRA MAYRA ALEJANDRINA,0,-6.1512014,-79.7147468
799,202200174118,108786,108786-050-020922,20608173197,INVERSIONES SARELY MILAGROS SOCIEDAD COMERCIAL DE RESPONSABILIDAD LIMITADA,"CARRETERA QUILLABAMBA-ECHARATE S/N, SECTOR LA PLAYA",CUSCO,LA CONVENCION,SANTA ANA,ESTACIONES DE SERVICIOS,C1:4000:Diesel B5 S-50 ,C1:4000:GASOHOL 84 PLUS ,C1:4000:GASOHOL 90 PLUS ,,,,,,,,12000.0,2/09/2022,2/09/2023,AURELIO MONTAÑEZ VICTORIO,0,-12.8678611,-72.6910424
800,202300097666,8593,8593-050-270423,10024110791,CECILIA CONDORI MAMANI ,AV. MARINA Nº 496 ,PUNO,HUANCANE,HUANCANE,PUESTO DE VENTA DE COMBUSTIBLE - GRIFOS,C1:1100:GASOHOL REGULAR ,C1:1200:Diesel B5 S-50 ,,,,,,,,,2300.0,27/04/2023,INDEFINIDO,CECILIA CONDORI MAMANI ,0,-15.2053189,-69.76145679999999
801,202000022789,44891,44891-050-110220,10180431379,LUCIANO FLORES BRICEÑO,AV. VIRU N° 380,LA LIBERTAD,VIRU,VIRU,PUESTO DE VENTA DE COMBUSTIBLE - GRIFOS,C1:687:GASOHOL 95 PLUS ,C1:1774:Diesel B5 S-50 ,C1:1439:GASOHOL 90 PLUS ,C1:1055:GASOHOL 90 PLUS ,,,,,,,4955.0,11/02/2020,INDEFINIDO,LUCIANO FLORES BRICEÑO,0,-8.415814899999999,-78.7576607
802,202200211809,142795,142795-050-141122,10278450355,EMMIR AGUIRRE CARRION,CASERIO PUERTO CHINCHIPE S/N,CAJAMARCA,SAN IGNACIO,SAN JOSE DE LOURDES,ESTACIONES DE SERVICIOS,C1:2200:Diesel B5 S-50 ,C1:600:GASOHOL 84 PLUS C2:1600:GASOHOL 90 PLUS ,,,,,,,,,4400.0,14/11/2022,INDEFINIDO,EMMIR AGUIRRE CARRION,0,-4.9230292,-78.792953
803,202100129293,8724,8724-050-150621,20454133812,TRANSPORTES Y SERVICIOS ISO PETROL E.I.R.L.,AV. JESÚS KM. 8.5,AREQUIPA,AREQUIPA,PAUCARPATA,PUESTO DE VENTA DE COMBUSTIBLE - GRIFOS,C1:6700:Diesel B5 S-50 ,C1:6700:Diesel B5 S-50 ,C1:4500:GASOHOL 90 PLUS ,C1:1500:GASOHOL 95 PLUS ,,,,,,,19400.0,15/06/2021,INDEFINIDO,JORGE CHAMBILLA TOTORA,0,-16.4222266,-71.475736
804,202200034707,17946,17946-050-070522,20503840121,REPSOL COMERCIAL S.A.C.,AV. EL DERBY N° 109 ESQUINA CON AV. EL POLO,LIMA,LIMA,SANTIAGO DE SURCO,ESTACIONES DE SERVICIOS,C1:6000:GASOHOL 98 PLUS ,C1:6000:GASOHOL 90 PLUS ,C1:6000:Diesel B5 S-50 ,C1:6000:GASOHOL 95 PLUS ,C1:6000:Diesel B5 S-50 ,,,,,,30000.0,7/05/2022,INDEFINIDO,CARLOS ANTONIO SIBRIAN SILVA,0,-12.0987758,-76.97104499999999
805,201900027735,8199,8199-050-250219,20127765279,COESTI S.A.,AV. SOCABAYA N° 794,AREQUIPA,AREQUIPA,SOCABAYA,ESTACIONES DE SERVICIOS,C1:6000:Diesel B5 S-50 ,C1:6000:GASOHOL 90 PLUS ,C1:3000:Diesel B5 S-50 ,,,,,,,,15000.0,25/02/2019,INDEFINIDO,ABRAHAM HUGO CALDERON MAVILA,720,-16.4456123,-71.5303942
806,202000058778,94862,94862-050-230520,10011249910,RENE PEREZ TUANAMA,AV. 20 DE MAYO - CP 20 DE MAYO,SAN MARTIN,EL DORADO,SAN JOSE DE SISA,PUESTO DE VENTA DE COMBUSTIBLE - GRIFOS,C1:3180:Diesel B5 S-50 ,C1:3150:GASOLINA 84 C2:3160:GASOLINA 90 ,,,,,,,,,9490.0,23/05/2020,INDEFINIDO,RENE PEREZ TUANAMA,0,-6.591117,-76.7105632
807,201800197424,9331,9331-050-281218,20602564895,SERVICENTRO LUDMIR E.I.R.L.,AV. HUALLAGA Nº 483,PASCO,PASCO,HUARIACA,ESTACIONES DE SERVICIOS,C1:6000:GASOHOL 84 PLUS ,C1:16000:Diesel B5 S-50 ,C1:10000:GASOHOL 90 PLUS ,C1:6000:SIN PRODUCTO ,,,,,,,38000.0,5/12/2018,INDEFINIDO,AYDE RAMOS MATEOS,720,-10.4431181,-76.187224
808,202000058776,131504,131504-050-220520,20605568166,ESTACION DE SERVICIOS FRIAS E.I.R.L.,SECTOR SAN ANDRES MZ. C LOTE 17,PIURA,AYABACA,FRIAS,ESTACIONES DE SERVICIOS,C1:5100:GASOHOL 90 PLUS ,C1:5100:GASOHOL 84 PLUS ,C1:5100:Diesel B5 S-50 ,,,,,,,,15300.0,22/05/2020,INDEFINIDO,PEÑA CORDOVA LINDER LIZARDO,720,-4.9306933,-79.9465508
809,202100066442,38199,38199-050-100421,20448456286,GRIFO PEÑA SOCIEDAD COMERCIAL DE RESPONSABILIDAD LIMITADA,AV. ENRIQUE GALLEGOS 828 - BARRIO SANTA ROSA,PUNO,EL COLLAO,ILAVE,PUESTO DE VENTA DE COMBUSTIBLE - GRIFOS,C1:3600:GASOHOL 90 PLUS ,C1:3600:Diesel B5 S-50 ,C1:1300:GASOHOL 84 PLUS ,,,,,,,,8500.0,10/04/2021,INDEFINIDO,MARIA JESUS TINCO YUCRA ,0,-16.0727881,-69.6320345
810,202300106754,136002,136002-050-100523,10443218420,YANET PILAR POMA ALEJANDRO,"CENTRO POBLADO PUERTO YURINAKI, MZ. U, LOTE 4-5",JUNIN,CHANCHAMAYO,PERENE,ESTACIONES DE SERVICIOS,C1:3000:Diesel B5 S-50 C2:3000:GASOHOL REGULAR C3:2000:GASOHOL REGULAR ,,,,,,,,,,8000.0,10/05/2023,INDEFINIDO,YANET PILAR POMA ALEJANDRO,0,-10.8462459,-75.0978613
811,201900171624,97674,97674-050-231019,20605198202,GRIFO WILSON EJJSA E.I.R.L.,CALLE AREQUIPA N° 125,AREQUIPA,CAYLLOMA,CAYLLOMA,PUESTO DE VENTA DE COMBUSTIBLE - GRIFOS,C1:1166:GASOHOL 90 PLUS ,C1:2776:Diesel B5 S-50 ,,,,,,,,,3942.0,23/10/2019,INDEFINIDO,JUAN CCALLO HUANCA,0,-15.6375483,-71.601997
812,201700192807,132893,132893-050-201117,20600096606,ESTACION DE SERVICIOS NUEVO HORIZONTE S.R.L.,AV. CENTENARIO Nª 3582 BARRIO VICHAY,ANCASH,HUARAZ,INDEPENDENCIA,ESTACIONES DE SERVICIOS,C1:8000:Diesel B5 S-50 ,C1:2600:GASOHOL 98 PLUS ,C1:2600:GASOHOL 90 PLUS ,C1:2600:GASOHOL 95 PLUS ,,,,,,,15800.0,13/11/2017,INDEFINIDO,NORMA MARIELA MACEDO DUEÑAS,720,-9.4935274,-77.5359467
813,201600026715,18871,18871-050-290216,20503840121,REPSOL COMERCIAL S.A.C. ,"AV. PRIMAVERA N° 1095, ESQUINA CON CALLE CANARIAS N° 101",LIMA,LIMA,SAN BORJA,ESTACIONES DE SERVICIOS,C1:8000:GASOHOL 95 PLUS ,C1:8000:Diesel B5 S-50 ,C1:8000:GASOHOL 98 PLUS ,C1:8000:GASOHOL 90 PLUS ,,,,,,,32000.0,29/02/2016,INDEFINIDO,LUIS ALBERTO VASQUEZ MADUEÑO,0,-12.1100342,-76.9799259
814,202000053882,148644,148644-050-010520,20605407421,ESTACION DE SERVICIOS TADEO E.I.R.L.,"CARRETERA SULLANA – PAITA, MZ. 155, LOTE 01, C.P. JIBITO",PIURA,SULLANA,MIGUEL CHECA,PUESTO DE VENTA DE COMBUSTIBLE - GRIFOS,C1:4800:GASOHOL 84 PLUS ,C1:4800:GASOHOL 90 PLUS ,C1:6500:Diesel B5 S-50 ,C1:3000:GASOHOL 95 PLUS ,,,,,,,19100.0,1/05/2020,INDEFINIDO,ORTIZ ZARATE RICARDO ERMITANIO,720,-4.909664,-80.7526532
815,202300033636,137809,137809-050-280223,20610555129,ESTACION DE SERVICIOS P & V GRUPO MACHUPICCHU S.A.C.,COMUNIDAD CAMPESINA CCORIMARCA PARCELA 91-E,CUSCO,URUBAMBA,CHINCHERO,ESTACIONES DE SERVICIOS,C1:7000:Diesel B5 S-50 ,C1:4000:GASOHOL 90 PLUS ,,,,,,,,,11000.0,28/02/2023,INDEFINIDO,NERY ALEX PALOMINO VALVERDE,0,-13.2954906,-72.0797314
816,202300024995,18400,18400-050-230223,20438687051,GASOLINERA DON ARMANDO S.A.C.,MZ 14 LOTE 03 URB. 8 DE SETIEMBRE,LA LIBERTAD,ASCOPE,CASA GRANDE,PUESTO DE VENTA DE COMBUSTIBLE - GRIFOS,C1:5100:GASOHOL PREMIUM ,C1:5100:Diesel B5 S-50 ,C1:5100:GASOHOL REGULAR ,,,,,,,,15300.0,23/02/2023,INDEFINIDO,HERMELINDA AMANDA MERCADO LANDERS DE MARTELL,0,-7.7439171,-79.1880577
817,202300052236,120724,120724-050-170423,10319247764,MARIN RIVERA ELVA BETZI,"LOCALIDAD DE CULLUCHACA, CARRETERA HUARAZ LLAMELLIN S/N",ANCASH,HUARI,PONTO,PUESTO DE VENTA DE COMBUSTIBLE - GRIFOS,C1:3060:Diesel B5 S-50 ,C1:1080:GASOHOL REGULAR ,,,,,,,,,4140.0,17/04/2023,INDEFINIDO,MARIN RIVERA ELVA BETZI,0,-9.304094,-77.016908
818,202000151462,124745,124745-050-011120,20529468327,INVERSIONES BAEZ S.R.L.,"CRUCE KM 03 CARRETERA CAJAMARCA – OTUZCO CON CARRETERA AL AEROPUERTO AV. RAFAEL HOYOS RUBIO - PREDIO COLUMBO, FUNDO CUMBICANCHA",CAJAMARCA,CAJAMARCA,CAJAMARCA,ESTACIONES DE SERVICIOS,C1:8500:Diesel B5 S-50 ,C1:2500:GASOHOL 98 PLUS ,C1:3000:GASOHOL 95 PLUS ,C1:4000:GASOHOL 90 PLUS ,,,,,,,18000.0,1/11/2020,INDEFINIDO,WILSON RAMIRO BAEZ CHAVEZ ,720,-7.1448251,-78.4918961
819,202100139892,146486,146486-050-130721,20604355291,CORPORACION HUAMACHUCO ENERGY S.A.C.,INTERSECCIÓN AV. 15 DE AGOSTO Y CALLE JOSE OLAYA,LA LIBERTAD,SANCHEZ CARRION,HUAMACHUCO,ESTACIONES DE SERVICIOS,C1:2500:GASOHOL 95 PLUS ,C1:9000:Diesel B5 S-50 ,C1:5500:GASOHOL 90 PLUS ,C1:3000:GASOHOL 97 PLUS ,C1:9000:Diesel B5 S-50 ,,,,,,29000.0,13/07/2021,INDEFINIDO,KARLA PAOLA BUSTAMANTE ALVITES,0,-7.814326100000001,-78.0445054
820,201900027727,7349,7349-050-250219,20127765279,COESTI S.A.,"AV. VENEZUELA N° 2515, ESQUINA CON CALLE JACINTO IBAÑEZ",AREQUIPA,AREQUIPA,AREQUIPA,ESTACIONES DE SERVICIOS,C1:8000:GASOHOL 90 PLUS ,C1:5350:Diesel B5 S-50 ,C1:2650:GASOHOL 95 PLUS ,C1:8000:Diesel B5 S-50 ,,,,,,,24000.0,25/02/2019,INDEFINIDO,ABRAHAM HUGO CALDERON MAVILA,240,-16.4140645,-71.54049359999999
821,202300014095,20119,20119-050-200223,20568188048,INVERSIONES J G & S L S.R.L.,AV. HATUN XAUXA N° 403 ESQ. CON AV. CIRCUNVALACION,JUNIN,JAUJA,SAUSA,PUESTO DE VENTA DE COMBUSTIBLE - GRIFOS,C1:3000:Diesel B5 S-50 ,C1:1500:SIN PRODUCTO C2:1500:GASOHOL 95 PLUS ,C1:2500:GASOHOL 90 PLUS C2:500:GASOHOL 97 PLUS ,,,,,,,,9000.0,20/02/2023,INDEFINIDO,GUTIERREZ SINDICO JUAN ODILIO,720,-11.7876219,-75.4901278
822,202200128565,9045,9045-050-120722,20531577770,ESTACION DE SERVICIOS VALENCIA S.A.,CARRETERA FERNANDO BELAUNDE TERRY KM 481,SAN MARTIN,RIOJA,RIOJA,ESTACIONES DE SERVICIOS,C1:10500:Diesel B5 S-50 ,C1:10500:GASOLINA 84 ,C1:5300:GASOLINA 90 ,C1:2600:GASOLINA 95 ,,,,,,,28900.0,12/07/2022,INDEFINIDO,JUDITH VALENCIA VIDAL,720,-6.053698499999999,-77.16297759999999
823,202100061814,155377,155377-050-170521,20481035458,INVERSIONES CHAMIZ E.I.R.L,"CARRETERA HUAMACHUCO-CAJABAMBA KM. 7, SECTOR CHAMIZ, PREDIO EL RYGRAS",LA LIBERTAD,SANCHEZ CARRION,HUAMACHUCO,ESTACIONES DE SERVICIOS,C1:6000:Diesel B5 S-50 ,C1:3000:GASOHOL 90 PLUS ,C1:3000:GASOHOL 95 PLUS ,,,,,,,,12000.0,17/05/2021,INDEFINIDO,SANTOS NEYRA JARA,0,-7.620956899999999,-78.0452217
824,201900070423,82284,82284-050-130519,20480393164,ESTACION DE SERVICIOS VENTURA S.A.C,CARRETERA PANAMERICANA NORTE KM 819+291,LAMBAYEQUE,LAMBAYEQUE,MORROPE,ESTACIONES DE SERVICIOS,C1:3000:GASOHOL 84 PLUS ,C1:2000:GASOHOL 90 PLUS ,C1:3000:Diesel B5 S-50 ,,,,,,,,8000.0,13/05/2019,INDEFINIDO,MARÍA NATIVIDAD CORONADO COLCHADO,0,-7.838863,-79.1526054
825,201700212490,18622,18622-050-151217,20137399866,YACHT CLUB ANCÓN,MALECON SAN MARTIN N° 873 ,LIMA,LIMA,ANCON,PUESTO DE VENTA DE COMBUSTIBLE - GRIFOS,C1:3000:Diesel B5 S-50 ,C1:2000:GASOHOL 95 PLUS C2:1000:GASOHOL 90 PLUS ,,,,,,,,,6000.0,15/12/2017,INDEFINIDO,GIANNI TOMAS MERLO AYLLON,0,-11.7753117,-77.1813371
826,201900144682,145852,145852-050-050919,10209063579,CAMPOS ARZAPALO CESARIO SANTOS,AV. UNION S/N MZ 47 LOTE S/N,JUNIN,JUNIN,CARHUAMAYO,ESTACIONES DE SERVICIOS,C1:3500:GASOHOL 90 PLUS C2:3500:GASOHOL 95 PLUS ,C1:6000:Diesel B5 S-50 ,,,,,,,,,13000.0,5/09/2019,INDEFINIDO,CAMPOS ARZAPALO CESARIO SANTOS,0,-10.9163457,-76.0637153
827,201600022771,97872,97872-050-270216,20455572356,GRIFO Y GASOCENTRO APOSTOL SANTIAGO E.I.R.L.,"MZ. 121 LOTE 8, ASENTAMIENTO HUMANO LA FLORIDA",AREQUIPA,CARAVELI,ATICO,ESTACIONES DE SERVICIOS,C1:6500:Diesel B5 S-50 ,C1:1300:GASOHOL 95 PLUS C2:2600:GASOHOL 90 PLUS ,,,,,,,,,10400.0,27/02/2016,INDEFINIDO,YOCELI LUCIA LOAYZA MONZON,720,-16.2286223,-73.609246
828,202000135750,142617,142617-050-061020,10401207134,SABINA HUAMAN RAMOS,CARRETERA CENTRAL KM 58 CASERIO VALDIVIA,JUNIN,TARMA,PALCA,ESTACIONES DE SERVICIOS,C1:3000:Diesel B5 S-50 C2:1000:GASOHOL 90 PLUS C3:500:GASOHOL 95 PLUS C4:500:Diesel B5 S-50 ,,,,,,,,,,5000.0,6/10/2020,INDEFINIDO,SABINA HUAMAN RAMOS,0,-11.3442564,-75.56551470000001
829,202200064794,103814,103814-050-070422,20570831233,GRIFO SEÑOR DE LA BUENA ESPERANZA E.I.R.L.,"CARRETERA CHICLAYO - CHONGOYAPE KM 32 (FRENTE AL CEMENTERIO), SECTOR CAMPO EL TORO",LAMBAYEQUE,CHICLAYO,TUMAN,ESTACIONES DE SERVICIOS,C1:4606:Diesel B5 S-50 ,C1:1914:GASOHOL 84 PLUS ,C1:1914:GASOHOL 90 PLUS ,C1:1914:GASOHOL 95 PLUS ,C1:1914:Diesel B5 S-50 ,,,,,,12262.0,7/04/2022,INDEFINIDO,JESUS ROLANDO TICLLA FLORES,0,-6.6237649,-79.3803963
830,202200133111,119199,119199-050-150722,10457195279,FIORELLA ZEIDA JULCARIMA AGUILAR,AV. TENIENTE MEJIA CON CALLE S/N CENTRO POBLADO VILLA JUNIN,JUNIN,SATIPO,RIO TAMBO,ESTACIONES DE SERVICIOS,C1:6000:Diesel B5 S-50 ,C1:6000:GASOHOL 95 PLUS ,C1:6000:GASOHOL 90 PLUS ,,,,,,,,18000.0,12/07/2022,15/07/2023,FIORELLA ZEIDA JULCARIMA AGUILAR,0,-10.7374487,-73.7537828
831,202100163752,40435,40435-050-160821,20538919935,SERVICENTRO MARÍA EDUARDA S.A.C.,CARRETERA JAEN - SAN IGNACIO KM 25+280 SECTOR YANUYACU,CAJAMARCA,JAEN,JAEN,ESTACIONES DE SERVICIOS,C1:2521:GASOHOL 84 PLUS ,C1:5008:Diesel B5 S-50 ,C1:5033:Diesel B5 S-50 ,C1:3018:GASOHOL 90 PLUS C2:2085:GASOHOL 95 PLUS ,,,,,,,17665.0,16/08/2021,INDEFINIDO,CINTYA MARYNES TROYA PARIHUAMAN ,0,-5.683162,-78.7864129
832,202300059548,128906,128906-050-280323,20605081771,GRIFOS SEÑOR DE HUANCA DE IVOCHOTE S.R.L.,LOTE Z-5 CENTRO POBLADO IVOCHOTE,CUSCO,LA CONVENCION,ECHARATE,ESTACIONES DE SERVICIOS,C1:8000:Diesel B5 S-50 ,C1:6000:GASOHOL REGULAR ,C1:1500:GASOHOL PREMIUM ,,,,,,,,15500.0,28/03/2023,28/03/2024,HIGIDIA CCOPA COLQUE,0,-12.4633787,-72.964511
833,201300086839,102879,102879-050-090513,20563945088,GRIFO ALICIA E.I.R.L.,CALLE PRINCIPAL MZ. D LT. 04 NUEVA EXPANSION URBANA PARTE ALTA,MADRE DE DIOS,MANU,HUEPETUHE,PUESTO DE VENTA DE COMBUSTIBLE - GRIFOS,C1:9352:Diesel B5 S-50 ,C1:9384:Diesel B5 S-50 ,,,,,,,,,18736.0,9/05/2013,INDEFINIDO,FIDELIA ROSA GUZMAN,0,-13.0258926,-70.6692655
834,201600026440,18491,18491-050-250216,20600630823,EMPRESA TEXAS ORCCORARA OIL S.R.L.,JR. TARAPACA S/N. SALIDA A SANTA ROSA,PUNO,MELGAR,NUÑOA,PUESTO DE VENTA DE COMBUSTIBLE - GRIFOS,C1:1100:GASOHOL 84 PLUS ,C1:2200:Diesel B5 S-50 ,,,,,,,,,3300.0,25/02/2016,INDEFINIDO,MAXIMILIANO CONDORI CCALLATA,720,-14.6088558,-70.78718429999999
835,202000092457,18614,18614-050-030820,20519835488,INVERSIONES & NEGOCIOS JHMT S.A.C.,ESQ. AV. CELESTINO VARGAS Y MANUEL FLORES CALVO,TACNA,TACNA,POCOLLAY,PUESTO DE VENTA DE COMBUSTIBLE - GRIFOS,C1:5500:Diesel B5 S-50 ,C1:4000:GASOHOL 95 PLUS ,C1:4000:GASOHOL 90 PLUS ,,,,,,,,13500.0,3/08/2020,INDEFINIDO,JOSE HUMBERTO MAMANI TENORIO,0,-17.9942126,-70.2184101
836,202100253136,45393,45393-050-031221,20603155964,GRUPO SILVA SANTISTEBAN S.R.L.,CARRETERA CAJAMARCA - SAN MARCOS KM 1+950 SECTOR HUACARIZ DE SAN MARTIN,CAJAMARCA,CAJAMARCA,CAJAMARCA,PUESTO DE VENTA DE COMBUSTIBLE - GRIFOS,C1:4319:GASOHOL 95 PLUS ,C1:5174:GASOHOL 90 PLUS ,C1:6436:Diesel B5 S-50 ,,,,,,,,15929.0,3/12/2021,INDEFINIDO,GLORIA ELIZABETH SILVA SANTISTEBAN VILLANUEVA,480,-7.1585089,-78.5186777
837,202100241746,44945,44945-050-191121,20607789411,ESTACION DOS DE MAYO E.I.R.L.,JR. 02 DE MAYO N° 603 (ANTES JR. 25 DE MAYO N° 597),SAN MARTIN,MOYOBAMBA,MOYOBAMBA,ESTACIONES DE SERVICIOS,C1:2000:GASOLINA 84 ,C1:3000:GASOLINA 90 ,C1:1000:Diesel B5 S-50 ,,,,,,,,6000.0,19/11/2021,INDEFINIDO,JAIME JUNIOR HUIVIN VASQUEZ,0,-6.0296749,-76.9759605
838,202200185602,18861,18861-050-230922,20608285297,OPERADOR DE SERVICIOS VJ S.A.C.,"SUB. LOTE N° 1, DE LA PARCELA 60, COOPERATIVA AGRARIA DE USUARIOS MARIA PARADO DE BELLIDO - KM. 2",LIMA,LIMA,CARABAYLLO,PUESTO DE VENTA DE COMBUSTIBLE - GRIFOS,C1:3000:Diesel B5 S-50 ,C1:2000:GASOHOL 95 PLUS ,C1:3000:GASOHOL 90 PLUS ,C1:1200:SIN PRODUCTO ,,,,,,,9200.0,23/09/2022,INDEFINIDO,IVETT PAOLA MONTES PALOMINO,0,-11.8993953,-77.0338032
839,202000092452,88267,88267-050-030820,20532997250,I & N VIRGEN DE COPACABANA S.A.C.,"AV. COLLPA S/N, PARCELA Nº 5, SECTOR LEGUIA, CECOAVI",TACNA,TACNA,TACNA,PUESTO DE VENTA DE COMBUSTIBLE - GRIFOS,C1:2735:GASOHOL 95 PLUS C2:2735:GASOHOL 90 PLUS ,C1:3442:Diesel B5 S-50 ,,,,,,,,,8912.0,3/08/2020,INDEFINIDO,JOSE HUMBERTO MAMANI TENORIO,0,-18.04101,-70.2831087
840,201600191609,114878,114878-050-260117,10434806530,FELIX VICTOR ALBINAGORTA ORDOÑEZ,"CARRETERA ASFALTADA HUARAZ - CARAZ, SECTOR HUANCHAC PAMPA",ANCASH,CARHUAZ,ACOPAMPA,PUESTO DE VENTA DE COMBUSTIBLE - GRIFOS,C1:4000:DIESEL B5 C2:2000:GASOHOL 84 PLUS C3:2000:GASOHOL 90 PLUS ,,,,,,,,,,8000.0,26/01/2017,INDEFINIDO,FELIX VICTOR ALBINAGORTA ORDOÑEZ,0,-9.5086302,-77.5161198
841,202300034653,34006,34006-050-060323,10415514781,TUPAC YUPANQUI SOTELO ELIAS ALBERTO,CARRETERA CENTRAL KM. 15.5 BARRIO TUNÁN,JUNIN,HUANCAYO,SAN JERONIMO DE TUNAN,PUESTO DE VENTA DE COMBUSTIBLE - GRIFOS,C1:8500:Diesel B5 S-50 ,C1:8500:GASOHOL REGULAR ,C1:8500:GASOHOL PREMIUM ,C1:8500:SIN PRODUCTO ,,,,,,,34000.0,6/03/2023,INDEFINIDO,ELIAS ALBERTO TUPAC YUPANQUI SOTELO,180,-11.947178,-75.2907251
842,202200145456,164044,164044-050-161022,20273355279,GRIFO ATICO S.R.L.,"SECTOR LOS MOLINOS, CARRETERA PANAMERICANA SUR KM 832, FRENTE AL ESTADIO MUNICIPAL RAUL GORRITI DRAGO-SALIDA CAMANA",AREQUIPA,CAMANA,SAMUEL PASTOR,PUESTO DE VENTA DE COMBUSTIBLE - GRIFOS,C1:8500:Diesel B5 S-50 ,C1:8500:Diesel B5 S-50 ,C1:8500:Diesel B5 S-50 ,C1:5200:GASOHOL 90 PLUS ,C1:3950:GASOHOL 95 PLUS ,C1:3620:GASOHOL 97 PLUS ,C1:3620:SIN PRODUCTO ,,,,41890.0,16/10/2022,INDEFINIDO,CESAR ABDON RAMIREZ DE LA TORRE,240,-16.6065887,-72.7037008
843,202200164767,122544,122544-050-250822,10245693201,ELMER HUARCA HUARCA,"CARRETERA SICUANI - ESPINAR, SECTOR CANCHIS",CUSCO,CANAS,KUNTURKANKI,ESTACIONES DE SERVICIOS,C1:1050:GASOHOL 95 PLUS ,C1:2950:Diesel B5 S-50 ,C1:2055:Diesel B5 S-50 C2:3077:GASOHOL 90 PLUS ,,,,,,,,9132.0,25/08/2022,INDEFINIDO,ELMER HUARCA HUARCA,0,-14.2687814,-71.2249178
844,201800082957,96057,96057-050-230518,20514883344,ESTACION DE SERVICIOS EPYSA S.A.C. ,"AV. INCA PACHACUTEC YUPANQUI ESQ. CON LA AV. HUAYNA CAPAC, MZ. AW, LOTE 9, SUB LOTE A, SECTOR CERCADO DE LA COMUNIDAD CAMPESINA DE JICAMARCA, ANEXO 22",LIMA,HUAROCHIRI,SAN ANTONIO,ESTACIONES DE SERVICIOS,C1:2023:GASOHOL 97 PLUS ,C1:1587:GASOHOL 95 PLUS ,C1:1582:GASOHOL 90 PLUS ,C1:3939:Diesel B5 S-50 ,,,,,,,9131.0,23/05/2018,INDEFINIDO,VICTOR MODESTO OLIVERA ALVAREZ,0,-11.9199978,-76.95170329999999
845,201900198490,21188,21188-050-031219,20400581925,TURISMO AMPAY S.C.R.LTDA.,"CARRETERA CUSCO - ABANCAY KM. 13, SECTOR CACHARPARIPAMPA",CUSCO,CUSCO,POROY,ESTACIONES DE SERVICIOS,C1:6000:Diesel B5 S-50 ,C1:2500:GASOHOL 90 PLUS ,C1:1500:SIN PRODUCTO ,,,,,,,,10000.0,3/12/2019,INDEFINIDO,ALFREDO HERNAN GUDIEL RAVELO,0,-13.6391954,-72.8929
846,202100164137,124262,124262-050-070921,10282846450,GILMER SANTIAGO QUINTA MANYAVILCA,JR. ALFONSO UGARTE S/N ,AYACUCHO,LA MAR,SAN MIGUEL,ESTACIONES DE SERVICIOS,C1:2600:GASOHOL 90 PLUS C2:1300:GASOHOL 95 PLUS C3:1300:GASOHOL 90 PLUS ,C1:6000:Diesel B5 S-50 ,,,,,,,,,11200.0,7/09/2021,INDEFINIDO,GILMER SANTIAGO QUINTA MANYAVILCA,0,-13.0114818,-73.9817403
847,202100238790,148479,148479-050-050122,20127765279,COESTI S.A.,"LOTE P2 - 28 - A1, UBICACION RURAL VALLE MEDIO PIURA, SECTOR PIURA 2 C.P., PARCELA 17322",PIURA,PIURA,VEINTISEIS DE OCTUBRE,ESTACIONES DE SERVICIOS,C1:5000:GASOHOL 90 PLUS C2:5000:Diesel B5 S-50 ,C1:5000:GASOHOL 95 PLUS C2:5000:Diesel B5 S-50 ,,,,,,,,,20000.0,30/12/2021,INDEFINIDO,CRUCES LIBERT CESAR DOMINGO,0,-5.1782676,-80.654881
848,202200146514,14485,14485-050-020822,10460981625,OLIVER GOMEZ GALVEZ ,CARRETERA QUILLABAMBA - KITENI POBLADO SAJIRUYOC,CUSCO,LA CONVENCION,ECHARATE,ESTACIONES DE SERVICIOS,C1:2200:GASOHOL 90 PLUS ,C1:3000:Diesel B5 S-50 ,,,,,,,,,5200.0,2/08/2022,2/08/2023,OLIVER GOMEZ GALVEZ,0,-12.647404,-73.0486446
849,201700003154,94925,94925-050-311020,20600299507,CORPORACIÓN DE NEGOCIOS SUR PERÚ S.A.C.,"AV. 27 DE NOVIEMBRE N° 1116, BARRIO CHALLHUA",ANCASH,HUARAZ,HUARAZ,ESTACIONES DE SERVICIOS,C1:6000:Diesel B5 S-50 ,C1:1000:GASOHOL 97 PLUS C2:2500:GASOHOL 90 PLUS C3:2500:GASOHOL 95 PLUS ,,,,,,,,,12000.0,31/10/2020,INDEFINIDO,DIONICIO PERCY HUALLPA RODRIGUEZ,0,-9.5318658,-77.5319975
850,201700003924,63897,63897-050-250117,20454635672,GRIFO Y GASOCENTRO DON ANTONIO S.R.L.,INTERSECCIÓN DE LA AV. DOS DE MAYO Y CALLE Nº 2,AREQUIPA,CARAVELI,CARAVELI,ESTACIONES DE SERVICIOS,C1:700:GASOHOL 95 PLUS ,C1:700:GASOHOL 95 PLUS ,C1:2600:GASOHOL 90 PLUS ,C1:5200:Diesel B5 S-50 ,,,,,,,9200.0,25/01/2017,INDEFINIDO,EZEQUIEL PASCUAL ARMINDO GALLARDO LAVA,480,-15.7734675,-73.36714119999999
851,201600153282,120331,120331-050-131216,20601052980,PETROSERVICIOS & CONSTRUCTORA RAMIREZ S.R.L.,CARRETERA CENTRAL HUARAZ – CARAZ S/N SECTOR CARIAN,ANCASH,CARHUAZ,YUNGAR,ESTACIONES DE SERVICIOS,"C1:3202:DIESEL B5,Diesel B5 S-50 ",C1:2045:GASOHOL 90 PLUS ,C1:2216:GASOHOL 95 PLUS ,C1:1672:GASOHOL 97 PLUS ,,,,,,,9135.0,13/12/2016,INDEFINIDO,FELIX VICENTE RAMIREZ OBREGON ,0,-9.3001042,-77.6137115
852,201600141633,16811,16811-050-101016,20270382551,GRIFO SAN ANTONIO E.I.R.L.,AV. JUAN TOMIS STACK Nº 1040 - A,LAMBAYEQUE,CHICLAYO,CHICLAYO,ESTACIONES DE SERVICIOS,C1:2500:SIN PRODUCTO ,C1:2500:GASOHOL 95 PLUS ,C1:5000:GASOHOL 90 PLUS ,"C1:5000:DIESEL B5,Diesel B5 S-50 ",,,,,,,15000.0,10/10/2016,INDEFINIDO,DAVID FRANCISCO LA TORRE ALARCÓN ,0,-6.7755085,-79.86986809999999
853,202000178290,34082,34082-050-021220,20480485361,ESTACION DE SERVICIOS DON BENJITA S.R.L.,JR. LA MERCED N° 370 ,AMAZONAS,CHACHAPOYAS,CHACHAPOYAS,ESTACIONES DE SERVICIOS,C1:6000:Diesel B5 S-50 C2:6000:GASOLINA 95 ,C1:3000:GASOLINA 95 C2:3000:GASOLINA 90 ,C1:2000:Diesel B5 S-50 ,,,,,,,,20000.0,2/12/2020,INDEFINIDO,JOSEFA ELISA DIAZ VIUDA DE VILLACRES,0,-6.227741,-77.8703871
854,201800204659,93740,93740-050-181218,20127765279,COESTI S.A.,CARRETERA PANAMERICANA SUR KM. 460.50,ICA,NAZCA,VISTA ALEGRE,ESTACIONES DE SERVICIOS,C1:6000:Diesel B5 S-50 ,C1:6000:Diesel B5 S-50 ,C1:3000:GASOHOL 95 PLUS C2:3000:GASOHOL 97 PLUS ,C1:3000:GASOHOL 90 PLUS ,,,,,,,21000.0,18/12/2018,INDEFINIDO,ABRAHAM HUGO CALDERON MAVILA,0,-14.8443859,-74.9451136
855,201300099070,43901,43901-050-170613,10198672314,ALICIA QUISPE QUINTO,AV. MARISCAL CACERES Nº 621,JUNIN,CHUPACA,AHUAC,PUESTO DE VENTA DE COMBUSTIBLE - GRIFOS,C1:3200:GASOHOL 90 PLUS C2:3200:DIESEL B5 ,,,,,,,,,,6400.0,17/06/2013,INDEFINIDO,ALICIA QUISPE QUINTO,240,-12.0819206,-75.3167581
856,201700003920,40975,40975-050-130117,20459310488,NEGOCIACIONES COMERCIALES SANTA OLGA S.A.C.,AV. JOSE CARLOS MARIATEGUI MZ. H LOTE 24-COOP. DE VIVIENDA HUANCAYO,LIMA,LIMA,EL AGUSTINO,PUESTO DE VENTA DE COMBUSTIBLE - GRIFOS,C1:1000:GASOHOL 95 PLUS ,C1:1000:GASOHOL 90 PLUS ,C1:2000:Diesel B5 S-50 ,C1:1000:SIN PRODUCTO ,,,,,,,5000.0,13/01/2017,INDEFINIDO,MELINA ALEGRIA FLORES,0,-12.0321158,-76.998768
857,202000035029,142630,142630-050-020320,10226724490,KARINA MITZA BRAVO ALONZO ,CARRETERA CENTRAL LIMA-HUANUCO KM 372 CHAMANA CENTRO POBLADO MENOR DE SALAPAMPA,HUANUCO,AMBO,AMBO,ESTACIONES DE SERVICIOS,C1:1000:GASOHOL 90 PLUS C2:1000:GASOHOL 95 PLUS ,C1:8000:Diesel B5 S-50 ,,,,,,,,,10000.0,2/03/2020,INDEFINIDO,KARINA MITZA BRAVO ALONZO ,0,-9.936226999999999,-76.2431951
858,202200185620,62298,62298-050-230922,20608285297,OPERADOR DE SERVICIOS VJ S.A.C.,"AV. PRINCIPAL (FRANCISCO BOLOGNESI) S/N, MZ. A LOTES 19, 20 Y 21 AA.HH. VILLA CAMPOY ",LIMA,LIMA,SAN JUAN DE LURIGANCHO,PUESTO DE VENTA DE COMBUSTIBLE - GRIFOS,C1:6254:Diesel B5 S-50 ,C1:1371:SIN PRODUCTO C2:1371:GASOHOL 98 PLUS C3:1371:GASOHOL 95 PLUS C4:4553:GASOHOL 90 PLUS ,,,,,,,,,14920.0,23/09/2022,INDEFINIDO,IVETT PAOLA MONTES PALOMINO,0,-12.0216775,-76.95874649999999
859,202300104549,113398,113398-050-060523,20601078491,C & A PALCARO E.I.R.L.,PROLONGACION CALLE BOLIVAR S/N ,APURIMAC,COTABAMBAS,TAMBOBAMBA,PUESTO DE VENTA DE COMBUSTIBLE - GRIFOS,C1:3000:Diesel B5 S-50 ,C1:1000:GASOHOL REGULAR ,,,,,,,,,4000.0,6/05/2023,INDEFINIDO,GREGORIA ABARCA TAYPE,0,-13.9397518,-72.189
860,201900177991,7073,7073-050-071119,20503840121,REPSOL COMERCIAL S.A.C.,CARRETERA PANAMERICANA NORTE KM. 28.3,LIMA,LIMA,PUENTE PIEDRA,ESTACIONES DE SERVICIOS,C1:3900:GASOHOL 98 PLUS ,C1:6000:GASOHOL 90 PLUS ,C1:6000:Diesel B5 S-50 ,C1:6000:Diesel B5 S-50 ,C1:6000:Diesel B5 S-50 ,C1:6000:SIN PRODUCTO ,C1:6000:SIN PRODUCTO ,C1:6000:SIN PRODUCTO ,C1:3900:GASOHOL 95 PLUS ,,49800.0,7/11/2019,INDEFINIDO,VICTOR GONZALO CASTILLO OVIEDO,0,-11.8539385,-77.0880699
861,202200170943,105882,105882-050-070922,10459689392,POMA ALEJANDRO JUAN DANIEL,"SECTOR MISHICURI CC.NN. SAN RAMON DE PANGOA MZ. 'A' LOTES 1,2,3",JUNIN,SATIPO,PANGOA,PUESTO DE VENTA DE COMBUSTIBLE - GRIFOS,C1:2055:GASOHOL 90 PLUS C2:2546:Diesel B5 S-50 C3:2044:Diesel B5 S-50 ,,,,,,,,,,6645.0,7/09/2022,7/09/2023,JUAN DANIEL POMA ALEJANDRO,720,-11.4286676,-74.4859907
862,201900007189,21058,21058-050-170119,20471884741,COMARSA & CIA. S.R.L.,"AV. FELIPE MENDIZABAL MZ. K, LTS. 3 Y 4",LIMA,LIMA,CARABAYLLO,PUESTO DE VENTA DE COMBUSTIBLE - GRIFOS,C1:3200:SIN PRODUCTO ,C1:2000:GASOLINA 84 ,C1:2100:GASOLINA 90 ,C1:5300:DIESEL 2 ,,,,,,,12600.0,15/01/2019,INDEFINIDO,MARCO ANTONIO COSQUILLO SERNA ,0,-11.8644214,-77.0466868
863,201500074267,7461,7461-050-220322,20414738193,GRIFO VICTORIA E.I.R.L. ,AV. BAUZATE Y MEZA ESQ. PROLONGACION HUAMANGA S/N.,LIMA,LIMA,LA VICTORIA,GRIFO VIA PUBLICA,C1:4000:Diesel B5 S-50 C2:2000:Diesel B5 S-50 ,C1:4000:GASOHOL 95 PLUS C2:2500:GASOHOL 90 PLUS ,C1:4000:SIN PRODUCTO ,,,,,,,,16500.0,22/03/2022,INDEFINIDO,NADER ALFONSO ABUDAYEH GIHA,0,-12.0634208,-77.0204519
864,202200087625,43023,43023-050-210622,20499458097,ALVAUNSI S.A.C.,AV. UNIVERSITARIA ESQ. CON CALLE 15 MZ. Q-1 LOTES 30 Y 31 COOPERATIVA DE VIVIENDA PRIMAVERA,LIMA,LIMA,COMAS,ESTACIONES DE SERVICIOS,C1:1500:GASOHOL 95 PLUS C2:1500:GASOHOL 90 PLUS ,C1:1000:SIN PRODUCTO C2:3000:Diesel B5 S-50 ,,,,,,,,,7000.0,21/06/2022,INDEFINIDO,OSCAR ALVARADO UNSIHUAY,0,-11.9205251,-77.0530356
865,201200195333,98999,98999-050-271012,20491034174,GRIFO LA JOYA S.R.L.,AV. LA JOYA S/N. KM. 1.5-SECTOR LA JOYA,MADRE DE DIOS,TAMBOPATA,TAMBOPATA,PUESTO DE VENTA DE COMBUSTIBLE - GRIFOS,C1:11062:Diesel B5 S-50 ,C1:2140:GASOLINA 90 C2:8945:GASOLINA 84 ,,,,,,,,,22147.0,27/10/2012,INDEFINIDO,KLEIBERT QUISPE CRUZ,0,-12.6032182,-69.2095176
866,202300088508,14828,14828-050-180423,10024119217,ANDIA QUISPE DAYNE GRACIELA,AV HEROES DEL PACIFICO KM. 4 CARRETERA JULIACA - AREQUIPA,PUNO,SAN ROMAN,JULIACA,PUESTO DE VENTA DE COMBUSTIBLE - GRIFOS,C1:2200:GASOHOL REGULAR ,C1:2500:Diesel B5 S-50 ,,,,,,,,,4700.0,18/04/2023,INDEFINIDO,ANDIA QUISPE DAYNE GRACIELA,480,-15.5066438,-70.1169401
867,201900210889,102049,102049-050-201219,10316054345,ARMANDA ENMA RAMOS AQUIÑO,"AV. GABRIEL RAMOS S/N, CARRETERA HUARAZ-CASMA KM. 55.5",ANCASH,HUARAZ,PARIACOTO,PUESTO DE VENTA DE COMBUSTIBLE - GRIFOS,C1:2000:Diesel B5 S-50 ,C1:2000:GASOHOL 90 PLUS ,C1:2000:Diesel B5 S-50 ,C1:2000:GASOHOL 95 PLUS ,,,,,,,8000.0,20/12/2019,INDEFINIDO,ARMANDA ENMA RAMOS AQUIÑO,720,-9.529453799999999,-77.5291577
868,201600141642,83314,83314-050-171016,20393513072,SERVICENTRO CHAVEZ S.A.C.,CARRETERA FEDERICO BASADRE KM. 16.000,UCAYALI,CORONEL PORTILLO,CAMPOVERDE,ESTACIONES DE SERVICIOS,C1:4000:DIESEL B2 ,C1:4000:DIESEL B2 ,C1:4000:GASOLINA 90 ,C1:4000:DIESEL B2 ,C1:4000:GASOLINA 90 ,,,,,,20000.0,17/10/2016,INDEFINIDO,GRANDEZ LAZO LIZBETH MILAGROS,0,-8.4993283,-74.8391926
869,202300088500,8993,8993-050-190423,20601349508,GRIFO VIRGEN DE NATIVIDAD S.R.L,JR.PROLONGACION ACORA S/N,PUNO,PUNO,ACORA,PUESTO DE VENTA DE COMBUSTIBLE - GRIFOS,C1:2500:GASOHOL REGULAR ,C1:2500:Diesel B5 S-50 ,,,,,,,,,5000.0,19/04/2023,INDEFINIDO,LALO GIOMAR CALLOHUARI VALDIVIA,720,-15.838545,-70.0235563
870,202000078798,136503,136503-050-120720,10091328025,ALEJANDRO HUATAQUISPE HUAUYA,AV. AVIACIÓN ESQUINA VIA DE EVITAMIENTO MZ A LOTE 15 AAHH LA FORTALEZA,UCAYALI,CORONEL PORTILLO,MANANTAY,PUESTO DE VENTA DE COMBUSTIBLE - GRIFOS,C1:6000:DIESEL B5 ,C1:3000:GASOLINA 90 C2:3000:GASOLINA 90 ,,,,,,,,,12000.0,12/07/2020,INDEFINIDO,ALEJANDRO HUATAQUISPE HUAUYA,0,-8.423809799999999,-74.5562482
871,201600007519,9556,9556-050-200116,10296625171,JOSE LUIS SILVA NAVARRO,AV. SOCABAYA Nº 101,AREQUIPA,AREQUIPA,SOCABAYA,PUESTO DE VENTA DE COMBUSTIBLE - GRIFOS,C1:3000:GASOHOL 84 PLUS ,C1:3000:Diesel B5 S-50 ,C1:3000:GASOHOL 90 PLUS ,,,,,,,,9000.0,20/01/2016,INDEFINIDO,JOSE LUIS SILVA NAVARRO,0,-16.4160302,-71.4937616
872,202200042154,161767,161767-050-070622,20608585649,DAVICAM JUNIORS S.A.C.,"VÍA DE EVITAMIENTO – PROLONGACIÓN CALLE MICAELA BASTIDAS S/N, SECTOR LA CANOA, VALLE DEL TAMBO",AREQUIPA,ISLAY,PUNTA DE BOMBON,PUESTO DE VENTA DE COMBUSTIBLE - GRIFOS,C1:5268:Diesel B5 S-50 ,C1:5268:Diesel B5 S-50 ,C1:5268:GASOHOL 90 PLUS ,C1:2634:GASOHOL 95 PLUS ,C1:2634:GASOHOL 84 PLUS ,,,,,,21072.0,7/06/2022,INDEFINIDO,FRANCISCO LEONARDO DAVILA CAMACHO,0,-17.1667961,-71.7964709
873,202000070732,109583,109583-050-230620,20448013376,GRIFOS & INVERSIONES SAN JOSE SOCIEDAD ANONIMA CERRADA,KM. 4 CARRETERA JULIACA - CUSCO FUNDO RUSTICO CHIJI PAMPA,PUNO,SAN ROMAN,JULIACA,PUESTO DE VENTA DE COMBUSTIBLE - GRIFOS,C1:9200:Diesel B5 S-50 ,C1:9200:GASOHOL 95 PLUS ,C1:6580:GASOHOL 84 PLUS ,C1:6580:GASOHOL 90 PLUS ,,,,,,,31560.0,23/06/2020,INDEFINIDO,WILLIAM EDSON QUISOCALA HUANCO ,0,-15.5066438,-70.1169401
874,201700220315,9662,9662-050-050118,20448042805,GRIFOS IMAGI S.R.L,JR LIMA Nº 100 ,PUNO,SAN ROMAN,CARACOTO,PUESTO DE VENTA DE COMBUSTIBLE - GRIFOS,C1:2000:GASOHOL 90 PLUS ,C1:5000:Diesel B5 S-50 ,C1:3000:GASOHOL 84 PLUS ,,,,,,,,10000.0,5/01/2018,INDEFINIDO,MERCEDES AGUILAR ARCE ,720,-15.4898265,-70.1345815
875,202100157824,14455,14455-050-111021,20452558751,GRIFO TOKHEIM E.I.R.L.,CARRETERA AYACUCHO - HUANTA KM. 7 + 104,AYACUCHO,HUAMANGA,JESUS NAZARENO,ESTACIONES DE SERVICIOS,C1:7000:Diesel B5 S-50 ,C1:3000:GASOHOL 90 PLUS C2:2000:GASOHOL 95 PLUS C3:2000:GASOHOL 97 PLUS ,,,,,,,,,14000.0,11/10/2021,INDEFINIDO,ANTONIA PEÑA INFANTE,0,-13.1590999,-74.2209399
876,202200246073,153344,153344-050-031222,20604106525,SERVICENTRO JAPAY E.I.R.L.,CALLE LOS ARENALES MZ Ñ LOTE 1,LORETO,MAYNAS,SAN JUAN BAUTISTA,ESTACIONES DE SERVICIOS,C1:2985:GASOLINA 84 C2:2985:GASOLINA 90 C3:2985:DIESEL B5 ,,,,,,,,,,8955.0,3/12/2022,INDEFINIDO,SEGUNDO ALEJANDRO GUERRA TEIXEIRA,720,-4.0115128,-73.4327668
877,202300091839,138051,138051-050-200523,20606609079,AGA PETROLEOS S.A.C,"URB. SANTA ROSA, CARRETERA JULIACA - SANDIA KM.196 + 330",PUNO,SANDIA,CUYOCUYO,PUESTO DE VENTA DE COMBUSTIBLE - GRIFOS,C1:5000:Diesel B5 S-50 ,C1:5000:Diesel B5 S-50 ,C1:5000:Diesel B5 S-50 ,C1:2600:GASOHOL PREMIUM ,C1:2600:GASOHOL REGULAR ,,,,,,20200.0,20/05/2023,INDEFINIDO,HUAQUISTO CORNEJO GABY FULGENCIA,0,-14.4685517,-69.53668019999999
878,201700129485,84295,84295-050-270817,20393410184,SERVICENTRO MAURI SAC,"AV. PROLONGACION AV. SAN MARTIN 495, MZ. Ñ, LOTES 2, 17, 18, 18 Y 20, AA.HH. 11 DE JULIO",UCAYALI,CORONEL PORTILLO,CALLERIA,ESTACIONES DE SERVICIOS,C1:3336:DIESEL B5 C2:3336:DIESEL B5 ,C1:5435:GASOLINA 95 ,C1:5435:GASOLINA 90 ,,,,,,,,17362.0,27/08/2017,INDEFINIDO,HECTOR MAURICIO LEON,0,-8.423809799999999,-74.5562482
879,202200054807,141938,141938-050-210422,20602804586,ESTACION DE SERVICIOS EL HUAMANGUINO S.A.C.,CARRETERA AYACUCHO - CUSCO KM 07,AYACUCHO,HUAMANGA,SAN JUAN BAUTISTA,ESTACIONES DE SERVICIOS,C1:10000:Diesel B5 S-50 ,C1:10000:Diesel B5 S-50 ,C1:5000:GASOHOL 95 PLUS C2:5000:GASOHOL 90 PLUS ,,,,,,,,30000.0,21/04/2022,INDEFINIDO,RUTH BETTY BAUTISTA GOMEZ,0,-13.1745554,-74.2058318
880,202000099650,150452,150452-050-110820,20105300914,SERVICENTRO SECHURA E.I.R.L.,AV. PERÚ S/N (ENTRADA A RINCONADA LLICUAR),PIURA,SECHURA,RINCONADA LLICUAR,PUESTO DE VENTA DE COMBUSTIBLE - GRIFOS,C1:5000:Diesel B5 S-50 ,C1:5000:Diesel B5 S-50 ,C1:5000:GASOHOL 84 PLUS ,C1:5000:GASOHOL 90 PLUS ,C1:5000:GASOHOL 95 PLUS ,,,,,,25000.0,11/08/2020,INDEFINIDO,FLORA MENDOZA DE CURO,0,-5.484996799999999,-80.771321
881,202100016649,18456,18456-050-300121,20503840121,REPSOL COMERCIAL S.A.C.,ESQUINA AV. EJERCITO Y ALAMEDA PACHACUTEC S/N,CUSCO,CUSCO,CUSCO,ESTACIONES DE SERVICIOS,C1:8000:GASOHOL 90 PLUS ,C1:8000:Diesel B5 S-50 ,C1:3600:SIN PRODUCTO C2:2700:GASOHOL 98 PLUS ,C1:2000:SIN PRODUCTO C2:4000:GASOHOL 95 PLUS C3:2000:SIN PRODUCTO ,,,,,,,30300.0,30/01/2021,INDEFINIDO,VICTOR GONZALO CASTILLO OVIEDO ,0,-13.528031,-71.97081299999999
882,202100242395,104012,104012-050-111221,20557818180,SERVICIOS MULTIPLES JHAMSUR S.A.C.,INTERSECCION AV SAN ISIDRO S/N CON JR LIMA,AYACUCHO,PARINACOCHAS,PUYUSCA,ESTACIONES DE SERVICIOS,C1:2300:Diesel B5 S-50 ,C1:1100:GASOHOL 90 PLUS C2:1100:GASOHOL 90 PLUS ,,,,,,,,,4500.0,11/12/2021,INDEFINIDO,ALEJANDRO ASUNCION QUISPE CHIARA,480,-15.3066155,-73.6065223
883,201800004642,8270,8270-050-170118,20223489819,GRIFO TAPIA E.I.R.L.,CARRETERA CUSCO - URCOS KM. 21,CUSCO,QUISPICANCHI,OROPESA,ESTACIONES DE SERVICIOS,C1:5000:GASOHOL 95 PLUS ,C1:7500:GASOHOL 90 PLUS ,C1:7500:Diesel B5 S-50 ,,,,,,,,20000.0,17/01/2018,INDEFINIDO,MELQUIADES TAPIA CONDORI,0,-13.5997689,-71.7675485
884,201800048896,8544,8544-050-260318,10295441785,EMILIA ESTELA LUZA DE LLOSA,CARRETERA PANAMERICANA SUR KM. 913,AREQUIPA,AREQUIPA,SAN JUAN DE SIGUAS,ESTACIONES DE SERVICIOS,C1:2620:GASOHOL 95 PLUS ,C1:2620:Diesel B5 S-50 ,C1:2620:GASOHOL 90 PLUS ,,,,,,,,7860.0,26/03/2018,INDEFINIDO,EMILIA ESTELA LUZA DE LLOSA,0,-16.4018256,-72.2203801
885,201800162264,90020,90020-050-311018,20393578441,ESTACIÓN DE SERVICIOS GASPET S.R.L.,"JR. ALFREDO EGLINTON N° 300, URB. JUNTA DE SOCIOS DE IMOSA, ESQUINA CON AV. AMAZONAS",UCAYALI,CORONEL PORTILLO,CALLERIA,ESTACIONES DE SERVICIOS,C1:4306:GASOLINA 95 C2:2295:GASOLINA 90 ,C1:6601:GASOLINA 90 ,C1:4306:DIESEL B5 C2:2295:DIESEL B5 ,,,,,,,,19803.0,1/10/2018,INDEFINIDO,ZULEMA DIAZ AREVALO,0,-8.3741482,-74.54504659999999
886,201800137677,82562,82562-050-060918,20452772087,SERVICENTRO GARLUFAK E.I.R.L.,AV. EJERCITO N° 905 - LOTIZACION CHAQUIBAMBA,AYACUCHO,HUAMANGA,ANDRES AVELINO CACERES,ESTACIONES DE SERVICIOS,C1:5024:GASOHOL 90 PLUS ,C1:5024:Diesel B5 S-50 ,C1:2084:GASOHOL 97 PLUS C2:3072:GASOHOL 95 PLUS ,C1:5000:Diesel B5 S-50 ,,,,,,,20204.0,29/08/2018,INDEFINIDO,KARIN PIZARRO PERALTA,0,-13.1576409,-74.2075479
887,202100182382,131564,131564-050-160821,20600272919,INVERSIONES CARUAJULCA S.R.L.,CARRETERA CAJAMARCA – BAMBAMARCA KM 199 + 300 SECTOR SAN RAFAEL,CAJAMARCA,HUALGAYOC,BAMBAMARCA,ESTACIONES DE SERVICIOS,C1:6025:Diesel B5 S-50 ,C1:2659:GASOHOL 95 PLUS ,C1:2659:GASOHOL 90 PLUS ,,,,,,,,11343.0,16/08/2021,INDEFINIDO,RAUL CARUAJULCA VASQUEZ,0,-6.679586599999999,-78.5192276
888,202000053254,147259,147259-050-090520,20605167498,MULTISERVICIOS EL MAÑU E.I.R.L.,AV. MARAÑON N° 1090 CP. MESONES MURO,AMAZONAS,BAGUA,IMAZA,ESTACIONES DE SERVICIOS,C1:2000:Diesel B5 S-50 ,C1:2000:GASOLINA 84 ,C1:2000:GASOLINA 90 ,,,,,,,,6000.0,9/05/2020,INDEFINIDO,SEGUNDO MANUEL ESPINOZA SALDAÑA,0,-5.071638699999999,-78.33194859999999
889,202100134959,90216,90216-050-250721,20607998745,GRIFO EVAN E.I.R.L.,AV. SALOMON VILCHEZ MURGA S/N,CAJAMARCA,CUTERVO,CUTERVO,PUESTO DE VENTA DE COMBUSTIBLE - GRIFOS,C1:2240:Diesel B5 S-50 ,C1:1120:GASOHOL 84 PLUS ,C1:1120:GASOHOL 90 PLUS ,,,,,,,,4480.0,25/07/2021,INDEFINIDO,MIRIAM VASQUEZ ROJAS ,0,-6.3798591,-78.8130288
890,201700003997,7201,7201-050-150217,20172849327,ESTACION DE SERVICIOS MERMA E HIJOS SOCIEDAD COMERCIAL DE RESPONSABILIDAD LIMITADA,AV. PANAMERICANA Nº 1012,PUNO,EL COLLAO,ILAVE,ESTACIONES DE SERVICIOS,C1:6000:GASOHOL 84 PLUS ,C1:6000:Diesel B5 S-50 ,C1:2700:Diesel B5 S-50 ,C1:2030:GASOHOL 90 PLUS ,,,,,,,16730.0,15/02/2017,INDEFINIDO,ANDREA DORIS MERMA AGUILAR ,720,-16.0825395,-69.6384724
891,202100073049,84975,84975-050-040621,20479750263,GRIFO BRISMAR E.I.R.L.,JR. COMERCIO C-10 Y AV. CIRCUNVALACION C-9,AMAZONAS,BAGUA,BAGUA,PUESTO DE VENTA DE COMBUSTIBLE - GRIFOS,C1:2000:Diesel B5 S-50 ,C1:800:GASOLINA 84 C2:1700:GASOLINA 90 ,,,,,,,,,4500.0,4/06/2021,INDEFINIDO,ROGELIO JACOB VÁSQUEZ MENDOZA,0,-5.6397548,-78.5253663
892,201600153258,100712,100712-050-221116,10174263022,BERTIZ MARGARITA BERECHE BALDERA,PREDIO MI ELUYAJE SECTOR LA BALSA CALLE PROLONGACION REAL S/N-BATANGRANDE,LAMBAYEQUE,FERREÑAFE,PITIPO,ESTACIONES DE SERVICIOS,"C1:2000:DIESEL B5,Diesel B5 S-50 ",C1:1000:GASOHOL 84 PLUS C2:1000:GASOHOL 90 PLUS ,,,,,,,,,4000.0,22/11/2016,INDEFINIDO,BERTIZ MARGARITA BERECHE BALDERA,0,-6.4839106,-79.6503051
893,201900083512,122795,122795-050-280519,20455866007,MULTISERVICIOS FRANDAB E.I.R.L.,"ASENTAMIENTO HUMANO VILLA PARAISO, MZ. N, LOTE N° 4, CALLE N° 7",AREQUIPA,ISLAY,DEAN VALDIVIA,PUESTO DE VENTA DE COMBUSTIBLE - GRIFOS,C1:1438:Diesel B5 S-50 ,C1:1438:GASOHOL 90 PLUS ,C1:1438:Diesel B5 S-50 ,,,,,,,,4314.0,28/05/2019,INDEFINIDO,FRANCISCO MAXIMO DAVILA BUSTAMANTE,0,-17.0890713,-71.8334145
894,202000182797,82816,82816-050-010321,20601816980,INVERSIONES GENERALES DILEO PERU S.A.C. ,"AV. EL TRIUNFO S/N MZ.Q-2, LOTE 5. PARCELACION ZAPALLAL",LIMA,LIMA,PUENTE PIEDRA,ESTACIONES DE SERVICIOS,C1:5222:Diesel B5 S-50 ,C1:2209:GASOHOL 90 PLUS ,C1:2209:GASOHOL 95 PLUS ,C1:3013:SIN PRODUCTO ,,,,,,,12653.0,24/12/2020,INDEFINIDO,RUSBEL LUCIO CARRASCO CUYOTUPA,0,-11.8436103,-77.0987287
895,201800015229,6764,6764-050-010218,20127765279,COESTI S.A.,PASEO DE LA REPUBLICA NO. 5789,LIMA,LIMA,MIRAFLORES,ESTACIONES DE SERVICIOS,C1:7500:Diesel B5 S-50 ,C1:7500:GASOHOL 90 PLUS ,C1:7500:GASOHOL 97 PLUS ,C1:7500:GASOHOL 95 PLUS ,,,,,,,30000.0,1/02/2018,INDEFINIDO,JOSE ANTONIO GALDOS ZUÑIGA,240,-12.1235698,-77.0242475
896,202200209140,146481,146481-050-211022,20605233997,ESTACION DE SERVICIOS GRIFO CRISTO REY SOCIEDAD ANONIMA CERRADA,CARRETERA PANAMERICANA SUR KM 823,AREQUIPA,CAMANA,NICOLAS DE PIEROLA,ESTACIONES DE SERVICIOS,C1:8000:Diesel B5 S-50 ,C1:2640:Diesel B5 S-50 ,C1:2640:GASOHOL 95 PLUS ,C1:8000:GASOHOL 90 PLUS ,C1:8000:Diesel B5 S-50 ,,,,,,29280.0,21/10/2022,INDEFINIDO,MAXIMO DAVILA BUSTAMANTE,0,-16.511965,-72.9255801
897,202000056798,21149,21149-050-180520,20601919436,SERVICIOS LOGISTICOS VIMA S.A.C.,JR. MOQUEGUA CON JR. AYACUCHO S/N.,SAN MARTIN,BELLAVISTA,BELLAVISTA,PUESTO DE VENTA DE COMBUSTIBLE - GRIFOS,C1:3000:GASOLINA 90 ,C1:5000:Diesel B5 S-50 ,C1:5000:GASOLINA 84 ,,,,,,,,13000.0,18/05/2020,INDEFINIDO,JUANA INES MALDONADO ALVARADO,0,-7.0588707,-76.58668829999999
898,201600131657,39855,39855-050-110916,20537883601,INVERSIONES ELCHER S.A.C.,AV. A MZ. B1 LOTE 15 AA.HH. VENTANILLA ALTA,PROV. CONST. DEL CALLAO,PROV. CONST. DEL CALLAO,VENTANILLA,ESTACIONES DE SERVICIOS,C1:3000:Diesel B5 S-50 C2:2000:SIN PRODUCTO ,C1:2400:Diesel B5 S-50 ,C1:1500:GASOHOL 90 PLUS ,,,,,,,,8900.0,11/09/2016,INDEFINIDO,CINDY JENIFER HERRERA VASQUEZ,0,-11.8839132,-77.1011415
899,202300085691,166754,166754-050-190423,20610351833,GRIFO'S LEO EIRL,CARRETERA FERNANDO BELAUNDE TERRY KM. 233 SECTOR SAN ANTONIO,AMAZONAS,UTCUBAMBA,BAGUA GRANDE,PUESTO DE VENTA DE COMBUSTIBLE - GRIFOS,C1:4000:GASOLINA PREMIUM ,C1:4000:GASOLINA REGULAR ,C1:5000:Diesel B5 S-50 ,C1:2000:GASOHOL REGULAR ,,,,,,,15000.0,19/04/2023,INDEFINIDO,DARWIN GUEVARA ALARCON,0,-5.7569092,-78.4372279
900,201900127151,19918,19918-050-210819,20601056306,GRIFO DELFIN S.A.C.,CARRETERA PANAMERICANA NORTE - CURVA DE SUN MOCHE,LA LIBERTAD,TRUJILLO,MOCHE,PUESTO DE VENTA DE COMBUSTIBLE - GRIFOS,C1:5000:GASOHOL 90 PLUS ,C1:5000:GASOHOL 95 PLUS ,C1:5000:GASOHOL 97 PLUS ,C1:10000:Diesel B5 S-50 ,C1:10000:Diesel B5 S-50 ,,,,,,35000.0,21/08/2019,INDEFINIDO,GRICELLE MARIELA FARFAN CABADA,0,-8.1511806,-79.0135987
901,202300054507,113356,113356-050-200323,20228985237,ESTACION DE SERVICIOS SAN JOSE ESPINAR-CUSCO SRL,AV. SAN MARTIN 406 ASOCIACION PROV. ALTO PICHIHUA,CUSCO,ESPINAR,ESPINAR,PUESTO DE VENTA DE COMBUSTIBLE - GRIFOS,C1:10174:Diesel B5 S-50 ,C1:3051:GASOHOL PREMIUM C2:3051:GASOHOL REGULAR ,C1:5268:GASOHOL REGULAR ,,,,,,,,21544.0,20/03/2023,INDEFINIDO,LUIS ALBERTO PEZO HUAYLLA,0,-14.7910325,-71.4097084
902,201600142288,88631,88631-050-121016,20450302610,ESTACION DE SERVICIOS ZARITA TOCACHE E.I.R.L.,JR. JOSE GERMANY N° 421 (INTERSECCION CON EL JR. BOLOGNESI),SAN MARTIN,TOCACHE,TOCACHE,ESTACIONES DE SERVICIOS,C1:3000:GASOLINA 90 ,C1:3000:GASOLINA 84 ,"C1:6000:DIESEL B5,Diesel B5 S-50 ",,,,,,,,12000.0,12/10/2016,INDEFINIDO,ZARA JONILDA HUAYANAY JESUS,720,-8.1910824,-76.5126954
903,201700086830,55946,55946-050-130617,20601494176,LUCIPETROL S.A.C.,ESQUINA AV. PAKAMUROS CON CALLE BOLIVAR Y MALECON QUEBRADA AMOJU,CAJAMARCA,JAEN,JAEN,ESTACIONES DE SERVICIOS,C1:3989:Diesel B5 S-50 ,C1:4012:GASOHOL 90 PLUS ,C1:1988:GASOHOL 84 PLUS C2:1988:GASOHOL 95 PLUS ,,,,,,,,11977.0,13/06/2017,INDEFINIDO,GREACE CATHERINE TROYA PARIHUAMAN ,0,-5.7068401,-78.803358
904,202300054505,8185,8185-050-220323,20228985237,ESTACION DE SERVICIOS SAN JOSE ESPINAR-CUSCO SRL,AV. TINTAYA Nº 600,CUSCO,ESPINAR,ESPINAR,PUESTO DE VENTA DE COMBUSTIBLE - GRIFOS,C1:2000:GASOHOL PREMIUM ,C1:3000:GASOHOL REGULAR ,C1:7000:Diesel B5 S-50 ,C1:9308:Diesel B5 S-50 ,C1:4641:Diesel B5 S-50 C2:4641:GASOHOL REGULAR ,,,,,,30590.0,22/03/2023,INDEFINIDO,LUIS ALBERTO PEZO HUAYLLA,0,-14.7951845,-71.40614479999999
905,201900061783,41371,41371-050-220419,20527519935,MULTISERVICIOS ROSER S.R.L.,AV LAZARO CARRILLO N° 280,APURIMAC,ANDAHUAYLAS,ANDAHUAYLAS,ESTACIONES DE SERVICIOS,C1:3171:GASOHOL 95 PLUS ,"C1:0:DIESEL B5,Diesel B5 S-50 ",C1:4383:GASOHOL 90 PLUS ,C1:4480:Diesel B5 S-50 ,,,,,,,16252.0,22/04/2019,INDEFINIDO,NELIDA FELICITAS ROJAS PALOMINO DE SERNA,0,-13.6593536,-73.39062729999999
906,202100286715,99632,99632-050-260122,20608297775,ASTUR FUELS S.A.,AA.HH. EL MILAGRO SECTOR X - 1° DE MAYO MZ. 1 LT. 2 (ESQUINA PANAMERICANA NORTE KM 572 Y AV. JOSE SANDOVAL),LA LIBERTAD,TRUJILLO,HUANCHACO,ESTACIONES DE SERVICIOS,C1:9400:Diesel B5 S-50 ,C1:2400:GASOHOL 90 PLUS ,,,,,,,,,11800.0,26/01/2022,INDEFINIDO,PEDRO IGNACIO ABRAHAM LAZARO SOBRINO,720,-8.0143731,-79.0670934
907,201900014099,134060,134060-050-300119,20535991091,GRUPO SCJ ONOFRE´S S.A.C.,AV. JOSE CARLOS SACO ROJAS EX HUARANGAL PARCELA 65-LA MOLINA SAN DIEGO,LIMA,LIMA,CARABAYLLO,PUESTO DE VENTA DE COMBUSTIBLE - GRIFOS,C1:4149:Diesel B5 S-50 ,C1:2195:Diesel B5 S-50 C2:2195:GASOHOL 95 PLUS ,C1:3000:GASOHOL 90 PLUS ,,,,,,,,11539.0,30/01/2019,INDEFINIDO,EMILIANA LEONIDES ONOFRE VALVERDE,0,-12.0742935,-76.9136304
908,202000171443,19875,19875-050-201120,20527810273,INVERSIONES GRAN PERU E.I.RL.,AV. TUYRO TUPAC N° 2020 SECTOR AYMAMARCA,CUSCO,CUSCO,SAN SEBASTIAN,PUESTO DE VENTA DE COMBUSTIBLE - GRIFOS,C1:6000:Diesel B5 S-50 ,C1:4000:GASOHOL 95 PLUS ,C1:1500:GASOHOL 90 PLUS ,C1:3000:GASOHOL 90 PLUS ,,,,,,,14500.0,20/11/2020,INDEFINIDO,ROBERT MILTON QUISPE QUENAYA ,0,-13.5317128,-71.9327781
909,201700170573,103744,103744-050-191017,10456810280,ROCIO CORI VILCA,CALLE PRINCIPAL CON CALLE S/N CENTRO POBLADO MENOR CHOQUE,MADRE DE DIOS,MANU,HUEPETUHE,PUESTO DE VENTA DE COMBUSTIBLE - GRIFOS,C1:5300:Diesel B5 S-50 ,C1:5300:Diesel B5 S-50 ,,,,,,,,,10600.0,19/10/2017,INDEFINIDO,ROCIO CORI VILCA,0,-12.9934023,-70.5234255
910,1479135,39429,39429-050-100511,20392883208,SERVICENTRO MALI S.A.C.,JR. HUMBOLDT CON PROLONGACION HUAMANGA N° 619 (BERMA CENTRAL),LIMA,LIMA,LA VICTORIA,PUESTO DE VENTA DE COMBUSTIBLE - GRIFOS,C1:4000:GASOLINA 84 ,C1:4000:GASOLINA 90 ,C1:5000:Diesel B5 S-50 ,C1:5000:Diesel B5 S-50 ,C1:5000:SIN PRODUCTO ,,,,,,23000.0,10/05/2011,INDEFINIDO,MAURO VALENCIA MORALES,0,-12.0652947,-77.0199161
911,201900163032,33246,33246-050-091019,20527591881,GRIFO EL VOLANTE S.A.C. ,CARRETERA CUSCO - URCOS KM. 25 SECTOR HUACARPAY,CUSCO,QUISPICANCHI,LUCRE,PUESTO DE VENTA DE COMBUSTIBLE - GRIFOS,C1:4000:Diesel B5 S-50 ,C1:7000:Diesel B5 S-50 ,C1:10530:Diesel B5 S-50 ,C1:5230:GASOHOL 95 PLUS C2:5230:GASOHOL 90 PLUS ,,,,,,,31990.0,9/10/2019,INDEFINIDO,CELINDA GARCIA MIRANDA,720,-13.610116,-71.7316634
912,201700200064,133103,133103-050-051217,10015455751,VIRGINIA EVARISTA CHOQUEHUANCA SOLORZANO ,JR. SAM JOSE N° 803,PUNO,AZANGARO,AZANGARO,PUESTO DE VENTA DE COMBUSTIBLE - GRIFOS,C1:2696:Diesel B5 S-50 ,C1:1798:GASOHOL 84 PLUS ,C1:1798:GASOHOL 90 PLUS ,,,,,,,,6292.0,5/12/2017,INDEFINIDO,VIRGINIA EVARISTA CHOQUEHUANCA SOLORZANO ,0,-14.8973678,-70.19215059999999
913,202200006757,160818,160818-050-220522,10295924654,PERCY ZEGARRA QUIRITA,"CIUDAD DE MAJES, MODULO E, SECTOR 2, MZ E3, LOTE 09 Y LOTE 10",AREQUIPA,CAYLLOMA,MAJES,PUESTO DE VENTA DE COMBUSTIBLE - GRIFOS,C1:3000:Diesel B5 S-50 ,C1:1900:GASOHOL 90 PLUS C2:1900:GASOHOL 95 PLUS ,,,,,,,,,6800.0,22/05/2022,INDEFINIDO,PERCY ZEGARRA QUIRITA,0,-16.3499293,-72.18553949999999
914,1835570,64409,0013-GRIF-15-2008,20193937552,CONCESIONARIO PETRO SERVICE D.V. S.R.L.,"ESQ. AV. VISTA ALEGRE Y JR. 24 DE JUNIO, MZ.25, LT.22 AA.HH. 3 DE OCTUBRE DE VILLA",LIMA,LIMA,SAN JUAN DE MIRAFLORES,PUESTO DE VENTA DE COMBUSTIBLE - GRIFOS,C1:2003:GASOLINA 90 ,C1:749:SIN PRODUCTO ,C1:3995:DIESEL 2 ,C1:2003:GASOLINA 84 ,,,,,,,8750.0,5/12/2008,INDEFINIDO,"VASQUEZ ROMERO, CHRISTIAN",0,-12.1985687,-76.9789796
915,202000158449,149295,149295-050-141120,20606603283,ENECON INVERSIONES S.A.C.,"CARRETERA AYACUCHO ANDAHUAYLAS, CP SAN CRISTOBAL DE CASAORCCO",AYACUCHO,HUAMANGA,CARMEN ALTO,ESTACIONES DE SERVICIOS,C1:10000:Diesel B5 S-50 ,C1:10000:GASOHOL 90 PLUS ,C1:5000:GASOHOL 97 PLUS C2:5000:GASOHOL 95 PLUS ,,,,,,,,30000.0,14/11/2020,INDEFINIDO,TEODORA CASTRO GUILLEN,0,-13.1557404,-74.2341746
916,202100231695,62704,62704-050-021121,10006684799,CASTRO GARCIA SANTOS PEDRO,CARRETERA TACNA - ILO. KM. 16+0.865 LA YARADA. ASENTAMIENTO 04,TACNA,TACNA,LA YARADA LOS PALOS,PUESTO DE VENTA DE COMBUSTIBLE - GRIFOS,C1:2600:Diesel B5 S-50 ,C1:3950:GASOHOL 90 PLUS ,C1:2600:GASOHOL 95 PLUS ,C1:2600:Diesel B5 S-50 ,,,,,,,11750.0,2/11/2021,INDEFINIDO,SANTOS PEDRO CASTRO GARCÍA,0,-18.2052105,-70.5402518
917,202100022482,154301,154301-050-160321,20605263870,GRIFO RADEL EMPRESA INDIVIDUAL DE RESPONSABILIDAD LIMITADA,APV. HEROES DEL CENEPA/CANTERAS S/N,CUSCO,ESPINAR,ESPINAR,ESTACIONES DE SERVICIOS,C1:5010:GASOHOL 95 PLUS ,C1:5020:GASOHOL 90 PLUS ,C1:6030:Diesel B5 S-50 ,C1:6030:Diesel B5 S-50 ,,,,,,,22090.0,16/03/2021,INDEFINIDO,RAMIRO BUSTAMANTE LAGUNA,0,-14.8958096,-71.2149508
918,202100242382,149254,149254-050-311221,10437441681,DEICY AZULA CORONEL,ESTANCIA DE PINGOBAMBA SECTOR TORIL (CARRETERA CHOTA – LAJAS),CAJAMARCA,CHOTA,CHOTA,ESTACIONES DE SERVICIOS,C1:5323:Diesel B5 S-50 ,C1:4093:GASOHOL 90 PLUS ,C1:2085:GASOHOL 95 PLUS ,,,,,,,,11501.0,31/12/2021,INDEFINIDO,DEICY AZULA CORONEL,0,-6.5539753,-78.6390872
919,202300054516,88273,88273-050-140423,20455489882,INVERSIONES Y ASOCIADOS RHL S.R.L.,AV. CAYLLOMA MZ G LOTE 8 ,CUSCO,ESPINAR,ESPINAR,ESTACIONES DE SERVICIOS,C1:5260:SIN PRODUCTO ,C1:5260:SIN PRODUCTO ,C1:3950:SIN PRODUCTO ,C1:10000:Diesel B5 S-50 ,C1:5000:GASOHOL REGULAR C2:3000:GASOHOL REGULAR C3:2000:GASOHOL PREMIUM ,,,,,,34470.0,14/04/2023,INDEFINIDO,LUIS ALBERTO PEZO HUAYLLA,0,-14.8002812,-71.4166268
920,202300056575,107482,107482-050-310323,10413245040,PATTY ACERO CHAMBI,"CARRETERA BINACIONAL ILO - DESAGUADERO KM. 303+240, MAZOCRUZ",PUNO,EL COLLAO,SANTA ROSA,PUESTO DE VENTA DE COMBUSTIBLE - GRIFOS,C1:1500:Diesel B5 S-50 ,C1:1500:GASOHOL PREMIUM ,C1:1500:GASOHOL REGULAR ,,,,,,,,4500.0,31/03/2023,INDEFINIDO,PATTY ACERO CHAMBI,200,-16.7407664,-69.715289
921,201900166551,7537,7537-050-191019,20601474892,TRANSPORTES Y SERVICIOS MULTIPLES FC E.I.R.L.,AV. MIGUEL GRAU Nº 706,LAMBAYEQUE,CHICLAYO,PICSI,PUESTO DE VENTA DE COMBUSTIBLE - GRIFOS,C1:2000:Diesel B5 S-50 ,C1:2000:GASOHOL 90 PLUS ,,,,,,,,,4000.0,19/10/2019,INDEFINIDO,SOCORRO ELENA VELASQUEZ VARGAS ,0,-6.780175499999999,-79.8450053
922,201300000914,9666,9666-050-240113,20406529658,GRIFO LOS AMIGOS S.R.L,JR. 8 DE NOVIEMBRE N° 990,PUNO,SAN ROMAN,JULIACA,PUESTO DE VENTA DE COMBUSTIBLE - GRIFOS,C1:4000:Diesel B5 S-50 ,C1:2000:GASOHOL 90 PLUS ,C1:3000:GASOHOL 84 PLUS ,,,,,,,,9000.0,24/01/2013,INDEFINIDO,LINDER FREDY MAMANI UCHASARA,0,-15.486467,-70.1335035
923,201300031164,101101,101101-050-120213,20539913434,MULTISERVICIOS WILMERCITO S.A.C.,ESQUINA DE LA CALLE 5 DE NOVIEMBRE Y CALLE 20 DE SETIEMBRE,LA LIBERTAD,TRUJILLO,FLORENCIA DE MORA,PUESTO DE VENTA DE COMBUSTIBLE - GRIFOS,"C1:1400:GASOHOL 84 PLUS,GASOHOL 90 PLUS ",C1:3000:DIESEL B5 ,C1:1100:GASOHOL 84 PLUS ,,,,,,,,6400.0,31/01/2013,INDEFINIDO,ELISIA SUSANA SAAVEDRA BACA,0,-8.0773119,-79.02495789999999
924,202000191708,95756,95756-050-151220,20532061238,ESTACION DE SERVICIO TORTUGAS E.I.R.L.,BALNEARIO GUAYNUMA S/N,ANCASH,CASMA,COMANDANTE NOEL,PUESTO DE VENTA DE COMBUSTIBLE - GRIFOS,C1:1999:Diesel B5 S-50 ,C1:1419:Diesel B5 S-50 ,C1:1424:GASOHOL 90 PLUS ,,,,,,,,4842.0,15/12/2020,INDEFINIDO,JORGE LUIS COLUNCHE DIAZ,0,-9.345555599999999,-78.4236111
925,202300017589,148174,148174-050-300123,20603218745,MULTISERVIS CRIMASA S.A.C.,URB. HOSPITALPAMPA QUINTA SOFIA,CUSCO,ANTA,ANTA,PUESTO DE VENTA DE COMBUSTIBLE - GRIFOS,C1:5260:Diesel B5 S-50 ,C1:2470:GASOHOL 90 PLUS C2:2470:GASOHOL 90 PLUS ,,,,,,,,,10200.0,30/01/2023,INDEFINIDO,CRISTIAN DANIEL LEON NINAHUAMAN,0,-13.479597,-72.1110396
926,201500058739,107321,107321-050-130515,10156815972,ROSA TEODOSIA MINAYA TORRES ,CARRETERA PATIVILCA – HUARAZ KM. 53,ANCASH,BOLOGNESI,COLQUIOC,ESTACIONES DE SERVICIOS,C1:3000:DIESEL B5 ,C1:3000:GASOHOL 90 PLUS ,,,,,,,,,6000.0,13/05/2015,INDEFINIDO,ROSA TEODOSIA MINAYA TORRES ,720,-10.3153638,-77.6200235
927,202200267117,131761,131761-050-060123,20602182801,PETROCOMPANY M&E S.A.C.,"AV. ANCHIHUAY S/N, BARRIO BELLA VISTA ",AYACUCHO,LA MAR,ANCHIHUAY,ESTACIONES DE SERVICIOS,C1:6147:Diesel B5 S-50 ,C1:3073:GASOHOL 90 PLUS C2:3073:GASOHOL 90 PLUS ,,,,,,,,,12293.0,6/01/2023,6/01/2024,CORNELIO ESCALANTE GUEVARA,0,-12.8631361,-73.5781843
928,201700002419,93001,93001-050-170117,10278514876,JUSTO PASTOR ARIAS ABARCA,AV. MARIANO MELGAR S/N ESQUINA CON CALLE SAN MARTIN,CAJAMARCA,SAN IGNACIO,SAN IGNACIO,PUESTO DE VENTA DE COMBUSTIBLE - GRIFOS,C1:2000:GASOHOL 90 PLUS ,C1:1500:GASOHOL 84 PLUS C2:500:GASOHOL 95 PLUS ,C1:5200:Diesel B5 S-50 ,,,,,,,,9200.0,17/01/2017,INDEFINIDO,JUSTO PASTOR ARIAS ABARCA,720,-5.1321362,-78.9923936
929,202000155880,115376,115376-050-311020,10239755122,EFRAIN SANCHEZ HUAMAN,SECTOR CANCHA CANCHA VALLE MAPACHO,CUSCO,QUISPICANCHI,OCONGATE,ESTACIONES DE SERVICIOS,C1:10000:Diesel B5 S-50 ,C1:5000:GASOHOL 90 PLUS C2:5000:GASOHOL 95 PLUS ,C1:5324:Diesel B5 S-50 C2:5324:GASOHOL 90 PLUS ,,,,,,,,30648.0,31/10/2020,INDEFINIDO,EFRAIN SANCHEZ HUAMAN,0,-13.2349407,-72.0260756
930,201600003792,118642,118642-050-190116,20489424071,SERVICIOS GENERALES SIBER S.A.C.,LOTE1 MZ. X1 AV. 12 DE MAYO COMUNIDAD CAMPESINA COCHAMARCA.,PASCO,PASCO,VICCO,PUESTO DE VENTA DE COMBUSTIBLE - GRIFOS,C1:2000:GASOHOL 95 PLUS C2:4000:GASOHOL 90 PLUS ,C1:6000:DIESEL B5 ,,,,,,,,,12000.0,19/01/2016,INDEFINIDO,SAUL BARRETO MARCELO,0,-10.8820187,-76.2971463
931,202000080227,7211,7211-050-080720,10427866705,VILMA JUAREZ ALBINES ,CARRETERA PIURA - SECHURA KM. 38.5,PIURA,SECHURA,VICE,PUESTO DE VENTA DE COMBUSTIBLE - GRIFOS,C1:4000:Diesel B5 S-50 ,C1:4000:GASOHOL 90 PLUS ,C1:2000:SIN PRODUCTO ,,,,,,,,10000.0,8/07/2020,INDEFINIDO,VILMA JUAREZ ALBINES ,0,-5.4217722,-80.7757458
932,202000013122,140454,140454-050-230120,10434472259,VIRGILIO SURCO CCORIMANYA ,"AV. LOS INCAS N° 781 MZ. J, LT. 12 AA.HH. PUEBLO LIBRE",PUNO,MELGAR,AYAVIRI,PUESTO DE VENTA DE COMBUSTIBLE - GRIFOS,C1:3600:Diesel B5 S-50 ,C1:1800:GASOHOL 84 PLUS ,C1:1800:GASOHOL 90 PLUS ,,,,,,,,7200.0,23/01/2020,INDEFINIDO,VIRGILIO SURCO CCORIMANYA ,720,-14.8933991,-70.5937732
933,201600100298,9536,9536-050-160716,20510591748,RAMPOIL S.A.C.,"CALLE DOMINGO ANGULO N° 131, EX. ALAMEDA DE LOS BOBOS, LT. 01 MZ. B, ESQUINA LA HUERTA",LIMA,LIMA,RIMAC,PUESTO DE VENTA DE COMBUSTIBLE - GRIFOS,C1:4000:GASOHOL 97 PLUS ,C1:4000:GASOHOL 90 PLUS ,C1:4000:GASOHOL 95 PLUS ,C1:4000:Diesel B5 S-50 ,,,,,,,16000.0,16/07/2016,INDEFINIDO,LUIGI RAMPOLDI ORBEGOSO,0,-12.0346845,-77.0255109
934,201800210552,19851,19851-050-180119,20498664459,ESTACION DE SERVICIOS CERREÑO S.R.L.,AV. AVIACION KM 2.5,AREQUIPA,AREQUIPA,CERRO COLORADO,PUESTO DE VENTA DE COMBUSTIBLE - GRIFOS,C1:8000:Diesel B5 S-50 ,C1:7900:GASOHOL 95 PLUS ,C1:7900:GASOHOL 90 PLUS ,C1:2500:SIN PRODUCTO ,,,,,,,26300.0,3/01/2019,INDEFINIDO,ASUNTA CLARA TAIPE HUISA,0,-16.3565616,-71.5655267
935,1507789,82234,82234-050-181011,20450717747,SERVICENTRO TRES DE MAYO E.I.R.L.,ANDRES AVELINO CACERES KM. 4.2 LA PASTORA,MADRE DE DIOS,TAMBOPATA,TAMBOPATA,PUESTO DE VENTA DE COMBUSTIBLE - GRIFOS,C1:6365:DIESEL B5 ,C1:6365:GASOLINA 84 ,C1:1070:DIESEL B5 ,,,,,,,,13800.0,18/10/2011,INDEFINIDO,WILBERT GARCIA MIRANDA ,0,-12.8563839,-69.097023
936,202100167336,34062,34062-050-030622,10040440068,SANCHEZ VALVERDE GAYETANO,AV. ASOCIACION NUEVA ESPERANZA MZ. A LT. 1 LA ESPERANZA,PASCO,PASCO,CHAUPIMARCA,PUESTO DE VENTA DE COMBUSTIBLE - GRIFOS,C1:1500:GASOHOL 90 PLUS ,C1:1500:GASOHOL 90 PLUS ,C1:2040:GASOHOL 95 PLUS ,C1:3200:Diesel B5 S-50 ,,,,,,,8240.0,2/06/2022,INDEFINIDO,CAYETANO SANCHEZ VALVERDE ,0,-10.711514,-76.24211849999999
937,201800163368,21204,21204-050-041018,20440135502,GRIFOS ESTRELLA DE DAVID E.I.R.L.,AV. UNIVERSITARIA MZ. C LTS. 32 Y 33 URB. SAN EULOGIO,LIMA,LIMA,COMAS,PUESTO DE VENTA DE COMBUSTIBLE - GRIFOS,C1:6000:GASOHOL 95 PLUS ,C1:6000:Diesel B5 S-50 ,C1:4500:GASOHOL 90 PLUS ,C1:4500:GASOHOL 98 PLUS ,C1:4500:SIN PRODUCTO ,,,,,,25500.0,4/10/2018,INDEFINIDO,SEGUNDO FORTUNATO RUIZ VARAS,0,-11.9617974,-77.06148329999999
938,201700070980,61859,61859-050-110517,20481973709,MAQUINARIAS Y NEGOCIOS DIESEL S. A.C.,ESQUINA AV. 26 DE MARZO CON AV. MIRAFLORES ,LA LIBERTAD,TRUJILLO,EL PORVENIR,PUESTO DE VENTA DE COMBUSTIBLE - GRIFOS,C1:2000:GASOHOL 95 PLUS ,"C1:3185:DIESEL B5,Diesel B5 S-50 ",C1:3185:GASOHOL 90 PLUS ,,,,,,,,8370.0,11/05/2017,INDEFINIDO,PEDRO PARRISH LAZARO BALLETO,720,-8.0854994,-79.0145083
939,202100105951,156403,156403-050-221221,20160809770,EMPRESA DE TRANSPORTES DE PASAJEROS DE SERVICIO RAPIDO SEÑOR DE LA ASCENCION DE CACHUY Nº 1 S.A.,CARRETERA PANAMERICANA SUR KM. 145,LIMA,CAÑETE,SAN VICENTE DE CAÑETE,ESTACIONES DE SERVICIOS,C1:4000:Diesel B5 S-50 ,C1:4000:GASOHOL 90 PLUS ,C1:4000:GASOHOL 95 PLUS ,,,,,,,,12000.0,17/11/2021,INDEFINIDO,ANDRES FREDY ESPICHAN CALAGUA,0,-13.2085896,-76.3346257
940,201600158945,101912,101912-050-081116,20487603253,ESTACION DE SERVICIOS M&V S.R.L.,"PREDIO SIALUPE, UC 10762, ANTIGUA CARRETERA PANAMERICANA NORTE KM 10+021",LAMBAYEQUE,LAMBAYEQUE,LAMBAYEQUE,ESTACIONES DE SERVICIOS,"C1:2900:DIESEL B5,Diesel B5 S-50 ",C1:2000:GASOHOL 84 PLUS ,C1:1000:GASOHOL 90 PLUS ,,,,,,,,5900.0,8/11/2016,INDEFINIDO,SEGUNDO ELOY LEON VSQUEZ ,480,-6.7112232,-79.9016744
941,1280119,8524,1110434,20343068345,J.A. Y F. INVERSIONES S.R.LTDA.,AV. MARIANO PASTOR SEV. ESQ. CON LA AV. C. VALLEJO,LIMA,LIMA,VILLA EL SALVADOR,PUESTO DE VENTA DE COMBUSTIBLE - GRIFOS,"C1:10870:DIESEL 2,GASOLINAS PARA USO AUTOMOTOR,SIN PRODUCTO ",,,,,,,,,,10870.0,5/06/2000,INDEFINIDO,"SANTIVAÑEZ RAMOS, GUILLERMO JESUS",0,-12.2100739,-76.9507537
942,1466456,35624,0037-EESS-15-2004,20506192570,ESTACION DE SERVICIO DON JULIAN E.R.I.L.,AV SANTA ROSA N° 333,LIMA,LIMA,ATE,ESTACIONES DE SERVICIOS,C1:3000:GASOLINA 95 ,C1:3000:GASOLINA 90 ,C1:3000:GASOLINA 84 ,C1:6000:DIESEL 2 ,C1:3000:SIN PRODUCTO ,,,,,,18000.0,14/05/2004,INDEFINIDO,"BARRIOS GUERRERO DE ADAMA, IRMA EUGENIA",0,-12.0172888,-76.8798006
943,202100115463,116621,116621-050-020921,20604859175,GRIFOS SAN PETRUS II EMPRESA INDIVIDUAL DE RESPONSABILIDAD LIMITADA,KM. 11+150 CARRETERA JULIACA - CUSCO,PUNO,LAMPA,CALAPUJA,PUESTO DE VENTA DE COMBUSTIBLE - GRIFOS,C1:5269:Diesel B5 S-50 ,C1:2634:GASOHOL 90 PLUS ,C1:3293:GASOHOL 95 PLUS ,C1:5269:Diesel B5 S-50 ,,,,,,,16465.0,24/06/2021,INDEFINIDO,MARISOL ELSA APAZA VALENCIA,0,-15.3136824,-70.2229286
944,202100199315,116645,116645-050-140921,20606107880,INVERSIONES PETRONOR E.I.R.L,CARRETERA PANAMERICANA NORTE KM. 187,LIMA,BARRANCA,SUPE PUERTO,ESTACIONES DE SERVICIOS,C1:1500:Diesel B5 S-50 ,C1:1000:GASOHOL 90 PLUS ,,,,,,,,,2500.0,14/09/2021,INDEFINIDO,LUIS ALBERTO NORABUENA MILLA,0,-7.838863,-79.1526054
945,201800120516,7373,7373-050-260718,10192397249,RUBE BALAREZO BALAREZO,AV. PACASMAYO S/N KM. 690 CARRETERA PANAMERICANA NORTE,LA LIBERTAD,PACASMAYO,GUADALUPE,ESTACIONES DE SERVICIOS,C1:3000:GASOHOL 84 PLUS ,C1:5000:GASOHOL 95 PLUS ,C1:3000:GASOHOL 95 PLUS ,"C1:0:Diesel B5 S-50,GASOHOL 90 PLUS ","C1:0:Diesel B5 S-50,GASOHOL 90 PLUS ",,,,,,17700.0,26/07/2018,INDEFINIDO,RUBE ALBERTO BALAREZO BALAREZO,0,-7.249055099999999,-79.479205
946,202000156375,18617,18617-050-041120,10024304359,BRISEIDA CANO VILCA,CALLE ILO NRO. 1005,MOQUEGUA,MARISCAL NIETO,MOQUEGUA,PUESTO DE VENTA DE COMBUSTIBLE - GRIFOS,C1:2500:GASOHOL 95 PLUS ,C1:3860:GASOHOL 90 PLUS ,C1:3860:Diesel B5 S-50 ,C1:2500:Diesel B5 S-50 ,,,,,,,12720.0,4/11/2020,INDEFINIDO,BRISEIDA CANO VILCA,240,-17.1930686,-70.9293788
947,202200172122,38170,38170-050-080922,20406428541,GRIFO SERVICENTRO NUEVA DELHI EMPRESA INDIVIDUAL DE RESPONSABILIDAD LIMITADA,CARRETERA JULIACA-PUNO KM 7.4,PUNO,SAN ROMAN,JULIACA,PUESTO DE VENTA DE COMBUSTIBLE - GRIFOS,C1:3500:Diesel B5 S-50 ,C1:3500:Diesel B5 S-50 ,C1:2000:GASOHOL 84 PLUS ,C1:2000:GASOHOL 90 PLUS ,C1:4025:GASOHOL 95 PLUS ,C1:4025:GASOHOL 90 PLUS ,C1:4025:GASOHOL 98 PLUS ,C1:4025:Diesel B5 S-50 ,,,27100.0,8/09/2022,INDEFINIDO,NERY BEATRIZ CARITA CHINO ,720,-15.5066438,-70.1169401
948,202200066433,21333,21333-050-240422,20608880543,RODAS PETROL S.A.C.,ESQ. AV. CIRCUNVALACION CON JR. JAUREGUI N° 1225- BARRIO BELLAVISTA,PUNO,SAN ROMAN,JULIACA,PUESTO DE VENTA DE COMBUSTIBLE - GRIFOS,C1:1850:Diesel B5 S-50 ,C1:1250:GASOHOL 90 PLUS ,C1:1050:GASOHOL 84 PLUS ,,,,,,,,4150.0,24/04/2022,INDEFINIDO,QUISPE COAQUIRA NESTOR JUAN,0,-15.4920298,-70.1445166
949,202200216515,142551,142551-050-021222,10283170140,YANET SANCHEZ VERA,"AA.HH. 11 DE JUNIO MZ A LOTE 1,2,21,22 Y23",AYACUCHO,HUAMANGA,AYACUCHO,ESTACIONES DE SERVICIOS,C1:5707:Diesel B5 S-50 ,C1:5707:GASOHOL 95 PLUS ,C1:5707:GASOHOL 90 PLUS ,C1:6500:GASOHOL 90 PLUS ,,,,,,,23621.0,2/12/2022,INDEFINIDO,YANET SANCHEZ VERA ,0,-13.1638737,-74.22356409999999
950,202000023457,34130,34130-050-100220,20491818922,MULTISERVICIOS CAMACHO S.R.L.,ESQUINA AV. PRIMAVERA CON JR. 13 SECTOR LA HUAYLLA,CAJAMARCA,SAN MARCOS,PEDRO GALVEZ,ESTACIONES DE SERVICIOS,C1:3000:GASOHOL 95 PLUS ,C1:5000:Diesel B5 S-50 ,C1:4000:GASOHOL 90 PLUS ,,,,,,,,12000.0,10/02/2020,INDEFINIDO,ANGEL FLORENTINO CAMACHO VILCHEZ,0,-7.3457075,-78.1792434
951,201700076559,7812,7812-050-220517,20503840121,REPSOL COMERCIAL S.A.C. ,AUTOPISTA CARRETERA PANAMERICANA SUR KM. 88,LIMA,CAÑETE,MALA,ESTACIONES DE SERVICIOS,C1:6000:GASOHOL 98 PLUS ,C1:6000:GASOHOL 90 PLUS ,C1:6000:GASOHOL 95 PLUS ,C1:6000:Diesel B5 S-50 ,C1:6000:Diesel B5 S-50 ,C1:2000:SIN PRODUCTO ,,,,,32000.0,22/05/2017,INDEFINIDO,ALBERTO ELIAS MUNARES TAPIA,0,-12.695988,-76.642725
952,201600106251,9004,9004-050-270716,10297352062,ALVARO ELMERSON GOMEZ HERRERA,AV. CARACAS S/N DESVÍO A SABANDÍA.,AREQUIPA,AREQUIPA,JOSE LUIS BUSTAMANTE Y RIVERO,PUESTO DE VENTA DE COMBUSTIBLE - GRIFOS,C1:3800:GASOHOL 95 PLUS C2:2500:GASOHOL 90 PLUS ,C1:6300:Diesel B5 S-50 ,C1:2000:SIN PRODUCTO ,,,,,,,,14600.0,27/07/2016,INDEFINIDO,ALVARO ELMERSON GOMEZ HERRERA,0,-16.4460881,-71.5019596
953,202200142857,21583,21583-050-040822,20406067697,TOP SERVICE C & T S.C.R.LTDA.,AV. CIRCUNVALACIÓN ZONA ESTE Nº 2202 URB. LOS ROSALES,PUNO,SAN ROMAN,JULIACA,PUESTO DE VENTA DE COMBUSTIBLE - GRIFOS,C1:2000:GASOHOL 84 PLUS C2:2000:GASOHOL 90 PLUS ,C1:4000:Diesel B5 S-50 ,,,,,,,,,8000.0,4/08/2022,INDEFINIDO,EDITH VELMY CURO TORRES ,0,-15.5028585,-70.1176211
954,202100054897,84981,84981-050-220321,10243927442,AMADOR GUTIERREZ DELGADO,CAR. COMUNIDAD PALMERAS KM. 177,MADRE DE DIOS,TAMBOPATA,INAMBARI,PUESTO DE VENTA DE COMBUSTIBLE - GRIFOS,C1:7361:Diesel B5 S-50 ,C1:7377:Diesel B5 S-50 ,C1:7382:Diesel B5 S-50 ,C1:5277:GASOLINA 84 ,,,,,,,27397.0,22/03/2021,INDEFINIDO,AMADOR GUTIERREZ DELGADO,0,-13.0137323,-69.9550338
955,202300036870,130667,130667-050-080323,20604487502,ESTACION DE SERVICIOS GENERALES LA MERCED SOCIEDAD ANONIMA CERRADA,"CRUCE CARRETERA TARATA - CANDARAVE CON CARRETERA TARATA - PUNO, SECTOR PICA",TACNA,CANDARAVE,CANDARAVE,PUESTO DE VENTA DE COMBUSTIBLE - GRIFOS,C1:3950:Diesel B5 S-50 ,C1:2630:GASOHOL PREMIUM ,C1:2630:GASOHOL REGULAR ,,,,,,,,9210.0,8/03/2023,INDEFINIDO,KEILY EVELYN LAQUI COPA,0,-17.4776078,-70.0339387
956,201700218164,8713,8713-050-211217,10296967560,MARIA SOLEDAD REVILLA DIAZ ,AV. LIMA Nº 343,AREQUIPA,CAMANA,CAMANA,PUESTO DE VENTA DE COMBUSTIBLE - GRIFOS,C1:4000:GASOHOL 90 PLUS ,C1:4000:GASOHOL 95 PLUS ,C1:3000:Diesel B5 S-50 ,C1:3000:SIN PRODUCTO ,,,,,,,14000.0,21/12/2017,INDEFINIDO,MARIA SOLEDAD REVILLA DIAZ ,0,-16.6202427,-72.7095262
957,201500148156,7656,7656-050-191115,20529261650,R & R MI SAN JOSE S.A.C.,CARRETERA CENTRAL KM. 319 - POBLADO LA QUINUA,PASCO,PASCO,YANACANCHA,PUESTO DE VENTA DE COMBUSTIBLE - GRIFOS,C1:5500:DIESEL B5 C2:2500:GASOHOL 84 PLUS C3:1200:GASOHOL 90 PLUS ,,,,,,,,,,9200.0,19/11/2015,INDEFINIDO,NARDA NANCY RICALDI RAMIREZ,0,-10.6173918,-76.1819966
958,202000095854,21324,21324-050-040820,20396130000,COMBUSTIBLE SANTISIMA CRUZ DE MOTUPE E.I.R.L.,CARRETERA OLMOS CORRAL QUEMADO KM. 180+500,CAJAMARCA,JAEN,JAEN,ESTACIONES DE SERVICIOS,C1:5000:Diesel B5 S-50 ,C1:4000:Diesel B5 S-50 ,C1:1000:GASOHOL 90 PLUS ,C1:1000:GASOHOL 90 PLUS ,,,,,,,11000.0,4/08/2020,INDEFINIDO,KATTY KARINA FLORES VALDERA,0,-5.709441200000001,-78.7986181
959,201700089672,128708,128708-050-300617,10015552901,REINALDA HANCCO VARGAS,JR. COSTANERA S/N MZ. B LTS. 2 Y 3 - HABILITACIÓN URBANA CIUDAD ECOLÓGICA BALZAPATA,PUNO,AZANGARO,AZANGARO,PUESTO DE VENTA DE COMBUSTIBLE - GRIFOS,C1:3595:Diesel B5 S-50 ,C1:2696:GASOHOL 84 PLUS ,C1:2696:GASOHOL 90 PLUS ,,,,,,,,8987.0,30/06/2017,INDEFINIDO,ANTONIO JORGE QUILLIMAMANI CCARI,0,-14.9164287,-70.196185
960,201900036392,6913,6913-050-090319,20109980855,GRIFO DENNIS S.A.C.,AV. LOS DOMINICOS Y BOCANEGRA MZ. A LT. 20 URB. SESQUICENTENARIO,PROV. CONST. DEL CALLAO,PROV. CONST. DEL CALLAO,CALLAO,ESTACIONES DE SERVICIOS,C1:8000:Diesel B5 S-50 ,C1:4000:GASOHOL 95 PLUS C2:4000:Diesel B5 S-50 ,C1:3000:GASOHOL 90 PLUS C2:3000:GASOHOL 98 PLUS C3:3000:GASOHOL 84 PLUS ,,,,,,,,25000.0,9/03/2019,INDEFINIDO,ALFONSO JAVIER MARCELINO VELASQUEZ REINOSO,0,-12.006663,-77.09910169999999
961,202000111942,140177,140177-050-300820,20603885806,JK EL EXITO E.I.R.L.,AV. EL EJERCITO N° 597,AYACUCHO,HUAMANGA,ANDRES AVELINO CACERES,PUESTO DE VENTA DE COMBUSTIBLE - GRIFOS,C1:6000:GASOHOL 90 PLUS ,C1:6000:Diesel B5 S-50 ,C1:3000:GASOHOL 97 PLUS C2:3000:GASOHOL 95 PLUS ,,,,,,,,18000.0,30/08/2020,INDEFINIDO,SONIA MENDOZA QUISPE,0,-13.1604168,-74.21190159999999
962,201900030829,8570,8570-050-270219,20100226147,FRANCISCO CARBAJAL BERNAL S.A.,VARIANTE DE UCHUMAYO KM. 3.5,AREQUIPA,AREQUIPA,YANAHUARA,PUESTO DE VENTA DE COMBUSTIBLE - GRIFOS,C1:6000:GASOHOL 90 PLUS ,C1:6000:Diesel B5 S-50 ,C1:6000:Diesel B5 S-50 ,C1:6000:Diesel B5 S-50 ,,,,,,,24000.0,27/02/2019,INDEFINIDO,LIZBETH KATHERINA JIMENEZ CANGALAYA,0,-16.4071364,-71.5616955
963,202000080216,149953,149953-050-120720,20486107902,MOVILGAS S.R.L.,AV. AREVALO N° 1091,JUNIN,YAULI,SANTA ROSA DE SACCO,ESTACIONES DE SERVICIOS,C1:5000:Diesel B5 S-50 ,C1:5000:GASOHOL 90 PLUS ,C1:5000:GASOHOL 95 PLUS ,C1:5000:GASOHOL 97 PLUS ,C1:8000:Diesel B5 S-50 ,,,,,,28000.0,12/07/2020,INDEFINIDO,VILLAR FIERRO HECTOR TITO,0,-11.5558074,-75.9811564
964,202200224498,123258,123258-050-041122,20609618842,BUSINES GRIFO JD & DJ S.A.C.,AV. CONFRATERNIDAD N° 2095,APURIMAC,ANDAHUAYLAS,ANDAHUAYLAS,ESTACIONES DE SERVICIOS,C1:10000:Diesel B5 S-50 ,C1:10000:Diesel B5 S-50 ,C1:5000:GASOHOL 95 PLUS ,C1:5000:GASOHOL 90 PLUS ,,,,,,,30000.0,4/11/2022,INDEFINIDO,DELFINA ALARCON ARCE,0,-13.658654,-73.40606869999999
965,202300062584,7598,7598-050-270423,20527208000,PETROCENTRO URUBAMBA SOCIEDAD ANONIMA CERRADA-PETROCENTRO URUBAMBA S.A.C,URB. EL BOSQUE MZ. F LT. 1,CUSCO,ANTA,PUCYURA,PUESTO DE VENTA DE COMBUSTIBLE - GRIFOS,C1:1500:GASOHOL REGULAR C2:4000:Diesel B5 S-50 ,C1:1000:GASOHOL PREMIUM ,,,,,,,,,6500.0,27/04/2023,INDEFINIDO,TORIBIA MAROCHO BACA,0,-13.4785811,-72.1130108
966,202000184918,7309,7309-050-280221,20127765279,COESTI S.A.,"MZ. B, LT. 5 Y 15, URB. VILLA UNIVERSITARIA",LIMA,LIMA,SAN MARTIN DE PORRES,ESTACIONES DE SERVICIOS,C1:8000:Diesel B5 S-50 ,C1:8000:Diesel B5 S-50 ,C1:8000:GASOHOL 95 PLUS ,C1:8000:GASOHOL 90 PLUS ,C1:8000:GASOHOL 97 PLUS ,C1:8000:GASOHOL 90 PLUS ,C1:6000:SIN PRODUCTO ,,,,54000.0,28/02/2021,INDEFINIDO,ABRAHAM HUGO CALDERON MAVILA,240,-11.994721,-77.08558550000001
967,201900185689,99233,99233-050-141119,20455873801,SERVICENTRO MAVI E.I.R.L.,URB. VISTA ALEGRE MANZANA 13 LOTE 16 S/N,AREQUIPA,CASTILLA,ORCOPAMPA,ESTACIONES DE SERVICIOS,C1:8000:Diesel B5 S-50 ,C1:4000:GASOHOL 90 PLUS ,C1:3000:GASOHOL 95 PLUS ,,,,,,,,15000.0,14/11/2019,INDEFINIDO,RUFINO MOISES HUACALLO FERIA,0,-15.2675445,-72.3414391
968,201700024488,116538,116538-050-280217,10238926853,MARIO PELE MOSCOSO FLOREZ,"CENTRO POBLADO DE PATRIA, AV. ANTONIO IWAKI S/N",CUSCO,PAUCARTAMBO,KOSÑIPATA,PUESTO DE VENTA DE COMBUSTIBLE - GRIFOS,C1:5345:Diesel B5 S-50 ,C1:3139:GASOHOL 84 PLUS C2:2107:GASOHOL 90 PLUS ,,,,,,,,,10591.0,28/02/2017,INDEFINIDO,MARIO PELE MOSCOSO FLOREZ,0,-12.9695718,-71.42349650000001
969,202100089230,16619,16619-050-070621,20127765279,COESTI S.A.,AV. AUGUSTO PEREZ ARANIBAR (ANTES AV. DEL EJERCITO) N° 2199 ESQ. AV. SALAVERRY,LIMA,LIMA,SAN ISIDRO,ESTACIONES DE SERVICIOS,C1:4000:GASOHOL 90 PLUS C2:4000:GASOHOL 95 PLUS ,C1:2000:GASOHOL 97 PLUS C2:4000:Diesel B5 S-50 ,,,,,,,,,14000.0,7/06/2021,INDEFINIDO,CESAR DOMINGO CRUCES LIBERT,0,-12.1034068,-77.05825349999999
970,202200181998,126226,126226-050-200922,20491756986,CALERA EL UÑEGAN S.R.L.,SECTOR EL FRUTILLO S/N (CARRETERA BAMBAMARCA CAJAMARCA KM 6 - CASERIO FRUTILLO BAJO),CAJAMARCA,HUALGAYOC,BAMBAMARCA,ESTACIONES DE SERVICIOS,C1:5000:Diesel B5 S-50 ,C1:5000:Diesel B5 S-50 ,C1:1500:GASOHOL 95 PLUS C2:1500:GASOHOL 90 PLUS ,,,,,,,,13000.0,20/09/2022,INDEFINIDO,MARIBEL SALDAÑA CARUAJULCA ,720,-6.687342999999999,-78.5325842
971,202100098272,156245,156245-050-171022,10012975347,PUMA MALDONADO BERNARDINO,CARRETERA CUSCO - SICUANI KM. 1068+720 PREDIO PICCO PUNUCHINA,CUSCO,CANCHIS,CHECACUPE,ESTACIONES DE SERVICIOS,C1:4000:Diesel B5 S-50 ,C1:2000:GASOHOL 90 PLUS C2:2000:GASOHOL 95 PLUS ,,,,,,,,,8000.0,17/10/2022,INDEFINIDO,PUMA MALDONADO BERNARDINO,0,-14.2713299,-71.2220832
972,202000195511,130633,130633-050-190121,20606743379,M & J SERVICIOS EMPRESARIALES S.R.L.,CALLE LUIS LA PUENTE UCEDA (ANTES CALLE BOLOGNESI) ESQUINA CON CALLE FABLA SALVAJE MZ. 144 LOTE N° 06 BARRIO SAN JOSE,LA LIBERTAD,SANTIAGO DE CHUCO,SANTIAGO DE CHUCO,ESTACIONES DE SERVICIOS,C1:4900:Diesel B5 S-50 ,C1:2100:GASOHOL 90 PLUS ,C1:2100:GASOHOL 95 PLUS ,,,,,,,,9100.0,19/01/2021,INDEFINIDO,EDUAR ALEX ULLOA GUEVARA,0,-8.1476368,-78.1703505
973,202200144110,7269,7269-050-130922,20600684095,AR ENERGIA S.A.C.,AA.HH. JOSE CARLOS MARIATEGUI MZ. S-9 LT. 4,LIMA,LIMA,SAN JUAN DE LURIGANCHO,PUESTO DE VENTA DE COMBUSTIBLE - GRIFOS,C1:4000:Diesel B5 S-50 ,C1:4000:GASOHOL 90 PLUS ,,,,,,,,,8000.0,13/09/2022,INDEFINIDO,AMERICO MANUEL MENDOZA WONG,0,-12.0206919,-77.00572559999999
974,201300064114,86684,86684-050-040413,20541421379,ESTACION DE SERVICIOS VIRGEN DE COCHARCAS PAUCARA S.A.C.,CALLE REAL Y CALLE LIBERTAD S/N,HUANCAVELICA,ACOBAMBA,PAUCARA,ESTACIONES DE SERVICIOS,C1:4000:DIESEL B5 ,C1:2000:GASOHOL 90 PLUS C2:2000:GASOHOL 90 PLUS ,C1:2000:DIESEL B5 ,,,,,,,,10000.0,4/04/2013,INDEFINIDO,GEORGE JAVIER CUETO AROTOMA,0,-12.860765,-74.5814773
975,202100030809,97173,97173-050-240221,20606834781,SERVICE PETROLEUM COMPANY EMPRESA INDIVIDUAL DE RESPONSABILIDAD LIMITADA,AV. 28 DE JULIO Nº 659 - 661,LORETO,MAYNAS,PUNCHANA,PUESTO DE VENTA DE COMBUSTIBLE - GRIFOS,C1:4956:DIESEL B5 ,C1:2669:GASOLINA 84 C2:2669:GASOLINA 90 ,,,,,,,,,10294.0,24/02/2021,INDEFINIDO,CRISTO PEÑA VILLACORTA,0,-3.7279039,-73.24685699999999
976,201500027122,95453,95453-050-090315,10023783491,JUSTINA HUANCO MAMANI,"ESQ. AV. CIRCUNVALACIÓN N° 2710, CON JR. GUILLERMO BRICEÑO ROSA MEDINA S/N",PUNO,SAN ROMAN,JULIACA,PUESTO DE VENTA DE COMBUSTIBLE - GRIFOS,C1:7040:Diesel B5 S-50 ,C1:3610:GASOHOL 84 PLUS ,C1:3160:GASOHOL 90 PLUS ,,,,,,,,13810.0,9/03/2015,INDEFINIDO,JUSTINA HUANCO MAMANI,0,-15.5027112,-70.1233838
977,202200084166,127600,127600-050-010722,20600205049,INVERSIONES OBREGON JD E.I.R.L.,CARRETERA SAN LUIS - HUARI S/N - SECTOR CAPULI,ANCASH,CARLOS F. FITZCARRALD,SAN LUIS,ESTACIONES DE SERVICIOS,C1:1800:GASOHOL 90 PLUS ,C1:2700:Diesel B5 S-50 ,,,,,,,,,4500.0,1/07/2022,INDEFINIDO,ISAURO JULIO OBREGON HERRERA,240,-9.0956187,-77.328135
978,202200251103,9120,9120-050-050123,20127765279,COESTI S.A.,AV ARENALES N° 1234,ICA,ICA,ICA,ESTACIONES DE SERVICIOS,C1:6000:Diesel B5 S-50 ,C1:6000:GASOHOL 84 PLUS ,C1:4000:GASOHOL 90 PLUS C2:4000:GASOHOL 95 PLUS ,C1:800:SIN PRODUCTO ,,,,,,,20800.0,5/01/2023,INDEFINIDO,CESAR DOMINGO CRUCES LIBERT,0,-14.0580391,-75.74018819999999
979,202100132795,155994,155994-050-220621,20606602261,SERVICENTRO GLOBAL EMPRESA INDIVIDUAL DE RESPONSABILIDAD LIMITADA,CIRCUNVALACION NORTE S/N CALLE ALMUDENA,CUSCO,CUSCO,SAN JERONIMO,ESTACIONES DE SERVICIOS,C1:5500:Diesel B5 S-50 ,C1:5500:GASOHOL 90 PLUS ,C1:2750:GASOHOL 95 PLUS C2:2750:GASOHOL 97 PLUS ,,,,,,,,16500.0,22/06/2021,INDEFINIDO,MANUEL EXALTACION YANQUIRIMACHI GARCIA ,0,-13.5371544,-71.8995301
980,202100214070,158854,158854-050-281121,20602386075,SERVICENTRO EL COLONO S.A.C.,"LOTES N° 7 Y 8, SECTOR 3, ASENTAMIENTO CIUDAD MAJES, MODULO A",AREQUIPA,CAYLLOMA,MAJES,PUESTO DE VENTA DE COMBUSTIBLE - GRIFOS,C1:5280:Diesel B5 S-50 ,C1:5280:GASOHOL 90 PLUS ,C1:2640:GASOHOL 95 PLUS ,C1:2640:GASOHOL 95 PLUS ,,,,,,,15840.0,28/11/2021,INDEFINIDO,JOSÉ LUIS ARIAS VALENCIA,0,-16.3328863,-72.1853986
981,201400106701,97022,97022-050-270814,10052730169,ROCIO AMPARO SIMONS NAVARRO,"CALLE 1 ESQUINA CON CALLE 6, CARRETERA IQUITOS-NAUTA KM. 2.5",LORETO,MAYNAS,SAN JUAN BAUTISTA,PUESTO DE VENTA DE COMBUSTIBLE - GRIFOS,C1:1000:GASOLINA 84 C2:1000:GASOLINA 90 ,C1:2000:DIESEL B5 ,,,,,,,,,4000.0,27/08/2014,INDEFINIDO,ROCIO AMPARO SIMONS NAVARRO,0,-3.7966734,-73.30292159999999
982,202200134914,108227,108227-050-190822,10287030521,JORGE RODRIGUEZ ROJAS,AV. ABANCAY S/N - CENTRO POBLADO PUERTO ENE,JUNIN,SATIPO,RIO TAMBO,PUESTO DE VENTA DE COMBUSTIBLE - GRIFOS,C1:4000:GASOHOL 84 PLUS ,C1:4000:GASOHOL 90 PLUS ,C1:4000:Diesel B5 S-50 ,,,,,,,,12000.0,18/08/2022,19/08/2023,JORGE RODRIGUEZ ROJAS,720,-12.2279908,-73.990454
983,201900030807,44240,44240-050-260319,20602819834,GRIFOS PEBSA S.A.,CARRETERA PANAMERICANA SUR KM. 19.8,LIMA,LIMA,VILLA EL SALVADOR,ESTACIONES DE SERVICIOS,C1:6000:GASOHOL 95 PLUS ,C1:4000:GASOHOL 90 PLUS ,C1:8000:Diesel B5 S-50 ,C1:8000:Diesel B5 S-50 ,C1:5000:GASOHOL 97 PLUS ,,,,,,31000.0,26/03/2019,INDEFINIDO,CARLOS MARTIN DURANT STROMSDORFER,0,-12.2342688,-76.9595696
984,201800083693,43064,43064-050-040618,20521145863,ESTACION DE SERVICIOS SANTA CRUZ DE COCACHACRA S.A.C.,AV. NICOLAS DE PIEROLA S/N CARRETERA CENTRAL KM. 52.8,LIMA,HUAROCHIRI,SANTA CRUZ DE COCACHACRA,ESTACIONES DE SERVICIOS,C1:9200:DIESEL B5 ,C1:1300:DIESEL B5 C2:2600:GASOHOL 90 PLUS C3:2600:DIESEL B5 ,C1:6500:Diesel B5 S-50 ,,,,,,,,22200.0,4/06/2018,INDEFINIDO,KATTY ROCIO LEON ROMAN,0,-11.9151802,-76.567555
985,202100099668,103389,103389-050-110621,20569164827,ESTACION DE SERVICIOS RUBY & B.K. S.A.C.,"AV. JULIO C. TELLO ESQUINA CON CALLE MIGUEL GRAU MZ. E-3 LOTES 1 Y 2, AA.HH. VILLA HERMOSA",ANCASH,CASMA,CASMA,ESTACIONES DE SERVICIOS,C1:1000:Diesel B5 S-50 ,C1:1000:GASOHOL 90 PLUS ,C1:1000:GASOHOL 90 PLUS ,,,,,,,,3000.0,11/06/2021,INDEFINIDO,FELICITA MAGALI SERNAQUE CRUZ,720,-9.4579887,-78.2974404
986,202200246866,82708,82708-050-071222,10233602600,NINFA SALAZAR UNTIVEROS DE RODRIGUEZ,AV. UNIVERSITARIA Nº 392,HUANCAVELICA,ACOBAMBA,ACOBAMBA,ESTACIONES DE SERVICIOS,C1:6500:Diesel B5 S-50 ,C1:4800:GASOHOL 90 PLUS ,C1:2400:GASOHOL 95 PLUS ,,,,,,,,13700.0,7/12/2022,INDEFINIDO,NINFA SALAZAR UNTIVEROS DE RODRIGUEZ,0,-12.8382081,-74.5704971
987,202300057254,137976,137976-050-160323,20610536698,ESTACION DE SERVICIOS PARACAS E.I.R.L,CARRETERA PANAMERICANA SUR KM. 241.600 SECTOR SANTA CRUZ ,ICA,PISCO,PARACAS,ESTACIONES DE SERVICIOS,C1:8000:Diesel B5 S-50 ,"C1:0:GASOHOL 90 PLUS,GASOHOL REGULAR C2:2000:GASOHOL PREMIUM C3:2000:GASOHOL PREMIUM ",,,,,,,,,16000.0,16/03/2023,INDEFINIDO,JORGE HILARION MARCA PUMAYLLE ,0,-13.8314688,-76.1404997
988,201900023293,113204,113204-050-130219,20563856492,SERVICENTRO EL MANANTIAL DE CHINCHEROS - APURIMAC S.R.L. ,LOTE 24 SECTOR HUAHUAPUQUIO LLIMPE CARRETERA CENTRAL SALIDA CHINCHEROS - APURIMAC KM. 150+3.09 ,APURIMAC,CHINCHEROS,CHINCHEROS,ESTACIONES DE SERVICIOS,C1:5923:Diesel B5 S-50 ,C1:4003:GASOHOL 90 PLUS ,C1:2007:GASOHOL 97 PLUS ,C1:2007:GASOHOL 95 PLUS ,,,,,,,13940.0,13/02/2019,INDEFINIDO,HECTOR OSWALDO LA SERNA ALFARO,0,-13.5177661,-73.723513
989,201900108330,9429,9429-050-090719,20263977158,IMPORTACIONES Y EXPORTACIONES SELVA S.A.,AV. TUPAC AMARU ESQ. CON AV. METROPOLITANA,LIMA,LIMA,COMAS,PUESTO DE VENTA DE COMBUSTIBLE - GRIFOS,C1:2000:GASOHOL 97 PLUS ,C1:4000:GASOHOL 90 PLUS ,C1:6000:Diesel B5 S-50 C2:2000:GASOHOL 97 PLUS ,C1:2000:GASOHOL 95 PLUS ,,,,,,,16000.0,9/07/2019,INDEFINIDO,LUIS ALBERTO RABANAL BARRANTES,0,-11.9764271,-77.0595881
990,201900120624,8113,8113-050-290719,20493203453,GRIFO PANCHITO E.I.R.L.,AV. ALFONSO UGARTE Nº 983 ESQ. CON JR. RUFINO ECHENIQUE,LORETO,MAYNAS,IQUITOS,ESTACIONES DE SERVICIOS,C1:4045:GASOLINA 84 ,C1:1500:GASOLINA 90 ,C1:3800:DIESEL B5 ,,,,,,,,9345.0,29/07/2019,INDEFINIDO,JAVIER FERNANDO VELA RAMIREZ,240,-3.7560687,-73.25677979999999
991,202300063688,167600,167600-050-080523,10461986817,CURO TORRES RONALD,AV. 22 DE AGOSTO S/N SECTOR COLLANA SEGUNDO,PUNO,PUNO,HUATA,PUESTO DE VENTA DE COMBUSTIBLE - GRIFOS,C1:4000:Diesel B5 S-50 ,C1:4000:GASOHOL REGULAR ,C1:2000:GASOHOL PREMIUM ,C1:2000:GASOHOL 84 PLUS ,,,,,,,12000.0,8/05/2023,INDEFINIDO,CURO TORRES RONALD,0,-15.6149462,-69.9719035
992,202300071605,8646,8646-050-070423,20358024522,INVERSIONES ROBLIT S.R.LTDA.,PROLONGACION AV. AMAZONAS N° 660,CUSCO,CALCA,PISAC,ESTACIONES DE SERVICIOS,C1:6000:Diesel B5 S-50 ,C1:4000:Diesel B5 S-50 C2:2000:GASOHOL PREMIUM ,C1:2000:GASOHOL REGULAR ,C1:4000:GASOHOL REGULAR ,,,,,,,18000.0,7/04/2023,INDEFINIDO,MERCEDES ROJAS OBLITAS,0,-13.4223067,-71.8537707
993,201800098886,136932,136932-050-190618,20601884691,SERVICENTRO PALUCO E.I.R.L.,CARRETERA AYACUCHO-HUANTA KM. 07+250 - ANEXO RUMICHACA,AYACUCHO,HUAMANGA,JESUS NAZARENO,ESTACIONES DE SERVICIOS,C1:7000:Diesel B5 S-50 ,C1:7000:GASOHOL 90 PLUS ,C1:4000:GASOHOL 95 PLUS C2:3000:GASOHOL 97 PLUS ,,,,,,,,21000.0,19/06/2018,INDEFINIDO,ANDRES CORCINO PALOMINO CCORAHUA,0,-13.1590999,-74.2209399
994,202100271029,143022,143022-050-141221,20607910252,GRIFO SUAREZ.C E.I.R.L.,"CENTRO POBLADO HUANGALA MZ. 28, LOTE 12B",PIURA,SULLANA,SULLANA,PUESTO DE VENTA DE COMBUSTIBLE - GRIFOS,C1:1500:GASOHOL 90 PLUS C2:1500:GASOHOL 84 PLUS ,C1:2000:Diesel B5 S-50 ,,,,,,,,,5000.0,14/12/2021,INDEFINIDO,SUAREZ GIRON ALAN LUCIANO,0,-4.8409987,-80.6021614
995,202200146556,130317,130317-050-190822,10419614870,MAMANI BELIZARIO DE PELINCO GENARIA NIELA,CARRETERA JULIACA - COATA - CAPACHICA KM 3.5 MZ D LOTE 1 Y 2 COMUNIDAD CAMPESINA CANCHI CHICO ,PUNO,SAN ROMAN,CARACOTO,PUESTO DE VENTA DE COMBUSTIBLE - GRIFOS,C1:6000:Diesel B5 S-50 ,C1:4000:GASOHOL 84 PLUS C2:2000:GASOHOL 90 PLUS ,,,,,,,,,12000.0,19/08/2022,INDEFINIDO,MAMANI BELIZARIO DE PELINCO GENARIA NIELA,720,-15.5090964,-70.0685263
996,202200245722,103375,103375-050-170123,20455489882,INVERSIONES Y ASOCIADOS RHL S.R.L ,"AV. CHALLHUAHUACHO - PROGRESO MZ. X1 LOTE 5, ESQUINA CALLE 25",APURIMAC,COTABAMBAS,CHALLHUAHUACHO,PUESTO DE VENTA DE COMBUSTIBLE - GRIFOS,C1:10000:Diesel B5 S-50 ,C1:3000:GASOHOL 95 PLUS C2:4000:GASOHOL 90 PLUS ,C1:10000:Diesel B5 S-50 ,C1:5000:GASOHOL 90 PLUS ,C1:5000:GASOHOL 95 PLUS ,,,,,,37000.0,17/01/2023,INDEFINIDO,LUIS ALBERTO PEZO HUAYLLA,0,-14.1183066,-72.2467884
997,202000001873,148607,148607-050-110120,20393715295,GRIFO CONTA E.I.R.L.,"AV. LADISLAO ESPINAR N° 3 LOTES. 27,28 Y 29",LORETO,UCAYALI,CONTAMANA,ESTACIONES DE SERVICIOS,C1:5200:DIESEL B5 ,C1:5200:GASOLINA 90 ,C1:5200:GASOLINA 90 ,,,,,,,,15600.0,11/01/2020,INDEFINIDO,ELIA VALERIA TORRES RUIZ,0,-7.3427736,-75.0264228
998,201900021033,9537,9537-050-070219,20602629750,RAINFOREST DC S.A.C.,AV. PETIT THOUARS N° 3929,LIMA,LIMA,SAN ISIDRO,ESTACIONES DE SERVICIOS,C1:4000:GASOHOL 90 PLUS ,C1:8000:GASOHOL 95 PLUS ,C1:4000:GASOHOL 97 PLUS ,C1:4000:Diesel B5 S-50 ,C1:4000:GASOHOL 95 PLUS ,,,,,,24000.0,7/02/2019,INDEFINIDO,RAFAEL CALEB AHUANARI HUAYA,0,-12.1014664,-77.0307088
999,201700156346,121947,121947-050-270917,20531902191,SIHUASINOS S.A.C.,CENTRO POBLADO DE SIHUAS MZ. H2 LT. 12 BARRIO PINGULLO,ANCASH,SIHUAS,SIHUAS,ESTACIONES DE SERVICIOS,C1:6500:Diesel B5 S-50 ,C1:1580:GASOHOL 95 PLUS C2:1580:GASOHOL 90 PLUS ,,,,,,,,,9660.0,27/09/2017,INDEFINIDO,CARMEN RUTH VARA RAMIREZ,0,-8.556828399999999,-77.6279272
1000,201800208197,62265,62265-050-171218,10252135494,GUILLERMINA BACA DE CAIRA ,AV. SAN MARTIN Nº 103 - QUIQUIJANA,CUSCO,QUISPICANCHI,QUIQUIJANA,PUESTO DE VENTA DE COMBUSTIBLE - GRIFOS,C1:2000:Diesel B5 S-50 ,C1:2000:GASOHOL 90 PLUS ,C1:2000:SIN PRODUCTO ,,,,,,,,6000.0,17/12/2018,INDEFINIDO,GUILLERMINA BACA DE CAIRA ,0,-13.5283316,-71.9703924
1001,202200239016,20002,20002-050-301122,20493388721,GRIFO Y SERVICIO TRANSPORTES SANTO TOMAS E.I.R.L.,"CARRETERA SANTO TOMAS, KM 1, MZ. A, LTS. 1, 2, 3 Y 4 – AA.HH. AEROPUERTO",LORETO,MAYNAS,SAN JUAN BAUTISTA,ESTACIONES DE SERVICIOS,C1:2500:DIESEL B5 ,C1:4000:GASOLINA 84 ,C1:6000:DIESEL B5 ,C1:1500:GASOLINA 90 ,,,,,,,14000.0,30/11/2022,INDEFINIDO,JOSÉ GREGORIO QUEZADA PAREDES ,0,-3.7748633,-73.2725178
1002,201800120527,7375,7375-050-260718,10193287501,JORGE ERNESTO BALAREZO BALAREZO,CARRETERA PANAMERICANA NORTE KM. 678 CRUCE SAN JOSE,LA LIBERTAD,PACASMAYO,SAN JOSE,PUESTO DE VENTA DE COMBUSTIBLE - GRIFOS,C1:2400:GASOHOL 84 PLUS ,C1:3200:GASOHOL 90 PLUS ,C1:3000:Diesel B5 S-50 ,C1:3300:Diesel B5 S-50 ,,,,,,,11900.0,26/07/2018,INDEFINIDO,JORGE ERNESTO BALAREZO BALAREZO,0,-7.332675999999999,-79.4832435
1003,201900202845,85884,85884-050-121219,20605594710,GRIFO ISABELLA VG E.I.R.L.,AV. AUGUSTO B. LEGUIA Nª 499,LAMBAYEQUE,FERREÑAFE,FERREÑAFE,ESTACIONES DE SERVICIOS,C1:2250:Diesel B5 S-50 ,C1:2250:GASOHOL 90 PLUS ,,,,,,,,,4500.0,12/12/2019,INDEFINIDO,VASQUEZ ROJAS ANDER,0,-6.639992,-79.7982198
1004,201900132946,87181,87181-050-150819,20604968772,E.S. LUMIC S.A.C.,AV. VON HUMBOLT SUB LOTE 2-A VIÑANI,TACNA,TACNA,CORONEL GREGORIO ALBARRACIN LANCHIPA,PUESTO DE VENTA DE COMBUSTIBLE - GRIFOS,C1:3900:Diesel B5 S-50 ,C1:2600:GASOHOL 95 PLUS ,C1:2600:GASOHOL 90 PLUS ,,,,,,,,9100.0,15/08/2019,INDEFINIDO,ANALI MARIELLA OVIEDO PEREZ,0,-18.0706888,-70.2557142
1005,201900082296,140133,140133-050-280519,20604552738,ESTACION DE SERVICIOS BUENAVISTA E.I.R.L.,COMUNIDAD ORCCOMA ANEXO BUENAVISTA SN CARRETERA SANTO TOMAS - VELILLE,CUSCO,CHUMBIVILCAS,SANTO TOMAS,PUESTO DE VENTA DE COMBUSTIBLE - GRIFOS,C1:2000:GASOHOL 90 PLUS C2:2000:GASOHOL 90 PLUS ,C1:6000:Diesel B5 S-50 ,,,,,,,,,10000.0,28/05/2019,INDEFINIDO,EDGAR ANCALLA HUAMANI ,0,-14.5052541,-72.0892036
1006,202000122708,151222,151222-050-140920,20604350442,GRIFO ORO DEL VALLE E.I.R.L.,PREDIO RUSTICO HUANDAR - CHICO LOTE 2-C Y LOTE 2-D,CUSCO,CALCA,CALCA,ESTACIONES DE SERVICIOS,C1:4400:GASOHOL 90 PLUS ,C1:2660:GASOHOL 90 PLUS C2:2660:GASOHOL 95 PLUS ,C1:8190:Diesel B5 S-50 ,C1:8190:Diesel B5 S-50 ,,,,,,,26100.0,14/09/2020,INDEFINIDO,ELBERT BANDA APARICIO ,0,-13.311759,-72.00538999999999
1007,202200021126,9080,9080-050-080322,20608885855,GASOLINERAS GRAN PRIX E.I.R.L.,AV. ARENALES Nº 1700,LIMA,LIMA,LINCE,ESTACIONES DE SERVICIOS,C1:8000:Diesel B5 S-50 ,C1:8000:GASOHOL 90 PLUS ,C1:8000:GASOHOL 97 PLUS ,C1:4000:GASOHOL 95 PLUS C2:4000:GASOHOL 95 PLUS ,,,,,,,32000.0,8/03/2022,INDEFINIDO,HEREDIA LOPEZ CESAR AUGUSTO,0,-12.081716,-77.036227
1008,201700210300,133405,133405-050-221217,20601649021,GRUPO MEJIA & ASOCIADOS S.A.C.,VALLE CHANCAY / SECTOR ELLEN / LA COFRADIA N° 1 COD. PREF. 7_6259235_094056/UC 094056 (AV. VENEZUELA CON CALLE SIN NOMBRE),LAMBAYEQUE,CHICLAYO,MONSEFU,ESTACIONES DE SERVICIOS,C1:4806:Diesel B5 S-50 ,C1:2786:GASOHOL 90 PLUS C2:1969:GASOHOL 95 PLUS ,C1:2936:GASOHOL 84 PLUS ,,,,,,,,12497.0,22/12/2017,INDEFINIDO,MISAEL MEJIA VARGAS,0,-6.8776343,-79.8680897
1009,201900204156,41547,41547-050-111219,20127765279,COESTI S.A.,"AV. JORGE CHAVEZ N° 870 - 877, ESQ. AV. ROOSVELT",LIMA,LIMA,SANTIAGO DE SURCO,ESTACIONES DE SERVICIOS,C1:6000:Diesel B5 S-50 ,C1:3000:GASOHOL 95 PLUS C2:3000:GASOHOL 97 PLUS ,C1:6000:GASOHOL 90 PLUS ,C1:2500:SIN PRODUCTO ,,,,,,,20500.0,11/12/2019,INDEFINIDO,ABRAHAM HUGO CALDERON MAVILA,480,-12.1470859,-77.0123088
1010,201800173786,83891,83891-050-191018,20518633482,INVERSIONES M Y E S.A.C,"MZ.A, LT. 1, PARCELA 4 DEL EX FUNDO CARAPONGO",LIMA,LIMA,LURIGANCHO,ESTACIONES DE SERVICIOS,C1:3026:Diesel B5 S-50 ,C1:1513:GASOHOL 95 PLUS ,C1:1513:GASOHOL 90 PLUS ,,,,,,,,6052.0,19/10/2018,INDEFINIDO,ESTELA ROSSI YALI AGUILAR,0,-12.0148023,-76.8745733
1011,202300037100,153981,153981-050-060323,20603298919,JASFOR COMBUSTIBLES S.A.C.,ALAMEDA PERU N°1009 Y JR. AGUAYTIA N° 387,HUANUCO,LEONCIO PRADO,RUPA-RUPA,ESTACIONES DE SERVICIOS,C1:2203.68:Diesel B5 S-50 ,C1:2203.68:GASOHOL 90 PLUS ,C1:1101.84:GASOHOL 95 PLUS C2:1101.84:GASOHOL 90 PLUS ,,,,,,,,6611.04,6/03/2023,5/03/2024,JOSE DAVID SALAVERRY RIOS,0,-9.295846899999999,-75.99856559999999
1012,202200239007,130868,130868-050-301122,20493388721,GRIFO Y SERVICIO TRANSPORTES SANTO TOMAS E.I.R.L.,ESQUINA DE LA CALLE CUZCO N° 1012 CON CALLE BORJA N° 701,LORETO,MAYNAS,PUNCHANA,ESTACIONES DE SERVICIOS,C1:3500:DIESEL B5 C2:1500:GASOLINA 90 ,C1:2000:GASOLINA 84 ,,,,,,,,,7000.0,30/11/2022,INDEFINIDO,JOSÉ GREGORIO QUEZADA PAREDES,0,-3.7300477,-73.2480197
1013,202200195405,9071,9071-050-201022,20600272919,INVERSIONES CARUAJULCA S.R.L.,AV.TUPAC AMARU Nº 828,CAJAMARCA,HUALGAYOC,BAMBAMARCA,ESTACIONES DE SERVICIOS,C1:6000:GASOHOL 84 PLUS ,C1:6000:Diesel B5 S-50 ,C1:3000:GASOHOL 90 PLUS ,,,,,,,,15000.0,20/10/2022,INDEFINIDO,RAUL CARUAJULCA VASQUEZ ,0,-6.6799458,-78.52368609999999
1014,201900139605,98296,98296-050-040919,20286661361,EMPRESA DE TRANSPORTES VIRGEN DE LA CANDELARIA S.A.,"CARRETERA IMPERIAL QUILMANA, KM. 12 PREDIO UC N° 10758A SECTOR 5 ESQUINAS ",LIMA,CAÑETE,QUILMANA,ESTACIONES DE SERVICIOS,C1:3042:GASOHOL 90 PLUS ,C1:1022:GASOHOL 95 PLUS C2:1022:Diesel B5 S-50 ,,,,,,,,,5086.0,4/09/2019,INDEFINIDO,LUIS MIGUEL DE LA CRUZ DE LA CRUZ,0,-12.9721523,-76.3836693
1015,202200169691,153426,153426-050-051022,20605513795,ANGKOR E.I.R.L.,CV. VIA ESPINAR C. POBLADO TINTAYA MARQUIRI - ESPINAR,CUSCO,ESPINAR,ESPINAR,ESTACIONES DE SERVICIOS,C1:10000:Diesel B5 S-50 ,C1:10000:Diesel B5 S-50 ,C1:10000:Diesel B5 S-50 ,C1:5000:GASOHOL 90 PLUS C2:5000:GASOHOL 95 PLUS ,,,,,,,40000.0,5/10/2022,INDEFINIDO,MAC YONEL USCA CCAPA ,0,-14.864394,-71.33489399999999
1016,201900134376,8988,8988-050-170916,20275532496,GRIFO PAIJAN S.R.L.,"AV. PANAMERICANA N° 1354 ESQUINA CON JR. ROSALES, SECTOR MANCO CAPAC",LA LIBERTAD,ASCOPE,PAIJAN,PUESTO DE VENTA DE COMBUSTIBLE - GRIFOS,C1:4253:Diesel B5 S-50 ,C1:4183:GASOHOL 90 PLUS ,C1:2064:GASOHOL 95 PLUS ,C1:3103:GASOHOL 90 PLUS ,C1:4283:Diesel B5 S-50 ,C1:4278:SIN PRODUCTO ,,,,,22164.0,19/08/2019,INDEFINIDO,MARIA ROSA SALAZAR LEZCANO,0,-7.7244103,-79.3081401
1017,201700016236,8354,8354-050-080217,20312347947,SUPER GRIFO CASTILLA S.R.L.,CASQUINA S/N.,AREQUIPA,CASTILLA,APLAO,PUESTO DE VENTA DE COMBUSTIBLE - GRIFOS,C1:4800:Diesel B5 S-50 ,C1:4800:GASOHOL 95 PLUS ,C1:3600:GASOHOL 90 PLUS ,,,,,,,,13200.0,8/02/2017,INDEFINIDO,PEDRO ALBERTO BEJARANO CHIRINOS,0,-16.0687321,-72.49263069999999
1018,201900172863,14628,14628-050-251019,20552146973,SAN ANTONIO INVERSIONES GENERALES S.R.L.,AV. TUPAC AMARU KM. 22. CARRETERA A CANTA - ASOCIACION LOS ROSALES DE CHILLON,LIMA,LIMA,CARABAYLLO,ESTACIONES DE SERVICIOS,C1:6000:Diesel B5 S-50 ,C1:6000:Diesel B5 S-50 ,C1:6000:SIN PRODUCTO ,C1:6000:GASOHOL 90 PLUS ,C1:2500:GASOHOL 95 PLUS ,,,,,,26500.0,25/10/2019,INDEFINIDO,ALFREDO RUSBEL ENRIQUEZ VENTURA,720,-11.8965777,-77.0297302
1019,201900204135,6799,6799-050-131219,20127765279,COESTI S.A.,AV. LEONCIO PRADO N° 780 (PANAMERICANA NORTE KM. 34.5),LIMA,LIMA,PUENTE PIEDRA,ESTACIONES DE SERVICIOS,C1:6000:Diesel B5 S-50 ,C1:8000:Diesel B5 S-50 ,C1:4000:GASOHOL 97 PLUS ,C1:6000:GASOHOL 90 PLUS ,C1:4000:GASOHOL 95 PLUS ,,,,,,28000.0,13/12/2019,INDEFINIDO,ABRAHAM HUGO CALDERON MAVILA,720,-11.8392451,-77.10605509999999
1020,202000056805,18419,18419-050-150520,20362074429,GRIFO LATINO E.I.R.L.,JR. JIMENEZ PIMENTEL N° 1261,SAN MARTIN,SAN MARTIN,TARAPOTO,ESTACIONES DE SERVICIOS,C1:5000:GASOLINA 90 C2:3000:GASOLINA 84 ,C1:5000:Diesel B5 S-50 C2:3000:GASOLINA 95 ,,,,,,,,,16000.0,15/05/2020,INDEFINIDO,RAMIRO VASQUEZ VASQUEZ,0,-6.4969717,-76.3684722
1021,202100222433,7381,7381-050-181121,20600082591,ESTACION DE COMBUSTIBLE SMART S.A.C.,"AV. SOCABAYA Nº 1008, URB. SAN MARTÍN DE SOCABAYA",AREQUIPA,AREQUIPA,SOCABAYA,PUESTO DE VENTA DE COMBUSTIBLE - GRIFOS,C1:4000:GASOHOL 95 PLUS ,C1:5000:GASOHOL 90 PLUS ,C1:5000:Diesel B5 S-50 ,C1:5000:SIN PRODUCTO ,,,,,,,19000.0,18/11/2021,INDEFINIDO,HENRY GUSTAVO GUERRA YUCRA,0,-16.447516,-71.5319231
1022,202200122554,8732,8732-050-100922,20605213163,GRIFOS MAHANAIM PUCALLPA S.A.C.,JR. 7 DE JUNIO Nº 326 / JR. REQUENA,UCAYALI,CORONEL PORTILLO,CALLERIA,PUESTO DE VENTA DE COMBUSTIBLE - GRIFOS,C1:8000:SIN PRODUCTO ,C1:8000:GASOLINA 95 ,C1:9000:DIESEL B5 ,C1:8000:GASOLINA 90 ,,,,,,,33000.0,11/09/2022,INDEFINIDO,ELARD ESPINOZA ORIHUELA,0,-8.354345499999999,-74.57608359999999
1023,202200116760,139126,139126-050-220622,20603567324,ESTACIÓN DE SERVICIOS LA SANTA CRUZ E.I.R.L.,AV. AVIACIÓN S/N CARRETERA UNIÓN MANTARO - CANAYRE,AYACUCHO,HUANTA,CANAYRE,ESTACIONES DE SERVICIOS,C1:10000:Diesel B5 S-50 ,C1:10000:Diesel B5 S-50 ,C1:10000:GASOHOL 90 PLUS ,C1:5000:GASOHOL 84 PLUS C2:5000:GASOHOL 95 PLUS ,,,,,,,40000.0,22/06/2022,22/06/2023,CIRILA QUISPE BORDA,0,-12.2839708,-74.088887
1024,202000168741,64378,64378-050-231120,20450369951,SERVICENTRO PACIFICO S.R.L.,AV. PERU Nº 402,SAN MARTIN,SAN MARTIN,MORALES,PUESTO DE VENTA DE COMBUSTIBLE - GRIFOS,C1:3000:GASOLINA 90 C2:1650:GASOLINA 84 C3:2250:Diesel B5 S-50 C4:2250:Diesel B5 S-50 ,,,,,,,,,,9150.0,23/11/2020,INDEFINIDO,LUCAS MOSQUERA FLORES ,480,-6.4769093,-76.3870335
1025,202000153051,151933,151933-050-281020,20606310103,ESTACION DUBAI S.A.C.,"AYABACAS PAMPA, CARRETERA JULIACA-HUANCANE KM. 9+750",PUNO,HUANCANE,PUSI,PUESTO DE VENTA DE COMBUSTIBLE - GRIFOS,C1:9220:Diesel B5 S-50 ,C1:6585:Diesel B5 S-50 ,C1:5268:GASOHOL 84 PLUS ,C1:5268:GASOHOL 90 PLUS ,C1:5268:GASOHOL 95 PLUS ,C1:9220:Diesel B5 S-50 ,C1:6585:Diesel B5 S-50 ,C1:5268:GASOHOL 90 PLUS ,C1:5268:GASOHOL 95 PLUS ,C1:5268:GASOHOL 97 PLUS ,63218.0,28/10/2020,INDEFINIDO,COYLA LIZARRAGA KEVIN CHRISTIAN,0,-15.2022882,-69.7708133
1026,202200000197,117818,117818-050-210122,20559069125,ESTACIÓN DE SERVICIOS GRIFO LOMAS R & M S.A.C.,"URB. COSTA AZUL, MANZANA Y, LOTE N° 2 DE LA AMPLIACIÓN",AREQUIPA,CARAVELI,LOMAS,PUESTO DE VENTA DE COMBUSTIBLE - GRIFOS,C1:2915:GASOHOL 90 PLUS ,C1:968:GASOHOL 90 PLUS ,C1:1456:Diesel B5 S-50 ,,,,,,,,5339.0,21/01/2022,INDEFINIDO,MONICA ROSSANA FRANCO FLORES,0,-17.0187184,-72.02348289999999
1027,201500023735,18464,18464-050-270315,10013159454,IRACEMA YOVANA GUERRA YUCRA,YANAMAYO KM 4.5 CARRETERA PUNO-JULIACA,PUNO,PUNO,PUNO,PUESTO DE VENTA DE COMBUSTIBLE - GRIFOS,C1:3000:Diesel B5 S-50 C2:3000:GASOHOL 84 PLUS ,C1:4500:GASOHOL 90 PLUS ,C1:4500:GASOHOL 97 PLUS ,C1:4500:GASOHOL 95 PLUS ,,,,,,,19500.0,26/03/2015,INDEFINIDO,IRACEMA YOVANA GUERRA YUCRA,0,-15.8155651,-70.034982
1028,201600114129,44416,44416-050-110916,20450700771,ESTACION DE SERVICIOS GRUPO A&T PERU SOCIEDAD ANONIMA CERRADA,CARRETERA ABANCAY - APURIMAC KM 1.5,APURIMAC,ABANCAY,TAMBURCO,ESTACIONES DE SERVICIOS,C1:8000:Diesel B5 S-50 ,C1:4000:GASOHOL 95 PLUS C2:4000:GASOHOL 90 PLUS ,C1:8000:Diesel B5 S-50 ,,,,,,,,24000.0,11/09/2016,INDEFINIDO,LUCIA KARINA ARCE TERRAZAS,0,-13.6232317,-72.8744401
1029,201800174372,139208,139208-050-221018,10409340313,WILLAN ALFREDO DE LA CRUZ MARTINEZ,CARRETERA CANGALLO AYACUCHO - PREDIO CALZADAYOCC,AYACUCHO,CANGALLO,LOS MOROCHUCOS,ESTACIONES DE SERVICIOS,C1:6000:Diesel B5 S-50 ,C1:3000:GASOHOL 90 PLUS C2:3000:GASOHOL 95 PLUS ,,,,,,,,,12000.0,22/10/2018,INDEFINIDO,WILLAN ALFREDO DE LA CRUZ MARTINEZ,0,-13.6064548,-74.0874473
1030,201500154172,95388,95388-050-271115,20551774814,TRANS MURIEL INVER S.A.C. ,"CARRETERA PANAMERICANA SUR KM. 444.75, SECTOR CURVE BAJO",ICA,NAZCA,NAZCA,ESTACIONES DE SERVICIOS,C1:3955:DIESEL B5 ,C1:3955:DIESEL B5 ,C1:1500:DIESEL B5 ,C1:1500:GASOHOL 95 PLUS ,C1:1500:GASOHOL 90 PLUS ,,,,,,12410.0,27/11/2015,INDEFINIDO,LORENZO MURIEL TTITO,0,-14.8369317,-74.9424281
1031,201900008230,8941,8941-050-170119,20602158242,SERVICIOS Y REPRESENTACIONES TACNA S.A.C. ,AV. JAIME BAUZATE Y MEZA Nº 801 - 825,LIMA,LIMA,LA VICTORIA,ESTACIONES DE SERVICIOS,C1:6000:SIN PRODUCTO ,C1:6000:GASOHOL 90 PLUS ,C1:6000:GASOHOL 95 PLUS ,C1:6000:Diesel B5 S-50 ,C1:4000:SIN PRODUCTO ,,,,,,28000.0,17/01/2019,INDEFINIDO,SERGIO CALISAYA QUISPE ,0,-12.0636478,-77.0232706
1032,202300083135,85248,85248-050-250423,10181352910,IRMA ELISEA MORI CHAVEZ,AV. 28 DE JULIO S/N - CASERIO JUANDIL,AMAZONAS,RODRIGUEZ DE MENDOZA,MARISCAL BENAVIDES,ESTACIONES DE SERVICIOS,C1:5000:Diesel B5 S-50 ,C1:2300:Diesel B5 S-50 ,C1:2460:GASOLINA PREMIUM ,C1:2700:GASOLINA REGULAR ,,,,,,,12460.0,25/04/2023,INDEFINIDO,IRMA ELISEA MORI CHAVEZ,0,-6.3867084,-77.5053269
1033,201600166333,17845,17845-050-121216,20103921873,SERVICENTRO BELEN S.R.L.,CALLE ELÍAS AGUIRRE N° 1403,LORETO,MAYNAS,BELEN,ESTACIONES DE SERVICIOS,C1:5000:GASOLINA 84 ,C1:5000:GASOLINA 84 ,C1:5000:DIESEL B5 ,C1:3000:GASOLINA 90 ,C1:1500:SIN PRODUCTO ,,,,,,19500.0,11/12/2016,INDEFINIDO,DANIEL CARDENAS VILLACORTA,480,-3.7604063,-73.2520023
1034,202100058591,97421,97421-050-100421,10741226907,YUCRA PUMA PRIMO ALCIDES,COMUNIDAD TINKE ANEXO CHECASPAMPA S/N,CUSCO,QUISPICANCHI,OCONGATE,ESTACIONES DE SERVICIOS,C1:5300:Diesel B5 S-50 ,C1:5300:GASOHOL 90 PLUS ,C1:3900:GASOHOL 90 PLUS ,,,,,,,,14500.0,10/04/2021,INDEFINIDO,YUCRA PUMA PRIMO ALCIDES,0,-13.6668681,-71.32099819999999
1035,201900135845,21318,21318-050-200819,10212620501,GREGORIO MARIO EGOAVIL QUISPE,ESQ. AV. JAUJA Y AV. CIRCUNVALACION,JUNIN,JAUJA,MARCO,PUESTO DE VENTA DE COMBUSTIBLE - GRIFOS,C1:1950:GASOHOL 90 PLUS C2:850:GASOHOL 95 PLUS ,C1:4000:Diesel B5 S-50 ,,,,,,,,,6800.0,20/08/2019,INDEFINIDO,GREGORIO MARIO EGOAVIL QUISPE,240,-11.7859253,-75.4952329
1036,201800075878,42755,42755-050-220518,20109284786,ANEGADA S.A.C.,AV. JAVIER PRADO ESTE N° 311,LIMA,LIMA,SAN ISIDRO,ESTACIONES DE SERVICIOS,C1:6000:GASOHOL 95 PLUS ,C1:6000:GASOHOL 90 PLUS ,C1:6000:GASOHOL 95 PLUS ,C1:6000:GASOHOL 95 PLUS ,C1:6000:GASOHOL 90 PLUS ,C1:6000:GASOHOL 97 PLUS ,C1:6000:Diesel B5 S-50 ,,,,42000.0,22/05/2018,INDEFINIDO,KENNETH MARTIN BERRY SILVA SANTISTEBAN,0,-12.0916055,-77.0310001
1037,202200161774,161200,161200-050-190822,10773219554,ROQUE ERQUINIGO ELVIS,CARRETERA PUNO - JULIACA KM 1351+700,PUNO,PUNO,PUNO,PUESTO DE VENTA DE COMBUSTIBLE - GRIFOS,C1:6550:Diesel B5 S-50 ,C1:2500:GASOHOL 84 PLUS ,C1:2500:GASOHOL 90 PLUS ,C1:2500:GASOHOL 95 PLUS ,,,,,,,14050.0,19/08/2022,INDEFINIDO,ROQUE ERQUINIGO ELVIS,0,-15.5052967,-70.1243451
1038,202200195424,95160,95160-050-201022,20608511092,INVERSIONES DAMSCAR S.R.L.,AV. RICARDO PALMA Nº 620,CAJAMARCA,HUALGAYOC,BAMBAMARCA,ESTACIONES DE SERVICIOS,C1:4000:Diesel B5 S-50 ,C1:4000:Diesel B5 S-50 ,C1:4000:Diesel B5 S-50 ,C1:4000:Diesel B5 S-50 ,C1:3500:Diesel B5 S-50 ,C1:3500:GASOHOL 84 PLUS ,C1:3500:GASOHOL 90 PLUS ,,,,26500.0,20/10/2022,INDEFINIDO,JOSE CARUAJULCA VASQUEZ,0,-6.6707198,-78.5289225
1039,201800090966,41308,41308-050-060618,10289997127,BENIGNO QUISPE CHAMPI,AV. PUMAHUIRI ESQUINA CON AV. BALTA,AYACUCHO,PARINACOCHAS,CORACORA,PUESTO DE VENTA DE COMBUSTIBLE - GRIFOS,C1:1120:Diesel B5 S-50 ,C1:1120:Diesel B5 S-50 ,C1:6147:Diesel B5 S-50 ,C1:3071:GASOHOL 90 PLUS ,C1:1120:GASOHOL 95 PLUS ,,,,,,12578.0,6/06/2018,INDEFINIDO,BENIGNO QUISPE CHAMPI,0,-14.8688889,-73.7491667
1040,201600137629,110931,110931-050-210916,20529509881,EMPRESA J.R.E. HERMANOS S.R.L.,U.C. 424 PREDIO RUSTICO LA ESTRELLA – VENTANILLAS DE COMBAYO,CAJAMARCA,CAJAMARCA,ENCAÑADA,PUESTO DE VENTA DE COMBUSTIBLE - GRIFOS,"C1:2157:DIESEL B5,Diesel B5 S-50 ",C1:2157:GASOHOL 90 PLUS ,,,,,,,,,4314.0,21/09/2016,INDEFINIDO,JAIMITO BAUTISTA ZAMBRANO ,0,-7.0467949,-78.3991052
1041,201900172884,6776,6776-050-291119,20552146892,UNIVERSITARIA INVERSIONES GENERALES S.R.L.,AV. UNIVERSITARIA S/N MZ. F LTS. 1 Y 24 ASOCIACION CAUDEVILLA,LIMA,LIMA,CARABAYLLO,ESTACIONES DE SERVICIOS,C1:6000:GASOHOL 97 PLUS ,C1:6000:GASOHOL 95 PLUS ,C1:6000:Diesel B5 S-50 ,C1:4500:GASOHOL 90 PLUS ,,,,,,,22500.0,29/11/2019,INDEFINIDO,ALFREDO RUSBEL ENRIQUEZ VENTURA,720,-11.8646943,-77.0412521
1042,202000127200,40024,40024-050-220920,20127765279,COESTI S.A.,"ESQUINA AV. PIZARRO CON AV. HARTLEY - URB. CASA BLANCA MZ. D, LOTE 08",AREQUIPA,AREQUIPA,JOSE LUIS BUSTAMANTE Y RIVERO,ESTACIONES DE SERVICIOS,C1:6000:GASOHOL 90 PLUS ,C1:4000:GASOHOL 97 PLUS ,C1:3000:SIN PRODUCTO ,C1:6000:Diesel B5 S-50 ,C1:4000:GASOHOL 95 PLUS ,,,,,,23000.0,22/09/2020,INDEFINIDO,ABRAHAM HUGO CALDERON MAVILA,240,-16.428566,-71.525941
1043,201900204118,148222,148222-050-101219,10200291862,MAYTA GUERRA REMIGIO ANGELICO,"AV. TUPAC AMARU ESQUINA JR. 09 DE DICIEMBRE MZ. K. LOTES 5,6,7,8 Y 9 AA HH NUEVA AMAZONIA ",UCAYALI,CORONEL PORTILLO,CALLERIA,PUESTO DE VENTA DE COMBUSTIBLE - GRIFOS,C1:3500:DIESEL B5 ,C1:3500:GASOLINA 90 ,C1:3500:GASOLINA 90 ,,,,,,,,10500.0,10/12/2019,INDEFINIDO,MAYTA GUERRA REMIGIO ANGELICO,0,-8.413293099999999,-74.64654709999999
1044,201300141441,105058,105058-050-160913,20542811375,ESTACION DE SERVICIO M & P E.I.R.L.,CALLE PRINCIPAL MZ. D L0TE 03,MADRE DE DIOS,MANU,HUEPETUHE,ESTACIONES DE SERVICIOS,C1:8500:Diesel B5 S-50 ,C1:8500:Diesel B5 S-50 ,C1:8500:Diesel B5 S-50 ,C1:7000:Diesel B5 S-50 ,C1:3500:GASOLINA 90 ,,,,,,36000.0,16/09/2013,INDEFINIDO,MAURO HOLGADO QUISPE,0,-13.0258926,-70.6692655
1045,201700000354,111422,111422-050-110117,10266550117,JOSE ISIDRO SOLORZANO CERNA,ESQUINA JR. AREQUIPA CON JR. FRANCISCO RUIZ,CAJAMARCA,CAJAMARCA,JESUS,PUESTO DE VENTA DE COMBUSTIBLE - GRIFOS,"C1:5200:DIESEL B5,Diesel B5 S-50 ",C1:1700:GASOHOL 90 PLUS C2:1600:GASOHOL 90 PLUS ,,,,,,,,,8500.0,11/01/2017,INDEFINIDO,JOSE ISIDRO SOLORZANO CERNA,0,-7.2494291,-78.3817088
1046,201900026346,140540,140540-050-200219,10467111901,ROSITA KLEOFE OCAMPO SALAZAR ,AV. ALELUYA N° 1055,AMAZONAS,LUYA,LUYA,PUESTO DE VENTA DE COMBUSTIBLE - GRIFOS,C1:4569:Diesel B5 S-50 ,C1:2568:GASOLINA 90 ,C1:1471:GASOLINA 95 ,,,,,,,,8608.0,20/02/2019,INDEFINIDO,ROSITA KLEOFE OCAMPO SALAZAR ,0,-6.1737435,-77.93959699999999
1047,202200060391,116808,116808-050-110522,20351667771,NEGOCIACION CULTURAL IMPORT S.A.C.,AV. AGUAYTIA ESQUINA CON JR. PADRE AGUERRIZABAL MZ 43 LT 08,UCAYALI,CORONEL PORTILLO,MANANTAY,ESTACIONES DE SERVICIOS,C1:5883:GASOLINA 90 ,C1:2944:DIESEL B5 C2:2944:GASOLINA 95 ,C1:5878:DIESEL B5 ,,,,,,,,17649.0,11/05/2022,INDEFINIDO,CECILIO BARRETO ROYER ,0,-8.3982252,-74.5405305
1048,201700176270,9165,9165-050-311017,20547386338,GRUPO CASSA S.A.C. ,CARRETERA CENTRAL KM. 77- CACACHAQUI,LIMA,HUAROCHIRI,MATUCANA,PUESTO DE VENTA DE COMBUSTIBLE - GRIFOS,C1:4000:Diesel B5 S-50 ,C1:4000:GASOHOL 95 PLUS ,C1:4500:GASOHOL 90 PLUS ,,,,,,,,12500.0,31/10/2017,INDEFINIDO,DENNY ROSSY CASSA CAHUANA,0,-11.8367255,-76.3761523
1049,202000044274,118323,118323-050-120320,20605691073,INVERSIONES DAZU E.I.R.L.,AV. FRANCISCO IRAZOLA S/N,JUNIN,CONCEPCION,COMAS,ESTACIONES DE SERVICIOS,C1:2000:Diesel B5 S-50 C2:2500:GASOHOL 90 PLUS C3:5000:Diesel B5 S-50 ,,,,,,,,,,9500.0,12/03/2020,INDEFINIDO,DAVILA ZUÑIGA THALIA LUCILA,720,-11.8755827,-75.2971898
1050,201800054389,135541,135541-050-170418,20603002084,ESTACION DE SERVICIOS DIANA S.A.C.,CARRETERA A LA ENTRADA AL DISTRITO DE PARCOY,LA LIBERTAD,PATAZ,PARCOY,PUESTO DE VENTA DE COMBUSTIBLE - GRIFOS,C1:7800:Diesel B5 S-50 ,C1:3900:GASOHOL 90 PLUS ,,,,,,,,,11700.0,17/04/2018,INDEFINIDO,EFRAIN MORENO ACUÑA,720,-8.007409599999999,-77.4931403
1051,202000192269,153124,153124-050-291220,20606775688,MI GRIFO YASOIL E.I.R.L.,AV. PALOMANI S/N CENTRO POBLADO TRAPICHE,PUNO,SAN ANTONIO DE PUTINA,ANANEA,PUESTO DE VENTA DE COMBUSTIBLE - GRIFOS,C1:9220:Diesel B5 S-50 ,C1:9220:Diesel B5 S-50 ,C1:2634:GASOHOL 90 PLUS ,C1:3951:GASOHOL 84 PLUS ,,,,,,,25025.0,29/12/2020,INDEFINIDO,MAMANI GOMEZ PADDY YASMANY,0,-14.7333333,-69.2333333
1052,201700103935,82166,82166-050-040717,20602216501,SERVICENTRO Q & M S.A.C.,CARRETERA CUSCO _ SICUANI KM 1085+085 SECTOR SUKCUÑA,CUSCO,CANCHIS,TINTA,PUESTO DE VENTA DE COMBUSTIBLE - GRIFOS,C1:2300:GASOHOL 90 PLUS ,C1:3500:Diesel B5 S-50 ,,,,,,,,,5800.0,4/07/2017,INDEFINIDO,DAMARIS ROSALY NOA MAYTA,300,-14.2713299,-71.2220832
1053,201600124102,93142,93142-050-080916,20480896743,GRIFOS DEL NORTE S.A.C.,AV. NILA CERRUTI Nº 285,LA LIBERTAD,PACASMAYO,GUADALUPE,ESTACIONES DE SERVICIOS,"C1:3900:DIESEL B5,Diesel B5 S-50 ",C1:1150:GASOHOL 84 PLUS C2:1150:GASOHOL 90 PLUS C3:1150:GASOHOL 95 PLUS ,,,,,,,,,7350.0,8/09/2016,INDEFINIDO,LLANI MARGARITA ANTICONA TIZNADO,720,-7.2466877,-79.4678608
1054,202200254412,166186,166186-050-310123,20609601125,ESTACION DE SERVICIOS BORDA E.I.R.L.,"PREDIO PERIAVENTE ALTA PARCELA N°PAL-35 REFERENCIA CARRETERA HACIA CHOYMACOTA, ANEXO PERIAVENTE ALTA",AYACUCHO,HUANTA,LLOCHEGUA,ESTACIONES DE SERVICIOS,C1:10000:Diesel B5 S-50 ,C1:10000:GASOHOL 90 PLUS ,C1:5000:GASOHOL 95 PLUS C2:3000:GASOHOL 97 PLUS C3:2000:GASOHOL 84 PLUS ,,,,,,,,30000.0,31/01/2023,31/01/2024,CIRILA QUISPE BORDA,0,-12.4094427,-73.9061138
1055,201700049766,9433,9433-050-290417,20363350179,GRIFOS UNIDOS E.I.R.L.,KM. 4.2 CARRETERA JULIACA - CUSCO,PUNO,SAN ROMAN,JULIACA,PUESTO DE VENTA DE COMBUSTIBLE - GRIFOS,C1:3000:Diesel B5 S-50 ,C1:1500:GASOHOL 84 PLUS ,C1:1500:GASOHOL 90 PLUS ,,,,,,,,6000.0,25/04/2017,INDEFINIDO,MAURA VILMA BENIQUE TIZNADO,0,-15.5066438,-70.1169401
1056,201700142246,131274,131274-050-110917,20602413218,SERVICENTRO CRISTO SALVADOR E.I.R.L.,FRACCION PARCELA AGRICOLA N° 15 U.C.30025 SECTOR DOS DE MAYO,MADRE DE DIOS,TAMBOPATA,INAMBARI,PUESTO DE VENTA DE COMBUSTIBLE - GRIFOS,C1:7800:Diesel B5 S-50 ,C1:7800:Diesel B5 S-50 ,C1:7800:Diesel B5 S-50 ,C1:5200:GASOLINA 84 C2:2600:GASOLINA 90 ,,,,,,,31200.0,11/09/2017,INDEFINIDO,EGIDIO YUCRA BOLAÑOS,0,-13.0137323,-69.9550338
1057,202200005768,122473,122473-050-150222,10244646463,JUAN LEONARDO BACA FERRO,ESQUINA DE LA AV. VILCANOTA CON AGROPECUARIO S/N,CUSCO,CALCA,CALCA,ESTACIONES DE SERVICIOS,C1:6600:Diesel B5 S-50 ,"C2:0:GASOHOL 90 PLUS,GASOHOL 95 PLUS ",C1:4494:GASOHOL 90 PLUS ,,,,,,,,17694.0,15/02/2022,INDEFINIDO,JUAN LEONARDO BACA FERRO,0,-13.3236067,-71.9570286
1058,202300051727,9564,9564-050-200323,10446400377,RICARDO TAPIA GUTIERREZ,JR. SAN MARTIN Nº 222,PUNO,SAN ROMAN,CABANILLAS,PUESTO DE VENTA DE COMBUSTIBLE - GRIFOS,C1:2000:GASOHOL REGULAR ,C1:2000:Diesel B5 S-50 ,,,,,,,,,4000.0,20/03/2023,INDEFINIDO,RICARDO TAPIA GUTIERREZ,0,-15.4942469,-70.1309504
1059,202100198378,18307,18307-050-220921,20508896701,APOLLO´S MARKET S.A.C. ,AV. PROLONGACION IQUITOS CDRA. 25 S/N.,LIMA,LIMA,LINCE,GRIFO VIA PUBLICA,C1:5000:GASOHOL 90 PLUS C2:3000:Diesel B5 S-50 ,C1:5000:GASOHOL 95 PLUS C2:3000:GASOHOL 97 PLUS ,C1:4000:SIN PRODUCTO ,,,,,,,,20000.0,22/09/2021,INDEFINIDO,MONICA PAOLA TOSCANO ALIAGA,0,-12.085535,-77.0285172
1060,201800127245,40978,40978-050-010818,20502669401,SERVICENTRO EL PIONERO E.I.R.L.,"MZ. C1 LOTE 20 A2, URB. EL CLUB DE HUACHIPA",LIMA,LIMA,LURIGANCHO,ESTACIONES DE SERVICIOS,C1:8000:Diesel B5 S-50 ,C1:4000:GASOHOL 90 PLUS C2:4000:GASOHOL 90 PLUS ,C1:8000:Diesel B5 S-50 ,C1:4000:GASOHOL 95 PLUS C2:4000:SIN PRODUCTO ,,,,,,,32000.0,1/08/2018,INDEFINIDO,MARIA ANGELICA FONSECA ESPINOZA,0,-12.0384052,-76.9570799
1061,201800057016,134359,134359-050-110418,20603057661,GRIFO GRUPO UCHUÑARI SOCIEDAD COMERCIAL DE RESPONSABILIDAD LIMITADA,AV. BINACIONAL S/N CENTRO POBLADO CURVA ALEGRE,PUNO,SANDIA,SAN PEDRO DE PUTINA PUNCO,PUESTO DE VENTA DE COMBUSTIBLE - GRIFOS,C1:6292:Diesel B5 S-50 ,C1:4494:GASOHOL 90 PLUS ,C1:4494:GASOHOL 84 PLUS ,,,,,,,,15280.0,11/04/2018,INDEFINIDO,AGUSTINA MORALES LIPA ,0,-14.041463,-68.959339
1062,201900047317,43846,43846-050-250319,20529483041,EL AS SERVICIOS GENERALES E.I.R.L.,AV. SAN MARTIN N° 1250 ,CAJAMARCA,CAJAMARCA,CAJAMARCA,ESTACIONES DE SERVICIOS,C1:4000:Diesel B5 S-50 ,C1:4000:GASOHOL 90 PLUS ,,,,,,,,,8000.0,25/03/2019,INDEFINIDO,ALDO MICHEL HUAMAN HUAMAN ,240,-7.1547451,-78.5155463
1063,202100152982,64320,64320-050-220721,10252182093,JAVIER MAURO ARCE LAZO,"CENTRO POBLADO SEMI RURAL PACHACUTEC, GRUPO ZONAL Nº 12, MZ. 19, LOTE 06, ZONA D",AREQUIPA,AREQUIPA,CERRO COLORADO,PUESTO DE VENTA DE COMBUSTIBLE - GRIFOS,C1:3400:Diesel B5 S-50 ,C1:660:GASOHOL 90 PLUS ,,,,,,,,,4060.0,22/07/2021,INDEFINIDO,JAVIER MAURO ARCE LAZO,0,-16.3954762,-71.5716535
1064,202200098021,115988,115988-050-260722,20514606774,C & M SERVICENTROS SOCIEDAD ANONIMA CERRADA,CARRETERA PANAMERICANA NORTE KM. 84,LIMA,HUARAL,CHANCAY,ESTACIONES DE SERVICIOS,C1:5000:Diesel B5 S-50 ,C1:2000:GASOHOL 90 PLUS C2:1500:GASOHOL 95 PLUS C3:1500:Diesel B5 S-50 ,,,,,,,,,10000.0,26/07/2022,INDEFINIDO,JOSE ANTONIO TOVAR FERREYRA,0,-11.5430078,-77.2799242
1065,201500025958,114115,114115-050-120315,20572288065,RS PETROLEOS E.I.R.L.,CALLE PROLONGACION 15 DE AGOSTO S/N LOTES 1-2 MZ. 'Z' AA.HH. BUENA VISTA,LORETO,ALTO AMAZONAS,YURIMAGUAS,ESTACIONES DE SERVICIOS,C1:4500:DIESEL B5 ,C1:4500:GASOLINA 84 ,C1:2000:GASOLINA 90 ,,,,,,,,11000.0,12/03/2015,INDEFINIDO,WILLIAM ROY SALDAÑA REYES,0,-5.8872018,-76.1282651
1066,201900200763,148126,148126-050-041219,20601148235,GRUPO FLORES JUSTO SOCIEDAD ANONIMA CERRADA,JR. RAMON CASTILLA INTERSECCIÓN CON JR. SAN MARTIN S/N MZ. S LOTE 20 BARRIO LIZANDRO LUNA,PUNO,AZANGARO,AZANGARO,PUESTO DE VENTA DE COMBUSTIBLE - GRIFOS,C1:6050:Diesel B5 S-50 ,C1:2247:GASOHOL 95 PLUS ,C1:4000:GASOHOL 90 PLUS ,C1:2696:GASOHOL 84 PLUS ,,,,,,,14993.0,4/12/2019,INDEFINIDO,ZENON CONSTANTINO FLORES MONRROY ,0,-14.9164287,-70.196185
1067,201900168778,137164,137164-050-161019,20603251637,ESTACION DE SERVICIOS PRISMAX S.A.C.,PREDIO CASQUITO – SECTOR PINGOBAMBA TORIL U.C. 400023 (CARRETERA CHOTA – LAJAS),CAJAMARCA,CHOTA,CHOTA,ESTACIONES DE SERVICIOS,C1:4000:Diesel B5 S-50 ,C1:2250:GASOHOL 90 PLUS ,C1:2250:GASOHOL 84 PLUS ,C1:2250:GASOHOL 95 PLUS ,,,,,,,10750.0,16/10/2019,INDEFINIDO,JOSE ELMER CRUZ MONTEZA ,240,-6.5539753,-78.6390872
1068,202000057987,42510,42510-050-210520,20483829672,REPRESENTACIONES Y SERVICIOS MIRAFLORES E.I.R.L.,CARRETERA BELLAVISTA SECHURA S/N,PIURA,SECHURA,BELLAVISTA DE LA UNION,PUESTO DE VENTA DE COMBUSTIBLE - GRIFOS,C1:4450:GASOHOL 90 PLUS ,C1:4650:Diesel B5 S-50 ,C1:4000:GASOHOL 84 PLUS ,,,,,,,,13100.0,21/05/2020,INDEFINIDO,GOICOCHEA MECHATO DELIA SILVESTRE,0,-5.4278271,-80.7536597
1069,202000057988,8410,8410-050-250520,20498243780,SETRA DULCE CARMELO S.A.C.,"LOTE 17, MZ. L, ZONA A, PP.JJ. DANIEL ALCIDES CARRION",AREQUIPA,AREQUIPA,JACOBO HUNTER,ESTACIONES DE SERVICIOS,C1:3000:GASOHOL 95 PLUS ,C1:3000:Diesel B5 S-50 ,C1:3000:GASOHOL 90 PLUS ,,,,,,,,9000.0,25/05/2020,INDEFINIDO,PERCY JAIME SALAZAR ALARCON,0,-16.4091607,-71.5366759
1070,202100063783,120129,120129-050-180421,20606374616,COMBUSTIBLES BALLON E.I.R.L.,AV. FINLANDIA - LOS LUNAS N° 713 MZ. F LOTE 1 ZONA 6 ,ICA,ICA,LA TINGUIÑA,ESTACIONES DE SERVICIOS,C1:2000:GASOHOL 84 PLUS C2:2000:GASOHOL 97 PLUS ,C1:4000:GASOHOL 90 PLUS ,C1:4000:GASOHOL 95 PLUS ,C1:4000:Diesel B5 S-50 ,,,,,,,16000.0,18/04/2021,INDEFINIDO,ALFREDO ENRIQUE BALLÓN BENAVIDES,0,-14.0468584,-75.7202449
1071,201900204105,21057,21057-050-121219,20127765279,COESTI S.A.,AV. MARCO POLO S/N ESQ. JR. ALBERTO SECADA N* 474,PROV. CONST. DEL CALLAO,PROV. CONST. DEL CALLAO,CALLAO,PUESTO DE VENTA DE COMBUSTIBLE - GRIFOS,C1:5000:GASOHOL 90 PLUS ,C1:5000:Diesel B5 S-50 ,C1:3000:SIN PRODUCTO ,C1:3000:GASOHOL 95 PLUS C2:3000:GASOHOL 97 PLUS ,,,,,,,19000.0,12/12/2019,INDEFINIDO,ABRAHAM HUGO CALDERON MAVILA,240,-12.0633353,-77.1432221
1072,202300032420,140839,140839-050-220323,10427871598,GUEVARA HUANACUNI JAVIER,CARRETERA PANAMERICANA PUNO-DESAGUADERO KM. 1437+485 SECTOR CALA TALAHUI,PUNO,CHUCUITO,JULI,PUESTO DE VENTA DE COMBUSTIBLE - GRIFOS,C1:5000:GASOHOL 84 PLUS ,C1:2500:Diesel B5 S-50 ,C1:2500:GASOHOL REGULAR ,C1:9200:Diesel B5 S-50 ,C1:4150:GASOHOL PREMIUM ,C1:4150:GASOHOL REGULAR ,C1:4150:GASOHOL REGULAR ,C1:4150:GASOHOL 84 PLUS ,,,35800.0,22/03/2023,INDEFINIDO,GUEVARA HUANACUNI JAVIER,0,-16.5635083,-69.040105
1073,201800127253,64373,64373-050-020818,10237051322,ESTRELLA TINOCO SOTO DE VALDIVIA,AV. PERÚ S/N ANEXO DE CHILCAS ,HUANCAVELICA,TAYACAJA,DANIEL HERNANDEZ,PUESTO DE VENTA DE COMBUSTIBLE - GRIFOS,C1:2500:Diesel B5 S-50 C2:1000:GASOHOL 90 PLUS C3:500:GASOHOL 90 PLUS ,,,,,,,,,,4000.0,2/08/2018,INDEFINIDO,ESTRELLA TINOCO SOTO DE VALDIVIA,0,-12.3889985,-74.8588164
1074,202200129773,82091,82091-050-150722,10249848668,AGUSTIN PUMA LIMA ,AV. MANUEL FOLLANO S/N ,CUSCO,LA CONVENCION,QUELLOUNO,ESTACIONES DE SERVICIOS,C1:2000:GASOHOL 84 PLUS ,C1:2300:GASOHOL 90 PLUS ,C1:5300:Diesel B5 S-50 ,,,,,,,,9600.0,15/07/2022,15/07/2023,AGUSTIN PUMA LIMA ,0,-12.6346634,-72.5577324
1075,202100133444,9552,9552-050-210721,10294568871,GRACIELA HUANCA DE MEZA,COOPERATIVA VILLA PORONGOCHE A-1,AREQUIPA,AREQUIPA,PAUCARPATA,PUESTO DE VENTA DE COMBUSTIBLE - GRIFOS,C1:6500:GASOHOL 90 PLUS ,C1:6500:Diesel B5 S-50 ,C1:3750:GASOHOL 95 PLUS ,C1:2750:GASOHOL 84 PLUS ,,,,,,,19500.0,21/07/2021,INDEFINIDO,GRACIELA HUANCA DE MEZA,0,-16.4189902,-71.4996657
1076,201900176420,18490,18490-050-291019,20530820689,M & R REY COMBUSTIBLES S.R.L.,PANAMERICANA NORTE KM. 167 + 400 METROS - SAN FELIPE,LIMA,HUAURA,VEGUETA,PUESTO DE VENTA DE COMBUSTIBLE - GRIFOS,C1:8000:Diesel B5 S-50 ,C1:4000:Diesel B5 S-50 C2:4000:GASOHOL 95 PLUS ,C1:4000:GASOHOL 90 PLUS C2:4000:GASOHOL 98 PLUS ,,,,,,,,24000.0,29/10/2019,INDEFINIDO,RAFAEL GABRIEL REY VELASQUES,0,-10.9700051,-77.6463989
1077,202000081386,149252,149252-050-020920,20603696230,ESTACION DE SERVICIOS QUILLAZU EMPRESA INDIVIDUAL DE RESPONSABILIDAD LIMITADA,CARRETERA CENTRAL OXAPAMPA - POZUZO SECTOR QUILLAZÚ,PASCO,OXAPAMPA,OXAPAMPA,ESTACIONES DE SERVICIOS,C1:4000:Diesel B5 S-50 C2:3000:GASOHOL 90 PLUS C3:2000:GASOHOL 97 PLUS ,,,,,,,,,,9000.0,2/09/2020,INDEFINIDO,EMILIO OSCAR PEREZ CHANCO,0,-10.5237734,-75.437386
1078,202200275242,153134,153134-050-190423,20606609079,AGA PETROLEOS S.A.C,CALLE PRINCIPAL S/N URB. LOS CLAVELES CENTRO POBLADO DE CULLUCACHI,PUNO,SANDIA,PHARA,PUESTO DE VENTA DE COMBUSTIBLE - GRIFOS,C1:5323:GASOHOL PREMIUM ,C1:5323:GASOHOL REGULAR ,C1:8671:Diesel B5 S-50 ,C1:8671:Diesel B5 S-50 ,,,,,,,27988.0,19/04/2023,18/01/2024,HUAQUISTO CORNEJO GABY FULGENCIA,0,-14.0578923,-69.54998479999999
1079,202300105551,167819,167819-050-210523,20609609291,ESTACION & MULTISERVICIOS SECADA EMPRESA INDIVIDUAL DE RESPONSABILIDAD LIMITADA,AV. PARTICIPACIÓN CON PASAJE LOS GIRASOLES,LORETO,MAYNAS,SAN JUAN BAUTISTA,ESTACIONES DE SERVICIOS,C1:4794:DIESEL B5 ,C1:4120:GASOLINA 84 ,C1:3446:GASOLINA REGULAR ,,,,,,,,12360.0,21/05/2023,INDEFINIDO,EDY IRMA PEREZ ANGULO,0,-3.7861006,-73.2904669
1080,1589279,42967,0005-GRIF-15-2006,20503631556,GRIFO EL ECONOMICO MELCHORITA S.A.C.,JR. ANDRES AVELINO CACERES N° 995 MZ. 209 LT 11 VALLECITO ALTO,LIMA,LIMA,VILLA MARIA DEL TRIUNFO,PUESTO DE VENTA DE COMBUSTIBLE - GRIFOS,C1:500:GASOLINA 84 ,C1:500:SIN PRODUCTO ,C1:1500:DIESEL 2 ,C1:500:GASOLINA 90 ,,,,,,,3000.0,16/02/2006,INDEFINIDO,"BENDEZU TABOADA DE PEBE, MARTHA",0,-12.1424965,-76.9393005
1081,1596046,8986,0006-EESS-15-2002,20269290677,SERVICENTRO LOS PINOS S.A.,JR. LOS PINOS MZ. B LTS. 15 Y 19 ASOCIACION DE VIVIENDA POMATICLA,LIMA,HUAROCHIRI,SANTA EULALIA,ESTACIONES DE SERVICIOS,C1:1000:GASOLINA 84 ,C1:4500:SIN PRODUCTO ,C1:6000:DIESEL 2 ,C1:3000:GASOLINA 90 ,,,,,,,14500.0,22/03/2006,INDEFINIDO,"SANCHEZ ARRATEA, HAYDEE SOLEDAD",0,-11.9163711,-76.667433
1082,201800153873,31977,31977-050-170918,20603415362,PETROL COMP. LC E.I.R.L. ,"AV. UNION MZ. Y2 LOTES 21 Y 22 JICAMARCA, ESQUINA JR. LOS OLIVOS",LIMA,HUAROCHIRI,SAN ANTONIO,ESTACIONES DE SERVICIOS,C1:1500:Diesel B5 S-50 ,C1:4500:Diesel B5 S-50 C2:1500:GASOHOL 90 PLUS ,C1:1500:GASOHOL 95 PLUS ,,,,,,,,9000.0,17/09/2018,INDEFINIDO,FELIPE VICENTE LEDESMA CAPCHA,0,-11.9602399,-76.9332247
1083,202000081390,87335,87335-050-130720,10773000340,WILDER NELSON ROQUE ERQUINIGO ,AV. SILLUSTANI KM 8.50 - ANANSAYA,PUNO,PUNO,ATUNCOLLA,PUESTO DE VENTA DE COMBUSTIBLE - GRIFOS,C1:1500:Diesel B5 S-50 ,C1:2300:GASOHOL 90 PLUS ,,,,,,,,,3800.0,13/07/2020,INDEFINIDO,WILDER NELSON ROQUE ERQUINIGO ,720,-15.8422979,-70.0357834
1084,201400059979,64349,64349-050-120514,20450589641,MULTISERVICIOS NUEVA ESPERANZA EMPRESA INDIVIDUAL DE RESPONSABILIDAD LIMITADA,ASENTAMIENTO HUMANO PUEBLO UNIDO - CALLE 10 - HUEPETUHE,MADRE DE DIOS,MANU,HUEPETUHE,PUESTO DE VENTA DE COMBUSTIBLE - GRIFOS,C1:3000:GASOLINA 84 ,C1:7270:Diesel B5 S-50 ,C1:9249:Diesel B5 S-50 ,,,,,,,,19519.0,12/05/2014,INDEFINIDO,EVA QUISPE VDA. DE HIDALGO,0,-13.0258926,-70.6692655
1085,202200271966,125968,125968-050-311222,20607510301,EE.SS. DON ROQUE E.I.R.L.,"PREDIO RUSTICO HUANABAL S/N, COMUNIDAD CAMPESINA SANTA CATALINA ",LAMBAYEQUE,CHICLAYO,CHONGOYAPE,ESTACIONES DE SERVICIOS,C1:2200:Diesel B5 S-50 ,C1:1750:GASOHOL 95 PLUS C2:1750:GASOHOL 90 PLUS ,,,,,,,,,5700.0,31/12/2022,INDEFINIDO,ORLANDO ROQUE HUAMAN ,0,-6.6435715,-79.3846536
1086,202200026142,125349,125349-050-170222,10282602402,MAXIMILIANA HERRERAS CONDEMAITA,"AV. LOS VENCEDORES MZ H1 - LOTES 2,3,4,5,6,17,18,19 Y 20 - LUGAR OMAYA BAJA",CUSCO,LA CONVENCION,PICHARI,PUESTO DE VENTA DE COMBUSTIBLE - GRIFOS,C1:10000:Diesel B5 S-50 ,C1:10000:Diesel B5 S-50 ,C1:6000:GASOHOL 95 PLUS ,C1:6000:GASOHOL 90 PLUS ,,,,,,,32000.0,17/02/2022,INDEFINIDO,MAXIMILIANA HERRERAS CONDEMAITA,0,-12.5584191,-73.8062487
1087,202200251173,123722,123722-050-150123,20393973235,ESTACION DE SERVICIOS LAS PALMERAS S.A.C.,JR. LAS PALMERAS MZ. 129 LT. 05 ESQUINA CRUCE JR. LOBO CAÑO,UCAYALI,CORONEL PORTILLO,YARINACOCHA,PUESTO DE VENTA DE COMBUSTIBLE - GRIFOS,C1:3000:DIESEL B5 C2:3000:DIESEL B5 ,C1:1500:GASOLINA 90 C2:4500:GASOLINA 90 ,,,,,,,,,12000.0,15/01/2023,INDEFINIDO,FILOMENO VICTOR HUAMAN ROMERO,720,-8.3657755,-74.5767889
1088,202100109510,16701,16701-050-260521,20542384442,SERVICENTRO V & M YBAÑEZ S.A.C.,AV. SALAVERRY N° 428,SAN MARTIN,SAN MARTIN,MORALES,PUESTO DE VENTA DE COMBUSTIBLE - GRIFOS,C1:3400:GASOLINA 84 C2:2000:GASOLINA 95 ,C1:2700:Diesel B5 S-50 ,C1:5300:GASOLINA 90 ,,,,,,,,13400.0,26/05/2021,INDEFINIDO,MIRIAN RENGIFO LUNA,0,-6.4803318,-76.3812212
1089,201800077308,42183,42183-050-100518,20510800258,GRIFO KAREN & CAROL SOCIEDAD COMERCIAL DE RESPONSABILIDAD LIMITADA,AV. PANAMERICANA N° 352,LIMA,CAÑETE,MALA,ESTACIONES DE SERVICIOS,C1:2000:GASOHOL 90 PLUS C2:2000:GASOHOL 90 PLUS ,C1:1000:GASOHOL 95 PLUS C2:1000:SIN PRODUCTO ,C1:6000:Diesel B5 S-50 ,,,,,,,,12000.0,10/05/2018,INDEFINIDO,ROSA AMELIA HUAPAYA GUTIERREZ ,0,-12.7562441,-76.6043096
1090,202300090801,8125,8125-050-120523,20607856720,TRANSPORTES E INVERSIONES IRSA S.A.C.,CALLE LEONCIO PRADO N° 125,LIMA,HUAURA,HUACHO,ESTACIONES DE SERVICIOS,C1:2500:GASOHOL PREMIUM ,C1:3500:GASOHOL REGULAR ,C1:3000:Diesel B5 S-50 ,C1:2200:SIN PRODUCTO ,,,,,,,11200.0,12/05/2023,INDEFINIDO,JUNIOR ENRIQUE IRRIBARREN SANCHEZ,0,-11.1227218,-77.61056789999999
1091,202300038243,159603,159603-050-010323,20608150154,ESTACION DE SERVICIOS DOMINGUEZ E.I.R.L.,PARCELA N° 30250 SECTOR LOS PEREGRINOS ,HUANUCO,LEONCIO PRADO,DANIEL ALOMIA ROBLES,ESTACIONES DE SERVICIOS,C1:5000:Diesel B5 S-50 C2:4000:GASOHOL 90 PLUS C3:1000:GASOHOL 95 PLUS ,,,,,,,,,,10000.0,1/03/2023,1/03/2024,ALEJANDRINA MAIZ ALVAREZ,0,-9.3660055,-75.78365889999999
1092,202200241068,142736,142736-050-241122,20603383291,GRIFOS EL MENSAJERO S.R.L.,CARRETERA MARGINAL DE LA SELVA - CASERÍO EL REPOSO,AMAZONAS,UTCUBAMBA,EL MILAGRO,ESTACIONES DE SERVICIOS,C1:6077:Diesel B5 S-50 ,C1:6077:Diesel B5 S-50 ,C1:2129:GASOLINA 90 C2:1947:GASOLINA 90 ,,,,,,,,16230.0,24/11/2022,INDEFINIDO,MARIELA TERESA IDROGO CARUAJULCA,0,-5.7164263,-78.616508
1093,202200018465,61878,61878-050-160422,20527208000,PETROCENTRO URUBAMBA SOCIEDAD ANONIMA CERRADA-PETROCENTRO URUBAMBA S.A.C,URB. LA CAMPIÑA LOTE 7. MZ. A,CUSCO,URUBAMBA,URUBAMBA,PUESTO DE VENTA DE COMBUSTIBLE - GRIFOS,C1:1000:GASOHOL 95 PLUS C2:1500:GASOHOL 90 PLUS C3:2500:Diesel B5 S-50 ,C1:1744:GASOHOL 97 PLUS C2:3938:GASOHOL 90 PLUS C3:1777:GASOHOL 95 PLUS C4:3960:Diesel B5 S-50 ,,,,,,,,,16419.0,16/04/2022,INDEFINIDO,TORIBIA MAROCHO BACA,0,-13.5274587,-71.9405045
1094,201800153884,90238,90238-050-130918,20600895878,ESTACION DE SERVICIOS DYLAN OIL E.I.R.L,"AV. AMAZONAS MARGEN IZQUIERDA DE LA CARRETERA FERNANDO BELAUNDE TERRY, ALTURA KM. 430 + 725, BARRIO SINAI, CENTRO POBLADO NARANJILLO ",SAN MARTIN,RIOJA,NUEVA CAJAMARCA,PUESTO DE VENTA DE COMBUSTIBLE - GRIFOS,C1:4000:GASOLINA 84 ,C1:3000:GASOLINA 90 ,C1:2000:Diesel B5 S-50 ,,,,,,,,9000.0,13/09/2018,INDEFINIDO,DILMER ROJAS AVELLANEDA,720,-5.8069664,-77.3970133
1095,202000188684,153376,153376-050-141220,10413720333,MATUTE PEREZ CECILIO,CENTRO POBLADO NATIVIDAD LOTE 5 MZ T ,APURIMAC,ANDAHUAYLAS,HUANCARAY,ESTACIONES DE SERVICIOS,C1:3900:Diesel B5 S-50 ,C1:1300:GASOHOL 90 PLUS C2:1300:GASOHOL 90 PLUS ,,,,,,,,,6500.0,14/12/2020,INDEFINIDO,MATUTE PEREZ CECILIO,0,-13.7577876,-73.5270333
1096,201700202599,34443,34443-050-121217,20601923565,ESTACION DE SERVICIOS CUMBRE ALEGRE E.I.R.L.,CARRETERA FEDERICO BASADRE KM. 214 CASERIO MIGUEL GRAU,UCAYALI,PADRE ABAD,PADRE ABAD,ESTACIONES DE SERVICIOS,C1:6000:GASOLINA 90 ,C1:9000:DIESEL B5 ,,,,,,,,,15000.0,12/12/2017,INDEFINIDO,WILLIAM LUIS ENCARNACION GERONIMO,0,-9.0192913,-75.4897739
1097,201800089699,136517,136517-050-310518,20573867387,MEGA INVERSIONES SAN JUAN E.I.R.L.,AV. LOS LIBERTADORES KM 192 DEL CENTRO POBLADO DE RUMICHACA,HUANCAVELICA,HUAYTARA,PILPICHACA,ESTACIONES DE SERVICIOS,C1:6000:Diesel B5 S-50 C2:1500:GASOHOL 90 PLUS C3:1500:GASOHOL 95 PLUS ,,,,,,,,,,9000.0,31/05/2018,INDEFINIDO,HAIDEE ARANGO LUMBRERAS,0,-13.372957,-74.9418225
1098,202000111875,88228,88228-050-100920,20171496366,EMPRESA DE TRANSPORTES EDILBERTO RAMOS S.A.C.,"AV. PASTOR SEVILLA MZ..B-1 LT. 01 PP.JJ. EDILBERTO RAMOS, GRUPO RESIDENCIAL 3",LIMA,LIMA,VILLA EL SALVADOR,PUESTO DE VENTA DE COMBUSTIBLE - GRIFOS,C1:4000:Diesel B5 S-50 C2:1010:Diesel B5 S-50 C3:2000:GASOHOL 95 PLUS C4:1010:GASOHOL 90 PLUS ,,,,,,,,,,8020.0,10/09/2020,INDEFINIDO,CELESTINO SANCHEZ CAMPOS,0,-12.2403507,-76.927648
1099,201900168793,146712,146712-050-181019,20559987523,INVERSIONES EL ENCONADO S.A.C.,"SECTOR NARANJITO S/N - ANEXO SAN FERNANDO - PATAZ (ENTRADA A LA CIUDAD DE PATAZ, CARRETERA HUAMACHUCO – PATAZ)",LA LIBERTAD,PATAZ,PATAZ,PUESTO DE VENTA DE COMBUSTIBLE - GRIFOS,C1:4000:GASOHOL 95 PLUS ,C1:4000:GASOHOL 90 PLUS ,C1:10000:Diesel B5 S-50 ,,,,,,,,18000.0,18/10/2019,INDEFINIDO,LIZBETH YANY MEZA GIRON,0,-7.7877469,-77.5948946
1100,201900044527,138741,138741-050-210319,10700272261,YESSI DANITZA MAMANI URVIOLA ,AV. PROGRESO ESQUINA CON EL JR. 31 DE AGOSTO S/N C.P. SAN ISIDRO,PUNO,SAN ANTONIO DE PUTINA,PUTINA,PUESTO DE VENTA DE COMBUSTIBLE - GRIFOS,C1:4000:Diesel B5 S-50 ,C1:1500:GASOHOL 84 PLUS C2:1500:GASOHOL 90 PLUS ,,,,,,,,,7000.0,20/03/2019,INDEFINIDO,YESSI DANITZA MAMANI URVIOLA ,480,-14.8995895,-69.86346329999999
1101,202100258881,8418,8418-050-071221,20315135886,SERVICENTRO ULLOA S.R.LTDA.,"AV. RICARDO PALMA N° 1275 ESQUINA CON AV. HONORIO DELGADO, URB. EL BOSQUE",LA LIBERTAD,TRUJILLO,TRUJILLO,PUESTO DE VENTA DE COMBUSTIBLE - GRIFOS,C1:6177:Diesel B5 S-50 ,C1:3041:GASOHOL 95 PLUS ,C1:3041:GASOHOL 90 PLUS ,C1:8000:Diesel B5 S-50 C2:2000:GASOHOL 97 PLUS ,,,,,,,22259.0,7/12/2021,INDEFINIDO,LUIS ALBERTO ULLOA GARCIA,0,-8.1073461,-79.00353
1102,202100262840,147328,147328-050-071221,20600573935,ESTACION DE SERVICIOS HERRERA VIRGEN DEL CARMEN S.R.L.,CARRETERA BAMBAMARCA – LA PACCHA KM 3.5 CASERIO CAPULI BAJO,CAJAMARCA,HUALGAYOC,BAMBAMARCA,ESTACIONES DE SERVICIOS,C1:6000:Diesel B5 S-50 ,C1:2000:GASOHOL 84 PLUS C2:2000:GASOHOL 90 PLUS C3:2000:GASOHOL 95 PLUS ,,,,,,,,,12000.0,7/12/2021,INDEFINIDO,VICTOR ELADIO HERRERA SILVA,720,-6.6843112,-78.5209245
1103,202300011706,18390,18390-050-190123,10013001257,DIONICIO PONCE CHECALLA,CARRETERA PUNO-MOQUEGUA KM. 37.5 - LARAQUERI,PUNO,PUNO,PICHACANI,PUESTO DE VENTA DE COMBUSTIBLE - GRIFOS,C1:3000:Diesel B5 S-50 ,C1:3000:GASOHOL 90 PLUS ,C1:1000:GASOHOL 95 PLUS ,,,,,,,,7000.0,19/01/2023,INDEFINIDO,DIONICIO PONCE CHECALLA,720,-16.1496221,-70.0630918
1104,201900091283,139150,139150-050-120619,20600715993,REPRESENTACIONES DOMI S.A.C,JR. DAMASO DAVILA ESQUINA CALLE LOS GIRASOLES MZ. D LOTE 04 AAHH 5 DE SETIEMBRE,UCAYALI,CORONEL PORTILLO,MANANTAY,ESTACIONES DE SERVICIOS,C1:2200:DIESEL B5 ,C1:2250:GASOLINA 90 ,C1:2200:GASOLINA 90 ,,,,,,,,6650.0,12/06/2019,INDEFINIDO,LUCY JANET QUISPE HUAMAN,200,-8.416951,-74.55104419999999
1105,201600124987,95448,95448-050-120916,10068142437,LUIS ERNESTO ALEJANDRO ARAUJO,"PARCELA 15195 RINCONADA ALTA, CARRETERA SANTA – HUALLANCA (AV. VICTOR RAUL HAYA DE LA TORRE S/N - KM. 12.5)",ANCASH,SANTA,SANTA,PUESTO DE VENTA DE COMBUSTIBLE - GRIFOS,"C1:2000:DIESEL B5,Diesel B5 S-50 C2:1000:GASOHOL 95 PLUS ",C1:500:GASOHOL 90 PLUS ,,,,,,,,,3500.0,12/09/2016,INDEFINIDO,LUIS ERNESTO ALEJANDRO ARAUJO,720,-8.9121995,-78.2020387
1106,202100172906,157895,157895-050-140821,20603960590,EMPRESA DE TRANSPORTES VALEFABRI E.I.R.L.,AV. AVIACION ESQUINA CON CALLE 8 DE DICIEMBRE MZ. C LOTE NRO 16 A.H. VIRGEN DE LA PURISIMA,UCAYALI,CORONEL PORTILLO,MANANTAY,ESTACIONES DE SERVICIOS,C1:3000:GASOLINA 95 ,C1:6300:GASOLINA 90 ,C1:6300:DIESEL B5 ,,,,,,,,15600.0,14/08/2021,INDEFINIDO,JOSE LUIS ACOSTA CHACON,0,-8.4134005,-74.5596859
1107,202000153609,62957,62957-050-291020,10200357600,HECTOR JUSTO RAMON MAYTA,CARRETERA FEDERICO BASADRE KM. 169.300 CASERIO MIRAFLORES-AGUAYTIA,UCAYALI,PADRE ABAD,PADRE ABAD,ESTACIONES DE SERVICIOS,C1:9275:DIESEL B5 ,C1:9275:DIESEL B5 ,C1:9275:DIESEL B5 ,C1:6586:GASOLINA 90 ,,,,,,,34411.0,29/10/2020,INDEFINIDO,HECTOR JUSTO RAMON MAYTA,720,-9.0375559,-75.5066247
1108,202200129740,116434,116434-050-110722,20600109091,SERVICENTRO MI LIA E.I.R.L.,"CARRETERA ECHARATE-QUILLABAMBA, PREDIO SANTA ASUNTA, SECTOR CALCAPAMPA S/N",CUSCO,LA CONVENCION,ECHARATE,ESTACIONES DE SERVICIOS,C1:4000:Diesel B5 S-50 ,C1:2450:GASOHOL 90 PLUS ,C1:1400:GASOHOL 84 PLUS ,,,,,,,,7850.0,11/07/2022,11/07/2023,WALTER VARGAS CALDERÓN,0,-12.7749991,-72.587989
1109,201800206149,128773,128773-050-131218,20600421507,FLOWISEG E.I.R.L.,"PREDIO URBANO JANAJ PACCARA PAMPA SECTOR ISLA, CENTRO POBLADO JASANA GRANDE KM 21.38 CARRETERA JULIACA - HUANCANE",PUNO,AZANGARO,SAMAN,PUESTO DE VENTA DE COMBUSTIBLE - GRIFOS,C1:3290:GASOHOL 90 PLUS ,C1:2305.15:GASOHOL 95 PLUS ,C1:1317.23:GASOHOL 84 PLUS ,C1:1317.23:GASOHOL 97 PLUS ,C1:9200:Diesel B5 S-50 ,,,,,,17429.0,13/12/2018,INDEFINIDO,WILLIAM TEISON QUITO FLORES,0,-15.3364244,-70.042588
1110,202300095672,9374,9374-050-200523,20564048217,GRIFO GASOIL S.A.C.,AV. GARCILASO Nº 707,CUSCO,CUSCO,WANCHAQ,PUESTO DE VENTA DE COMBUSTIBLE - GRIFOS,C1:5000:GASOHOL PREMIUM ,C1:1500:GASOHOL REGULAR ,C1:3000:Diesel B5 S-50 ,C1:1300:SIN PRODUCTO ,,,,,,,10800.0,20/05/2023,INDEFINIDO,JACQUELINE HUAMAN SALAS,0,-13.5225625,-71.9735218
1111,201800145380,138361,138361-050-040918,20600421507,FLOWISEG E.I.R.L.,COMUNIDAD CAMPESINA CANCHI CHICO KM. 3 CARRETERA JULIACA - CAPACHICA,PUNO,SAN ROMAN,CARACOTO,PUESTO DE VENTA DE COMBUSTIBLE - GRIFOS,C1:4050:Diesel B5 S-50 ,C1:4050:Diesel B5 S-50 ,C1:4050:Diesel B5 S-50 ,C1:3250:GASOHOL 84 PLUS ,C1:3250:GASOHOL 90 PLUS ,C1:3250:GASOHOL 95 PLUS ,,,,,21900.0,4/09/2018,INDEFINIDO,WILLIAM TEISON QUITO FLORES ,0,-15.5002489,-70.0899127
1112,202000194440,14488,14488-050-231220,20486344190,ESTACION DE SERVICIOS SAN JUAN E.I.R.L.,AV. ANDRES AVELINO CÁCERES Nº 951,HUANCAVELICA,HUANCAVELICA,HUANCAVELICA,ESTACIONES DE SERVICIOS,C1:6600:Diesel B5 S-50 ,C1:6600:GASOHOL 95 PLUS ,C1:4000:GASOHOL 90 PLUS C2:2600:SIN PRODUCTO ,,,,,,,,19800.0,23/12/2020,INDEFINIDO,MABEL RAQUEL MARTINEZ BENITES,0,-12.7833236,-74.9811168
1113,202000016238,43436,43436-050-300120,20504526543,SERVICENTRO LOS SAUCES S.A.C.,"PARQUE INDUSTRIAL MZ H LOTES 1 Y 2, AV. VIA EXPRESA",CUSCO,CUSCO,WANCHAQ,ESTACIONES DE SERVICIOS,C1:9031:Diesel B5 S-50 ,C1:9031:Diesel B5 S-50 ,C1:7900:GASOHOL 90 PLUS ,C1:3950:GASOHOL 95 PLUS C2:3950:Diesel B5 S-50 ,,,,,,,33862.0,30/01/2020,INDEFINIDO,ELIO MARIO AVILA MUÑOZ ,0,-13.5326681,-71.9591088
1114,202000016232,40458,40458-050-300120,20601042453,CORPORACION SURCO S.A.C.,ESQUINA AV. ANDRES AVELINO CACERES Y JR. LOS ALPES,MADRE DE DIOS,TAMBOPATA,TAMBOPATA,PUESTO DE VENTA DE COMBUSTIBLE - GRIFOS,C1:10000:Diesel B5 S-50 ,C1:10000:GASOLINA 84 ,C1:10000:GASOLINA 84 ,C1:10000:DIESEL B5 ,C1:5000:GASOLINA 90 ,,,,,,45000.0,30/01/2020,INDEFINIDO,ROSA VIRGINIA SURCO CORIMANYA,0,-12.5822628,-69.2082136
1115,201900207705,148317,148317-050-191219,20602285902,ESTACION DE SERVICIO ANITA S.A.C.,JR. PADRE PASCUAL ALEGRE MZ. 161 LOTE 06,UCAYALI,ATALAYA,RAYMONDI,ESTACIONES DE SERVICIOS,C1:6000:DIESEL B5 ,C1:6000:GASOLINA 90 ,C1:6000:GASOLINA 90 ,C1:6000:GASOLINA 90 ,,,,,,,24000.0,19/12/2019,INDEFINIDO,ANA TERESA MEZA GRANADOS,0,-10.7214216,-73.7623629
1116,201800156591,18879,18879-050-200918,20565643496,GLOBAL FUEL S.A.,AV.CAMINO REAL N° 1298,LIMA,LIMA,SAN ISIDRO,ESTACIONES DE SERVICIOS,C1:10000:GASOHOL 97 PLUS ,C1:10000:GASOHOL 90 PLUS ,C1:5000:Diesel B5 S-50 ,C1:5000:GASOHOL 95 PLUS C2:5000:Diesel B5 S-50 ,,,,,,,35000.0,20/09/2018,INDEFINIDO,ALBERTO ABEL REJAS CLEMENTE,0,-12.1068804,-77.03974
1117,202100261772,18782,18782-050-070122,20600988078,GRIFO J Y E PAMEN S.A.C.,MZ. “A” LOTE 2 AA.HH. TUPAC AMARU - CPME CRUCETA,PIURA,PIURA,TAMBO GRANDE,PUESTO DE VENTA DE COMBUSTIBLE - GRIFOS,C1:3300:Diesel B5 S-50 ,C1:3300:Diesel B5 S-50 ,C1:3300:GASOHOL 95 PLUS ,C1:3300:GASOHOL 84 PLUS ,C1:3300:GASOHOL 90 PLUS ,C1:3300:GASOHOL 90 PLUS ,,,,,19800.0,7/01/2022,INDEFINIDO,EDINSON ELMER PALACIOS MENDOZA,720,-4.928459,-80.3440833
1118,201800156598,18820,18820-050-200918,20565643496,GLOBAL FUEL S.A. ,AV. COMANDANTE ESPINAR Nº 585 ESQUINA CON LA AV. ANGAMOS,LIMA,LIMA,MIRAFLORES,ESTACIONES DE SERVICIOS,C1:10000:Diesel B5 S-50 ,C1:6000:Diesel B5 S-50 ,C1:10000:GASOHOL 90 PLUS ,C1:5000:GASOHOL 97 PLUS ,C1:5000:GASOHOL 95 PLUS ,,,,,,36000.0,20/09/2018,INDEFINIDO,ALBERTO ABEL REJAS CLEMENTE,0,-12.114419,-77.0374049
1119,201900144607,14428,14428-050-110919,20370508659,GRIFO J.H.P. E.I.R.L.,AV. AVIACION KM. 9 - VIA A YURA,AREQUIPA,AREQUIPA,CERRO COLORADO,ESTACIONES DE SERVICIOS,C1:8000:Diesel B5 S-50 ,C1:2670:GASOHOL 90 PLUS ,C1:2670:GASOHOL 90 PLUS ,C1:2660:GASOHOL 84 PLUS ,C1:8327:Diesel B5 S-50 ,C1:3950:GASOHOL 95 PLUS ,,,,,28277.0,11/09/2019,INDEFINIDO,JACQUELINE HUAMAN SALAS,0,-16.3425793,-71.5811616
1120,202200257372,166257,166257-050-020223,10467009708,HANCCO CUTI EDGAR WILLIAN,AV. COLON S/N CARRETERA ESPINAR - AREQUIPA,CUSCO,ESPINAR,ESPINAR,PUESTO DE VENTA DE COMBUSTIBLE - GRIFOS,C1:4000:Diesel B5 S-50 ,C1:3000:GASOHOL 90 PLUS ,,,,,,,,,7000.0,2/02/2023,INDEFINIDO,HANCCO CUTI EDGAR WILLIAN,0,-14.7886277,-71.4169768
1121,202100102654,83370,83370-050-140721,20450221881,GRIFO KENYI E.I.R.L.,CARRETERA FERNANDO BELAÚNDE TERRY S/N ESQUINA CON JR. COMERCIO - POBLADO NUEVO HORIZONTE,SAN MARTIN,TOCACHE,POLVORA,ESTACIONES DE SERVICIOS,C1:2412:GASOLINA 90 ,C1:2749:GASOLINA 84 ,C1:2749:GASOLINA 90 ,C1:7134:Diesel B5 S-50 ,,,,,,,15044.0,14/07/2021,INDEFINIDO,VÍCTOR ELÍ URETA NOLASCO,720,-7.9439268,-76.673467
1122,201800156595,16596,16596-050-250918,20565643496,GLOBAL FUEL S.A.,ESQ. AV. MARISCAL CASTILLA N° 832-844-848 CON CALLE AURELIO DE LA FUENTE N° 125,AREQUIPA,ISLAY,MOLLENDO,ESTACIONES DE SERVICIOS,C1:1250:GASOHOL 84 PLUS C2:1250:GASOHOL 95 PLUS C3:3750:GASOHOL 90 PLUS ,C1:5000:Diesel B5 S-50 C2:1250:SIN PRODUCTO ,,,,,,,,,12500.0,25/09/2018,INDEFINIDO,ALBERTO ABEL REJAS CLEMENTE,0,-17.0179296,-72.01558779999999
1123,202100073945,38288,38288-050-160421,20486184648,GRUPO FENIX E.I.R.L.,AV. MARISCAL CACERES Nº 444,JUNIN,CHUPACA,AHUAC,PUESTO DE VENTA DE COMBUSTIBLE - GRIFOS,C1:3000:GASOHOL 90 PLUS ,C1:4500:Diesel B5 S-50 ,C1:1300:GASOHOL 97 PLUS ,,,,,,,,8800.0,16/04/2021,INDEFINIDO,RONALD EMILIANO CORDOVA SALVATIERRA ,240,-12.0829463,-75.31770159999999
1124,201600124993,8665,8665-050-050916,20445587690,COMERCIAL CARMENCITA S.R.L.,CARRETERA CHIMBOTE CHUQUICARA KM 79,ANCASH,SANTA,MACATE,PUESTO DE VENTA DE COMBUSTIBLE - GRIFOS,"C1:8000:DIESEL B5,Diesel B5 S-50 ",C1:2000:GASOHOL 90 PLUS ,C1:4000:SIN PRODUCTO ,,,,,,,,14000.0,5/09/2016,INDEFINIDO,CARMEN RUTH VARA RAMIREZ,720,-8.655198799999999,-78.2358665
1125,201900154844,133853,133853-050-300919,20605132791,TRANSPORTES E INVERSIONES GRUPO TRUJILLO S.R.L.,JR. PROLONGACIÓN LEONCIO PRADO S/N BARRIO EL CARMEN,ANCASH,HUARI,HUARI,PUESTO DE VENTA DE COMBUSTIBLE - GRIFOS,C1:4000:Diesel B5 S-50 ,C1:1000:GASOHOL 95 PLUS C2:1000:GASOHOL 90 PLUS ,,,,,,,,,6000.0,30/09/2019,INDEFINIDO,ELIO ESTEBAN TRUJILLO ALCANTARA,0,-9.3425235,-77.1683043
1126,202000152565,119360,119360-050-271020,20571394635,GRIFO ANCASH E.I.R.L.,"JR. 10 DE ENERO S/N BARRIO ANCASH, CENTRO POBLADO TUMPA ",ANCASH,YUNGAY,YUNGAY,ESTACIONES DE SERVICIOS,C1:3000:Diesel B5 S-50 ,C1:1000:GASOHOL 95 PLUS C2:1000:GASOHOL 90 PLUS ,,,,,,,,,5000.0,27/10/2020,INDEFINIDO,OLIVA ZENAIDA SHISHCO NIÑO,0,-9.172367399999999,-77.66363439999999
1127,202100189360,58071,58071-050-141021,20489551854,CONSORCIO CORASMA S.R.L.,AV EL MINERO S/N URB. 27 DE NOVIEMBRE SECTOR 2,PASCO,PASCO,YANACANCHA,ESTACIONES DE SERVICIOS,C1:4000:Diesel B5 S-50 ,C1:4000:Diesel B5 S-50 ,C1:1500:GASOHOL 95 PLUS ,C1:1500:Diesel B5 S-50 ,,,,,,,11000.0,14/10/2021,INDEFINIDO,JULIO TEOBALDO CORASMA HUAMALI,720,-10.667971,-76.2570143
1128,201600022811,118280,118280-050-260216,20537883601,INVERSIONES ELCHER S.A.C.,AV SANTA ROSA MZ D LTE 1 ASOC. DE PROP. LOS PARRALES DE PUENTE PIEDRA,LIMA,LIMA,PUENTE PIEDRA,ESTACIONES DE SERVICIOS,C1:3000:Diesel B5 S-50 ,C1:1000:GASOHOL 84 PLUS C2:3000:GASOHOL 90 PLUS ,,,,,,,,,7000.0,26/02/2016,INDEFINIDO,CINDY JENIFER HERRERA VÁSQUEZ,0,-11.8749151,-77.0815603
1129,201900179024,8888,8888-050-301019,20274444666,GRIFO HUAMACHUCO S.R.L.,JR. GUILLERMO ESPINOZA LUNA N° 121,LA LIBERTAD,SANCHEZ CARRION,HUAMACHUCO,PUESTO DE VENTA DE COMBUSTIBLE - GRIFOS,C1:8000:Diesel B5 S-50 ,C1:8000:GASOHOL 90 PLUS ,C1:8000:GASOHOL 95 PLUS ,,,,,,,,24000.0,30/10/2019,INDEFINIDO,CLEVER CARDENAS ESPEJO,240,-7.8114764,-78.0493984
1130,201900110965,19879,19879-050-110719,20401030230,SERVICENTRO AMERICANO S.R.L.,AV. DE LA CULTURA Nº 210,CUSCO,CUSCO,WANCHAQ,ESTACIONES DE SERVICIOS,C1:5000:Diesel B5 S-50 ,C1:5000:GASOHOL 90 PLUS ,C1:5000:GASOHOL 95 PLUS ,C1:5000:GASOHOL 90 PLUS ,C1:1500:GASOHOL 84 PLUS ,,,,,,21500.0,11/07/2019,INDEFINIDO,SERRANO GOMEZ JUAN AMERICO,0,-13.5201972,-71.9709051
1131,202200077479,157764,157764-050-201222,20600834925,NEGOCIOS CORPORATIVOS MB S.A.C.,SUB LOTE A1 ASOCIACIÓN DE PROPIETARIOS INDUSTRIALES PECUARIOS DE ANCON,LIMA,LIMA,ANCON,ESTACIONES DE SERVICIOS,C1:6000:Diesel B5 S-50 ,C1:2000:GASOHOL 90 PLUS C2:2000:GASOHOL 95 PLUS C3:2000:SIN PRODUCTO ,,,,,,,,,12000.0,20/12/2022,INDEFINIDO,ISABEL CRISTINA BERTO HUAMAN,0,-11.9957753,-77.12205349999999
1132,202200228963,160286,160286-050-060322,20603619031,HERKA SOLUCIONES E.I.R.L.,"CALLE OCOÑA Y URINSAYA, AA. HH. CARLOS PORTOCARRERO DONGO",AREQUIPA,CAMANA,MARIANO NICOLAS VALCARCEL,PUESTO DE VENTA DE COMBUSTIBLE - GRIFOS,C1:6800:Diesel B5 S-50 C2:1200:GASOHOL 90 PLUS ,,,,,,,,,,8000.0,11/01/2023,INDEFINIDO,DELIA RAYMUNDA HUACHANI CONDORI,0,-16.087437,-73.13496049999999
1133,202200131660,128039,128039-050-110722,10287144160,WALTER LOPEZ ROMANI,"AV. RIO ENE, ESQUINA CON AV. 12 DE AGOSTO, CENTRO POBLADO SELVA DE ORO",JUNIN,SATIPO,RIO TAMBO,PUESTO DE VENTA DE COMBUSTIBLE - GRIFOS,C1:4000:Diesel B5 S-50 ,C1:4000:GASOHOL 90 PLUS ,,,,,,,,,8000.0,11/07/2022,11/07/2023,WALTER LOPEZ ROMANI,0,-12.0188709,-74.0468099
1134,202200228962,165760,165760-050-190223,20529447753,GESTION DE PROCESOS DE NEGOCIO S.R.L.-GPN INGENIEROS S.R.L.,"SECTOR RINCONADA DE OTUZCO - CENTRO POBLADO MENOR DE OTUZCO, SECTOR LA CONGONA",CAJAMARCA,CAJAMARCA,LOS BAÑOS DEL INCA,PUESTO DE VENTA DE COMBUSTIBLE - GRIFOS,C1:1000:GASOHOL 84 PLUS ,C1:2000:Diesel B5 S-50 ,C1:1000:GASOHOL 90 PLUS ,,,,,,,,4000.0,19/02/2023,INDEFINIDO,ABRAHAN MAHERSALA ABANTO SANCHEZ,0,-7.1238272,-78.4567223
1135,202300046165,115607,115607-050-270323,10198967748,RODRIGO ALBERTO GAMARRA BENITES,"CARRETERA PICHARI - MANTARO - VALLE LA LIBERTAD MZ C LOTES 8,9,10,11",CUSCO,LA CONVENCION,PICHARI,ESTACIONES DE SERVICIOS,C1:4000:Diesel B5 S-50 ,C1:4000:GASOHOL REGULAR ,C1:2000:GASOHOL PREMIUM C2:2000:GASOHOL REGULAR ,,,,,,,,12000.0,27/03/2023,27/03/2024,RODRIGO ALBERTO GAMARRA BENITES,720,-12.3338411,-73.9328592
1136,201300114765,103900,103900-050-301013,20542800683,SERVICENTRO MAYARA E.I.R.L,CARRETERA PONAL-SAN JUAN GRANDE KM 19+900 – MARGEN DERECHA,MADRE DE DIOS,MANU,MADRE DE DIOS,PUESTO DE VENTA DE COMBUSTIBLE - GRIFOS,C1:9000:Diesel B5 S-50 ,C1:9000:Diesel B5 S-50 ,C1:9000:Diesel B5 S-50 ,C1:5000:GASOLINA 84 ,,,,,,,32000.0,11/07/2013,INDEFINIDO,ERASMO CONDORI QUISPE,0,-12.6268901,-70.6216794
1137,202000054638,121166,121166-050-060520,10422167965,RODOLFO MIGUEL ANGEL PALACIOS NIMA,CALLE MALINGAS X-05 INTERIOR SE-01 CASERIO MALINGAS,PIURA,PIURA,TAMBO GRANDE,PUESTO DE VENTA DE COMBUSTIBLE - GRIFOS,C1:2000:Diesel B5 S-50 ,C1:2500:GASOHOL 84 PLUS ,C1:1500:GASOHOL 90 PLUS ,,,,,,,,6000.0,6/05/2020,INDEFINIDO,RODOLFO MIGUEL ANGEL PALACIOS NIMA,500,-4.9525377,-80.2502535
1138,202200016911,19983,19983-050-250222,20503840121,REPSOL COMERCIAL S.A.C.,AV. TUPAC AMARU N° 1453,LIMA,LIMA,SAN MARTIN DE PORRES,ESTACIONES DE SERVICIOS,C1:8000:GASOHOL 95 PLUS ,C1:8000:Diesel B5 S-50 ,C1:4000:Diesel B5 S-50 C2:4000:GASOHOL 98 PLUS ,C1:8000:GASOHOL 90 PLUS ,,,,,,,32000.0,25/02/2022,INDEFINIDO,JOSE WALTER NOE CHINININ,0,-12.0107388,-77.0535453
1139,201800037276,35859,35859-050-070318,20479587176,PAS S.R.L.,ELVIRA GARCÍA Y GARCÍA Nº 359 PP.JJ. JOSE OLAYA,LAMBAYEQUE,CHICLAYO,CHICLAYO,PUESTO DE VENTA DE COMBUSTIBLE - GRIFOS,C1:5000:Diesel B5 S-50 ,C1:5000:GASOHOL 90 PLUS ,C1:2000:GASOHOL 84 PLUS ,,,,,,,,12000.0,7/03/2018,INDEFINIDO,HENRY BELLIDO CABRERA,0,-6.7736399,-79.8566285
1140,202100280079,116056,116056-050-110822,20560151757,INVERSIONES Y SERVICIOS WACRACHUCO S.A.C.,AV. PROLONGACION 28 DE JULIO S/N,HUANUCO,MARAÑON,HUACRACHUCO,ESTACIONES DE SERVICIOS,C1:5200:Diesel B5 S-50 ,C1:1300:GASOHOL 90 PLUS ,C1:1300:GASOHOL 90 PLUS ,,,,,,,,7800.0,11/08/2022,INDEFINIDO,LEONARDO HARO OLIVAS,720,-8.607259,-77.1457511
1141,201600154633,14788,14788-050-021116,20542591740,GRIFO Y SERVICIOS MULTIPLES ALEXSANDRA S.R.L ,AV. PROGRESO S/N. A UNA CUADRA DEL PALACIO MUNICIPAL,PASCO,PASCO,SIMON BOLIVAR,PUESTO DE VENTA DE COMBUSTIBLE - GRIFOS,C1:2200:GASOHOL 90 PLUS ,C1:3000:DIESEL B5 ,C1:500:GASOHOL 90 PLUS ,,,,,,,,5700.0,2/11/2016,INDEFINIDO,MIGUEL BALDEON HERMITAÑO,0,-16.2227541,-72.4706175
1142,202300072760,105913,105913-050-120423,20610076417,GRUPO PURITA CALIDAD E.I.R.L.,CARRETERA FEDERICO BASADRE KM 178 CENTRO POBLADO EL BOQUERON,UCAYALI,PADRE ABAD,PADRE ABAD,ESTACIONES DE SERVICIOS,C1:9220:DIESEL B5 ,C1:9220:DIESEL B5 ,C1:9220:GASOLINA 90 ,C1:4610:DIESEL B5 C2:4610:GASOLINA 95 ,,,,,,,36880.0,12/04/2023,INDEFINIDO,MELITA MAYER TORRES,0,-9.0192913,-75.4897739
1143,201600090377,15233,15233-050-210616,10085544557,SUCESION INDIVISA CUBAS CUBAS HECTOR FELIX,"MZ. 2-A , LOTES 1 Y 1A, URBANIZACION PERU PRIMERA ZONA",LIMA,LIMA,SAN MARTIN DE PORRES,PUESTO DE VENTA DE COMBUSTIBLE - GRIFOS,C1:2500:GASOHOL 95 PLUS C2:2500:GASOHOL 90 PLUS ,C1:4000:Diesel B5 S-50 ,,,,,,,,,9000.0,21/06/2016,INDEFINIDO,ADOLFO ALDO CUBAS SOTO,0,-12.0311386,-77.0819772
1144,202100270719,160167,160167-050-120222,20531404913,INVERSIONES LEIVA E.I.R.L.,CARRETERA FERNANDO BELAUNDE TERRY KM 752.20,SAN MARTIN,MARISCAL CACERES,JUANJUI,PUESTO DE VENTA DE COMBUSTIBLE - GRIFOS,C1:15300:GASOLINA 90 ,C1:15300:GASOLINA 84 ,C1:7650:Diesel B5 S-50 C2:7650:GASOLINA 95 ,C1:15300:Diesel B5 S-50 ,,,,,,,61200.0,12/02/2022,INDEFINIDO,LEIVA QUEVEDO DEMETRIO ,0,-7.1804079,-76.7353182
1145,202100119205,15716,15716-050-010621,20328570514,LUBRICENTRO Y SERVICIOS SANTA FE S.R.L.,"AV. AREQUIPA S/N, LOTES 9, 10 Y 11 MZ 'W', VILLA EL PEDREGAL, SECTOR NORTE",AREQUIPA,CAYLLOMA,MAJES,PUESTO DE VENTA DE COMBUSTIBLE - GRIFOS,C1:3000:GASOHOL 90 PLUS ,C1:1500:GASOHOL 95 PLUS ,C1:3000:Diesel B5 S-50 ,,,,,,,,7500.0,1/06/2021,INDEFINIDO,MARIO SERGIO VENEGAS AQUINO,0,-16.3596354,-72.1893722
1146,201800140340,85326,85326-050-240818,10200591611,PRIMITIVO ZACARIAS MAYTA GUERRA,"JUNTA VECINAL LAS PALMERAS MZ. Y-2, LOTE 01, CARRETERA FEDERICO BASADRE KM 110",UCAYALI,PADRE ABAD,IRAZOLA,ESTACIONES DE SERVICIOS,C1:9220:DIESEL B5 ,C1:9220:DIESEL B5 ,C1:9220:GASOLINA 90 ,"C1:4610:GASOLINA 84,GASOLINA 90 C2:4610:GASOLINA 84,GASOLINA 95 ",C1:9220:DIESEL B5 ,C1:9220:DIESEL B5 ,C1:9220:GASOLINA 90 ,"C1:4610:GASOLINA 84,GASOLINA 90 C2:4610:GASOLINA 84,GASOLINA 95 ",,,36880.0,25/08/2018,INDEFINIDO,PRIMITIVO ZACARIAS MAYTA GUERRA,460,-8.9563274,-75.3972988
1147,202300095662,16770,16770-050-260423,20563908476,INVERSIONES GASOIL E.I.R.L.,LOTE 10 MZ. 1423 CALLE REVERENDA MADRE ASCENCION NICOL,MADRE DE DIOS,TAMBOPATA,TAMBOPATA,PUESTO DE VENTA DE COMBUSTIBLE - GRIFOS,C1:5000:Diesel B5 S-50 ,C1:5000:GASOLINA REGULAR ,C1:2000:Diesel B5 S-50 ,C1:2000:GASOLINA 84 ,,,,,,,14000.0,26/04/2023,INDEFINIDO,JACQUELINE HUAMAN SALAS,0,-12.5951824,-69.1721374
1148,1113801,8020,1004905,20215235859,SERVICENTRO TRANSPORTES ARGUELLES Y SERVICIOS GENERALES E.I.R.L.,AV. TRAPICHE S/N. URB. FDO S. JOSE LT-3A,LIMA,LIMA,COMAS,ESTACIONES DE SERVICIOS,C1:6000:GASOLINA 84 ,C1:6000:DIESEL 2 ,,,,,,,,,12000.0,21/05/1997,INDEFINIDO,"ARGUELLES LOAYZA, WILFREDO",0,-11.9389937,-77.04628199999999
1149,202000056874,21016,21016-050-180520,20450306798,INVERSIONES NCN S.A.C.,CARRETERA FERNANDO BELAUNDE TERRY KM. 503,SAN MARTIN,MOYOBAMBA,MOYOBAMBA,PUESTO DE VENTA DE COMBUSTIBLE - GRIFOS,C1:6500:Diesel B5 S-50 ,C1:6500:Diesel B5 S-50 ,C1:6500:GASOLINA 84 ,C1:6500:GASOLINA 90 ,C1:6500:GASOLINA 95 ,,,,,,32500.0,18/05/2020,INDEFINIDO,NEDDY LUZ ATACHAHUA ESPINOZA,0,-6.0476547,-76.9694402
1150,201200171431,96912,96912-050-270812,20491039648,GRIFO SARAYACU S.R.L,"FRACCIÓN DE LA PARCELA N° 5 – PROYECTO DE ADJUDICACIÓN SARAYACU, CARRETERA CARROZABLE A SARAYACU",MADRE DE DIOS,TAMBOPATA,INAMBARI,PUESTO DE VENTA DE COMBUSTIBLE - GRIFOS,C1:3500:GASOLINA 84 ,C1:5250:Diesel B5 S-50 ,C1:5250:Diesel B5 S-50 ,,,,,,,,14000.0,14/09/2012,INDEFINIDO,ISIDORA BENITA CHAMPI HUARCA,0,-12.7983057,-70.0390293
1151,201900017778,6806,6806-050-030219,20512767011,JOVEME S.A.C.,AV. REPUBLICA DE PANAMA S/N CUADRA 32,LIMA,LIMA,SAN ISIDRO,GRIFO VIA PUBLICA,C1:5000:GASOHOL 95 PLUS ,C1:4000:GASOHOL 97 PLUS ,C1:10000:GASOHOL 90 PLUS ,C1:3000:GASOHOL 97 PLUS ,C1:5000:Diesel B5 S-50 ,,,,,,27000.0,3/02/2019,INDEFINIDO,ABRAHAM HUGO CALDERON MAVILA,0,-12.1004231,-77.0193638
1152,202100218435,160291,160291-050-311221,10432793961,BUSTAMANTE VALLEJOS MIGUEL ANGEL,PARCELA 2543-LOTE 08,LAMBAYEQUE,LAMBAYEQUE,OLMOS,ESTACIONES DE SERVICIOS,C1:2200:GASOHOL 90 PLUS C2:2200:GASOHOL 95 PLUS ,C1:4680:Diesel B5 S-50 ,,,,,,,,,9080.0,31/12/2021,INDEFINIDO,BUSTAMANTE VALLEJOS MIGUEL ANGEL,0,-5.9873416,-79.7455956
1153,201700038101,127242,127242-050-110417,20545398355,RUKANAS SERVICIOS GENERALES S.R.L.,AV. EL SOL N° 1102,AYACUCHO,LUCANAS,LUCANAS,ESTACIONES DE SERVICIOS,C1:6000:Diesel B5 S-50 ,C1:2000:GASOHOL 90 PLUS C2:2000:GASOHOL 95 PLUS ,,,,,,,,,10000.0,11/04/2017,INDEFINIDO,MAXIMO AGAPITO ROJAS GARCIA ,0,-14.4943225,-74.2536508
1154,202300001707,162102,162102-050-080223,20609411334,ESTACION DE SERVICIOS MILAGROS QCC E.I.R.L.,"INTERSECCIÓN CON LA AVENIDA PICHIS PALCAZU Y LA AVENIDA EVITAMIENTO LOTE N°01 MZ.B, C.P SAN MIGUEL DE ENEÑAS",PASCO,OXAPAMPA,VILLA RICA,ESTACIONES DE SERVICIOS,C1:3000:Diesel B5 S-50 ,C1:3000:GASOHOL 90 PLUS ,C1:2670:GASOHOL 95 PLUS ,,,,,,,,8670.0,8/02/2023,INDEFINIDO,MILY VIVIANA CCOICA CARRILLO,720,-10.746972,-75.2180052
1155,1453290,90112,90112-050-2010,20448236081,GRIFOS ALLIN CCAPAC S.A.C.,PROLONGACION AV. BRASIL S/N URBANIZACION HEROES DEL CENEPA,PUNO,CARABAYA,MACUSANI,PUESTO DE VENTA DE COMBUSTIBLE - GRIFOS,C1:3000:DIESEL B2 ,C1:1400:GASOLINA 84 ,,,,,,,,,4400.0,11/12/2010,INDEFINIDO,JESUS CONDORI HUANCA,0,-14.0723194,-70.42609589999999
1156,202200228010,165721,165721-050-141222,10339500342,TAFUR TAFUR PERSY,CARRETERA A CHICLAYO - RODRIGUEZ DE MENDOZA KM 407+080,AMAZONAS,RODRIGUEZ DE MENDOZA,MARISCAL BENAVIDES,ESTACIONES DE SERVICIOS,C1:3000:Diesel B5 S-50 ,C1:3000:GASOLINA 90 ,C1:3000:GASOLINA 95 ,,,,,,,,9000.0,14/12/2022,INDEFINIDO,TAFUR TAFUR PERSY,0,-6.3867084,-77.5053269
1157,201900013439,8957,8957-050-010219,20127765279,COESTI S.A. ,AV. PANAMERICANA SUR KM. 317,ICA,ICA,SANTIAGO,ESTACIONES DE SERVICIOS,C1:4000:GASOHOL 97 PLUS C2:4000:GASOHOL 95 PLUS ,C1:4000:GASOHOL 90 PLUS C2:4000:Diesel B5 S-50 ,C1:4000:Diesel B5 S-50 ,,,,,,,,20000.0,1/02/2019,INDEFINIDO,ABRAHAM HUGO CALDERON MAVILA,0,-14.1846047,-75.71454310000001
1158,201900066583,15708,15708-050-250419,20604553742,GRUPO J&C FERNANDEZ S.A.C.,AV. ROSARIO KM. 19.5 PUCYURA ,CUSCO,ANTA,PUCYURA,ESTACIONES DE SERVICIOS,C1:4000:GASOHOL 90 PLUS ,C1:5300:Diesel B5 S-50 ,C1:2700:GASOHOL 84 PLUS ,,,,,,,,12000.0,25/04/2019,INDEFINIDO,JOSE CESAR FERNANDEZ BONIFACIO ,0,-13.479597,-72.1110396
1159,202300020868,106657,106657-050-090323,20608794353,GRIFO PUNTO DE ORO E.I.R.L,CALLE N° 07 MZ. E LOTE 20 URB. LOS SAUCES (AV. VIA EVITAMIENTO ESQUINA AV. 2 DE MAYO CON CALLE O’DONOVAN),LA LIBERTAD,TRUJILLO,VICTOR LARCO HERRERA,PUESTO DE VENTA DE COMBUSTIBLE - GRIFOS,C1:1000:GASOHOL PREMIUM ,C1:1000:GASOHOL REGULAR ,C1:2000:Diesel B5 S-50 ,C1:1000:GASOHOL REGULAR ,C1:1000:GASOHOL PREMIUM ,,,,,,6000.0,9/03/2023,INDEFINIDO,CESAR COLINA,720,-8.1409681,-79.0565861
1160,202100094696,16032,16032-050-270521,10157501807,JUSTO CESAR AYBAR BELLIDO ,AV. CIRCUNVALACION Y AV. LOS NATURALES,LIMA,HUARAL,HUARAL,PUESTO DE VENTA DE COMBUSTIBLE - GRIFOS,C1:3000:Diesel B5 S-50 ,C1:3000:GASOHOL 90 PLUS C2:1000:GASOHOL 95 PLUS ,,,,,,,,,7000.0,27/05/2021,INDEFINIDO,JUSTO CESAR AYBAR BELLIDO,0,-11.4890365,-77.2037768
1161,201600169046,19947,19947-050-061216,20550781817,ESTAGAS ANCO S.A.C.,"AV. PUNO N° 2383, ESQ. CALLE DIAMANTE",LIMA,LIMA,COMAS,ESTACIONES DE SERVICIOS,C1:2200:GASOHOL 84 PLUS C2:1800:GASOHOL 90 PLUS ,C1:2500:Diesel B5 S-50 ,,,,,,,,,6500.0,6/12/2016,INDEFINIDO,HERNAN EDUARDO ANCO MEZA,0,-11.9577669,-77.0382134
1162,202200080885,84505,84505-050-250522,10777991138,DEMETRIO YAURI QUISPE,BARRIO NUEVO AMANECER LOTE Nº 46 - COMUNIDAD YURACMAYO,CUSCO,QUISPICANCHI,CCATCA,ESTACIONES DE SERVICIOS,C1:2500:GASOHOL 90 PLUS ,C1:1500:GASOHOL 84 PLUS ,C1:8000:Diesel B5 S-50 ,,,,,,,,12000.0,25/05/2022,INDEFINIDO,DEMETRIO YAURI QUISPE,0,-11.8377332,-76.1587399
1163,201900123646,41566,41566-050-020819,10061077966,GENARA LIDA RODRIGUEZ RODRIGUEZ,AV MARCHAND S/N - PREDIO LA HUACA,LIMA,CAÑETE,MALA,ESTACIONES DE SERVICIOS,C1:1000:SIN PRODUCTO C2:3000:SIN PRODUCTO ,C1:2000:SIN PRODUCTO C2:2000:GASOHOL 90 PLUS ,C1:4000:Diesel B5 S-50 ,,,,,,,,12000.0,2/08/2019,INDEFINIDO,GENARA LIDA RODRIGUEZ RODRIGUEZ,0,-12.6687022,-76.6429016
1164,201800094452,123193,123193-050-120618,20406503004,V&T SERVICENTRO SAN JUAN E.I.R.L.,"AV. LOS PROCERES N° 855 MZ-A LOTE 4,5 Y 6",PUNO,AZANGARO,AZANGARO,PUESTO DE VENTA DE COMBUSTIBLE - GRIFOS,C1:3595:GASOHOL 90 PLUS ,C1:3595:GASOHOL 84 PLUS ,C1:4943:GASOHOL 95 PLUS ,C1:4943:Diesel B5 S-50 ,,,,,,,17076.0,12/06/2018,INDEFINIDO,VICTOR HUGO TUERO MAQUERA,720,-12.1577695,-76.9892469
1165,201800213795,6762,6762-050-271218,20603932839,FLD S.A.C,PLAZA GALVEZ S/N,PROV. CONST. DEL CALLAO,PROV. CONST. DEL CALLAO,LA PUNTA,GRIFO VIA PUBLICA,C1:4000:GASOHOL 95 PLUS ,C1:4000:Diesel B5 S-50 ,C1:2000:GASOHOL 90 PLUS ,C1:2000:GASOHOL 97 PLUS ,,,,,,,12000.0,27/12/2018,INDEFINIDO,JACINTO FRANCIA ABURTO,0,-12.067914,-77.1585021
1166,201900024261,9187,9187-050-120319,20450636747,INVERSIONES FAMEVA SAC,AV. LEONCIO PRADO N° 322,APURIMAC,ANDAHUAYLAS,SAN JERONIMO,PUESTO DE VENTA DE COMBUSTIBLE - GRIFOS,C1:10000:Diesel B5 S-50 ,C1:5000:GASOHOL 84 PLUS ,C1:5000:GASOHOL 90 PLUS ,C1:5000:GASOHOL 95 PLUS ,,,,,,,25000.0,12/03/2019,INDEFINIDO,AUREA ROJAS PALOMINO ,0,-13.6526831,-73.3678716
1167,202200253302,166158,166158-050-230223,20603062834,ESTACION DE SERVICIOS PERCHALLE S.A.C.,"CERCADO SANTA CRUZ, EL TINAJÓN S/N",CAJAMARCA,SANTA CRUZ,SANTA CRUZ,ESTACIONES DE SERVICIOS,C1:10000:Diesel B5 S-50 ,C1:8000:GASOHOL 90 PLUS ,C1:5000:GASOHOL 95 PLUS ,,,,,,,,23000.0,23/02/2023,INDEFINIDO,PERCY ROY CHAVEZ LLEMPEN,0,-6.620040200000001,-78.9457948
1168,202000079403,140904,140904-050-300720,10410251634,MANUEL MEJIA GUEVARA,"CARRETERA PRINCIPAL S/N, SALIDA AL CENTRO POBLADO IMACITA-CHIRIACO",AMAZONAS,BAGUA,IMAZA,ESTACIONES DE SERVICIOS,C1:4100:Diesel B5 S-50 ,C1:2050:GASOLINA 84 C2:2050:GASOLINA 90 ,C1:2650:GASOLINA 95 ,,,,,,,,10850.0,30/07/2020,INDEFINIDO,MANUEL MEJIA GUEVARA,0,-5.060109499999999,-78.3387309
1169,201600120229,93308,93308-050-190816,20530667716,INVERSIONES KOKIS E.I.R.L.,CARRETERA PATIVILCA - HUARAZ KM. 177.26,ANCASH,RECUAY,RECUAY,ESTACIONES DE SERVICIOS,"C1:4000:DIESEL B5,Diesel B5 S-50 ",C1:2000:GASOHOL 90 PLUS ,"C1:4000:DIESEL B5,Diesel B5 S-50 ",C1:2000:GASOHOL 95 PLUS ,C1:2000:GASOHOL 90 PLUS ,,,,,,8000.0,19/08/2016,INDEFINIDO,MARIELA ESTHER DUEÑAS GARRO,720,-9.529453799999999,-77.5291577
1170,201500166590,19963,19963-050-211215,20503840121,REPSOL COMERCIAL S.A.C.,AV. DEL EJERCITO N° 290,LIMA,LIMA,MIRAFLORES,ESTACIONES DE SERVICIOS,C1:4000:SIN PRODUCTO ,C1:4000:GASOHOL 95 PLUS ,C1:8000:GASOHOL 90 PLUS ,C1:4000:GASOHOL 95 PLUS ,C1:4000:Diesel B5 S-50 ,C1:4000:GASOHOL 98 PLUS ,,,,,28000.0,21/12/2015,INDEFINIDO,VICTOR GONZALO CASTILLO OVIEDO,0,-12.1174645,-77.0440556
1171,201600062445,120092,120092-050-280416,20568747471,GRIFO AYACCOCHA E.I.R.L.,AV. JOSÉ CARLOS MARIÁTEGUI S/N Y CRUCE A CCACCASIRI DEL CENTRO POBLADO DE AYACCOCHA ,HUANCAVELICA,HUANCAVELICA,ACORIA,ESTACIONES DE SERVICIOS,C1:6000:DIESEL B5 ,C1:3850:GASOHOL 90 PLUS ,,,,,,,,,9850.0,28/04/2016,INDEFINIDO,ALFREDO COCA HUATORONGO,0,-12.2696779,-74.80865779999999
1172,201400086088,104834,104834-050-170714,20541185896,COMERCIAL IMPORTADORA MADRE SELVA S.A.C.,AV. LA MARINA Nº 1996,LORETO,MAYNAS,PUNCHANA,ESTACIONES DE SERVICIOS,C1:3495:DIESEL B5 ,C1:3495:GASOLINA 84 ,C1:3495:GASOLINA 90 ,,,,,,,,10485.0,17/07/2014,INDEFINIDO,LUIS ANGEL ASCENCIO POMASUNCO,720,-3.7188834,-73.24297589999999
1173,202200092344,162868,162868-050-060622,10405773606,TECSE GALLEGOS ELOY,COMUNIDAD CAMPESINA DE CHINCHAYPUJIO,CUSCO,ANTA,CHINCHAYPUJIO,ESTACIONES DE SERVICIOS,C1:8223:Diesel B5 S-50 ,C1:5262:GASOHOL 90 PLUS C2:3289:GASOHOL 95 PLUS ,,,,,,,,,16774.0,6/06/2022,INDEFINIDO,TECSE GALLEGOS ELOY,0,-13.6300588,-72.23274959999999
1174,201800048043,135205,135205-050-270318,20602762123,ESTACION DE SERVICIOS LA CUMBRERA S.R.L.,"SECTOR MULLAMAYO, CALLE PRINCIPAL S/N ",CUSCO,QUISPICANCHI,CCARHUAYO,ESTACIONES DE SERVICIOS,C1:7000:Diesel B5 S-50 ,C1:5000:GASOHOL 90 PLUS C2:3000:GASOHOL 84 PLUS ,,,,,,,,,15000.0,27/03/2018,INDEFINIDO,WALDIRTH DAVID LUNA ROMERO ,0,-13.5948207,-71.3996902
1175,202000032196,112964,112964-050-280220,20604082693,SANTA ANA GRUPO EMPRESARIAL S.A.C.,"ANEXO DE SANTA CRUZ DE MATI CHICO LOTE 2, ALTURA DEL KM. 375 DE LA CARRETERA LIMA-HUANUCO",HUANUCO,AMBO,AMBO,ESTACIONES DE SERVICIOS,C1:4000:Diesel B5 S-50 ,C1:2000:GASOHOL 90 PLUS C2:1000:GASOHOL 95 PLUS ,,,,,,,,,7000.0,28/02/2020,INDEFINIDO,WILLIAM FERNANDO PALACIOS ALMERCO,0,-9.9440782,-76.24733
1176,202000118283,97438,97438-050-090920,20228985237,ESTACION DE SERVICIOS SAN JOSE ESPINAR-CUSCO SRL,"ASOCIACIÓN DE VIVIENDAS LOS ALAMOS S/N, SECTOR URAY CORRAL, AV. 18 DE NOVIEMBRE ESQUINA CON CALLE SANTA ROSA DE LIMA.",APURIMAC,COTABAMBAS,CHALLHUAHUACHO,ESTACIONES DE SERVICIOS,C1:10000:Diesel B5 S-50 ,C1:5000:GASOHOL 90 PLUS C2:3000:GASOHOL 90 PLUS C3:2000:GASOHOL 95 PLUS ,C1:10000:Diesel B5 S-50 ,C1:10000:Diesel B5 S-50 ,,,,,,,40000.0,9/09/2020,INDEFINIDO,LUIS ALBERTO PEZO HUAYLLA,0,-14.1118344,-72.2410419
1177,202300082904,156017,156017-050-300423,20607517976,ESTACION DE SERVICIOS EL PATO E.I.R.L.,"CARRETERA MARGINAL-5N (CARRETERA A SAN JUAN DE CODO) MARGEN DERECHA, CON UU.CC 047180",HUANUCO,PUERTO INCA,CODO DEL POZUZO,ESTACIONES DE SERVICIOS,C1:5800:Diesel B5 S-50 ,C1:2900:GASOHOL REGULAR C2:2900:GASOHOL PREMIUM ,,,,,,,,,11600.0,30/04/2023,30/04/2024,EDGAR CHARLES ESPINOZA VILLOGAS,720,-9.6454246,-75.28551329999999
1178,202000057184,9243,9243-050-150520,20450405931,ESTACION DE SERVICIOS UNIVERSAL S.A.C.,JR. JIMENEZ PIMENTEL N° 1560,SAN MARTIN,SAN MARTIN,TARAPOTO,ESTACIONES DE SERVICIOS,C1:4000:GASOLINA 84 ,C1:4000:Diesel B5 S-50 ,C1:4000:GASOLINA 90 ,C1:5000:GASOLINA 95 ,,,,,,,17000.0,15/05/2020,INDEFINIDO,MARIA ELENA CHUPILLON CASTRO,0,-6.4770518,-76.3678324
1179,202000028149,7384,7384-050-190220,20605034340,SERVICENTRO P-TROMIL E.I.R.L.,AV. TAHUAYCANI N° 103-A,AREQUIPA,AREQUIPA,SACHACA,ESTACIONES DE SERVICIOS,C1:2500:GASOHOL 90 PLUS C2:2500:GASOHOL 97 PLUS ,C1:6000:Diesel B5 S-50 ,C1:6000:GASOHOL 95 PLUS ,C1:4000:GASOHOL 90 PLUS ,C1:6000:GASOHOL 90 PLUS ,,,,,,27000.0,19/02/2020,INDEFINIDO,ALFREDO MANUEL DELFIN BARREDA PONCE ,120,-16.4064387,-71.5574819
1180,202100277895,95224,95224-050-291221,20490733729,ESTACION DE SERVICIOS GRIFO ABANCAY EMPRESA INDIVIDUAL DE RESPONSABILIDAD LIMITADA,URB. BELLAVISTA BAJA KM. 1.5 LIMA - ABANCAY,APURIMAC,ABANCAY,ABANCAY,ESTACIONES DE SERVICIOS,C1:4000:Diesel B5 S-50 ,C1:2000:GASOHOL 90 PLUS ,C1:3000:Diesel B5 S-50 C2:1500:GASOHOL 90 PLUS C3:1500:GASOHOL 95 PLUS ,C1:3400:Diesel B5 S-50 ,C1:3408:Diesel B5 S-50 ,C1:3408:GASOHOL 90 PLUS ,C1:3408:GASOHOL 90 PLUS ,C1:3408:GASOHOL 95 PLUS ,C1:3416:GASOHOL 97 PLUS ,,32448.0,29/12/2021,INDEFINIDO,SILVIA AMANDA DIAZ CALDERON,0,-13.6396747,-72.894746
1181,202300064688,61249,61249-050-310323,20449325983,ESTACION DE SERVICIOS MONTALVO E.I.R.L.,"MARGEN SUR CARRETERA BINACIONAL MOQUEGUA - TACNA, SECTOR MONTALVO",MOQUEGUA,MARISCAL NIETO,MOQUEGUA,PUESTO DE VENTA DE COMBUSTIBLE - GRIFOS,C1:5040:GASOHOL REGULAR ,C1:2200:GASOHOL PREMIUM ,C1:7700:Diesel B5 S-50 ,C1:1200:GASOHOL REGULAR ,C1:2000:GASOHOL PREMIUM ,C1:3000:Diesel B5 S-50 ,C1:3000:Diesel B5 S-50 ,,,,24140.0,31/03/2023,INDEFINIDO,REYNA ISABEL VALDIVIA MEJIA,0,-16.8668187,-70.5245078
1182,201200212442,9393,9393-050-031212,20528175016,GRIFO PUTUMAYO E.I.R.L.,JR.PUTUMAYO N° 1678 ESQ. CON CALLE MAGDALENA NUEVA ,LORETO,MAYNAS,IQUITOS,PUESTO DE VENTA DE COMBUSTIBLE - GRIFOS,C1:3900:GASOLINA 84 ,C1:2400:GASOLINA 90 ,C1:5000:DIESEL B5 ,,,,,,,,11300.0,3/12/2012,INDEFINIDO,JULIO AMARO DIAZ FARJE,0,-3.7415068,-73.259204
1183,202100215640,159897,159897-050-261121,20409352406,NEGOCIOS DECIEL E.I.R.L.,CARRETERA VIA EVITAMIENTO CIRCUNVALACION S/N SECTOR VALLE HERMOSO,TUMBES,TUMBES,TUMBES,PUESTO DE VENTA DE COMBUSTIBLE - GRIFOS,C1:6000:Diesel B5 S-50 C2:2000:GASOHOL 84 PLUS C3:2000:GASOHOL 90 PLUS ,,,,,,,,,,10000.0,26/11/2021,INDEFINIDO,LUIS ALBERTO ZAPATA ZAPATA,0,-3.9338256,-80.54384499999999
1184,201900051854,142369,142369-050-010419,10252052475,NATIVIDAD ASLLA SARMIENTO ,CARRETERA INTEROCEANICA ANEXO CHECCASPAMPA S/N COMUNIDAD CAMPESINA DE TINKE,CUSCO,QUISPICANCHI,OCONGATE,PUESTO DE VENTA DE COMBUSTIBLE - GRIFOS,C1:2000:Diesel B5 S-50 ,C1:2000:GASOHOL 84 PLUS ,C1:1000:GASOHOL 90 PLUS ,,,,,,,,5000.0,1/04/2019,INDEFINIDO,NATIVIDAD ASLLA SARMIENTO ,0,-13.6668681,-71.32099819999999
1185,201500081119,42092,42092-050-050715,20530666663,ESTACION DE SERVICIOS SAN ANTONIO S.A.C.,CARRETERA CENTRAL N° 696,ANCASH,HUAYLAS,CARAZ,PUESTO DE VENTA DE COMBUSTIBLE - GRIFOS,C1:1000:GASOHOL 90 PLUS ,C1:1000:GASOHOL 95 PLUS ,C1:3000:Diesel B5 S-50 ,,,,,,,,5000.0,5/07/2015,INDEFINIDO,ANTONIO ZOSIMO ESPINOZA FLORES,0,-9.048495299999999,-77.8109958
1186,201700066171,19905,19905-050-030517,10198506562,VICTOR RAUL LOPEZ CIFUENTES,AV. DANIEL ALCIDES CARRION 1896. ESQ. CON AV. CATALINA HUANCA,JUNIN,HUANCAYO,HUANCAYO,PUESTO DE VENTA DE COMBUSTIBLE - GRIFOS,C1:10000:Diesel B5 S-50 ,C1:6650:GASOHOL 95 PLUS ,C1:6650:GASOHOL 90 PLUS ,,,,,,,,23300.0,3/05/2017,INDEFINIDO,VICTOR RAUL LOPEZ CIFUENTES ,0,-12.0749825,-75.2237947
1187,201800048011,131610,131610-050-260318,20491757362,CORPORACION DE SERVICIOS MULTIPLES CONTUMAZA E.I.R.L.,AV. CHILETE N° 329,CAJAMARCA,CONTUMAZA,CONTUMAZA,ESTACIONES DE SERVICIOS,C1:4000:Diesel B5 S-50 ,C1:2000:GASOHOL 90 PLUS C2:2000:GASOHOL 95 PLUS ,,,,,,,,,8000.0,26/03/2018,INDEFINIDO,PEDRO ULDERICO PLASENCIA LEON,720,-7.220739099999999,-78.83968
1188,202200113250,7345,7345-050-260722,20605351621,GRIFOS KHUSKA E.I.R.L.,AV. BOLOGNESI N° 200,AREQUIPA,AREQUIPA,CAYMA,ESTACIONES DE SERVICIOS,C1:3300:GASOHOL 95 PLUS ,C1:3300:GASOHOL 97 PLUS ,C1:3300:GASOHOL 90 PLUS ,C1:3300:GASOHOL 90 PLUS ,C1:6700:Diesel B5 S-50 ,C1:3500:GASOHOL 90 PLUS ,C1:3500:SIN PRODUCTO ,,,,26900.0,26/07/2022,INDEFINIDO,MILAGROS LELI COAQUIRA QUISPE,720,-16.3797837,-71.5448304
1189,201700106199,15693,15693-050-100717,20530609431,PATCI S.R.L.,AV. CENTENARIO N° 1520,ANCASH,HUARAZ,INDEPENDENCIA,ESTACIONES DE SERVICIOS,C1:8000:Diesel B5 S-50 ,C1:4000:GASOHOL 95 PLUS ,C1:4000:GASOHOL 84 PLUS ,C1:4000:GASOHOL 90 PLUS ,,,,,,,20000.0,10/07/2017,INDEFINIDO,PATRICIA ELIANA TORRES ESPINOZA,240,-9.509044399999999,-77.53198069999999
1190,201700038969,61583,61583-050-240317,10421730046,FRANKLIN ENRIQUE AVILA MOYANO,KM. 254 CARRETERA PATIVILCA - CARAZ - PARAJE TULLPA,ANCASH,YUNGAY,YUNGAY,PUESTO DE VENTA DE COMBUSTIBLE - GRIFOS,C1:2000:GASOHOL 95 PLUS ,C1:4000:GASOHOL 90 PLUS ,C1:4000:DIESEL B5 ,,,,,,,,10000.0,24/03/2017,INDEFINIDO,FRANKLIN ENRIQUE AVILA MOYANO,0,-9.048495299999999,-77.8109958
1191,201600127934,9558,9558-050-020916,20530856101,GRIFO EL SOL S.R.L.,AV. 27 DE NOVIEMBRE Nº 1103,ANCASH,HUARAZ,HUARAZ,PUESTO DE VENTA DE COMBUSTIBLE - GRIFOS,C1:570:SIN PRODUCTO ,C1:4200:DIESEL B5 ,C1:4200:GASOHOL 90 PLUS ,,,,,,,,8970.0,2/09/2016,INDEFINIDO,CELESTINO CARRION HUAMAN,0,-9.5321254,-77.531982
1192,202200110120,110623,110623-050-300622,20406549411,SERVICENTRO JM SAN JUAN E.I.R.L.,CARRETERA JULIACA – HUANCANE KM. 9 - CENTRO POBLADO SANTA MARIA,PUNO,SAN ROMAN,JULIACA,ESTACIONES DE SERVICIOS,C1:3600:GASOHOL 90 PLUS ,C1:3603:GASOHOL 95 PLUS ,C1:4962:Diesel B5 S-50 ,C1:4966:Diesel B5 S-50 ,C1:5000:Diesel B5 S-50 ,,,,,,22131.0,30/06/2022,INDEFINIDO,JUAN JOSE TUERO MAQUERA,720,-15.4939801,-70.1179552
1193,202100152912,106327,106327-050-160721,20542812932,ESTACION DE SERVICIOS MAVILA E.I.R.L.,MZ. K-01 LOTE. 01 CENTRO POBLADO MENOR MAVILA,MADRE DE DIOS,TAMBOPATA,LAS PIEDRAS,ESTACIONES DE SERVICIOS,C1:10657:Diesel B5 S-50 ,C1:10657:GASOLINA 84 ,C1:5323:GASOLINA 95 ,,,,,,,,26637.0,16/07/2021,INDEFINIDO,FORTUNATO CHUSPI AUCCA,720,-11.9342795,-69.1190665
1194,201400002998,7130,7130-050-210114,20503840121,REPSOL COMERCIAL S.A.C.,AV. AREQUIPA N°. 4305,LIMA,LIMA,MIRAFLORES,ESTACIONES DE SERVICIOS,C1:6000:GASOHOL 95 PLUS C2:6000:GASOHOL 90 PLUS ,C1:6000:Diesel B5 S-50 C2:6000:GASOHOL 98 PLUS ,,,,,,,,,24000.0,20/01/2014,INDEFINIDO,ALBERTO ELIAS MUNARES TAPIA,0,-12.1089684,-77.0303124
1195,202000150904,91117,91117-050-031120,20487358437,INVERSIONES PETER EDEN S.A.C.,"CALLE SAN MARTIN Nº 1203 MZ 52 LOTE 4, PARTE DE LA SEXTA PARCELA TRAMO MOCHUMI - TUCUME ",LAMBAYEQUE,LAMBAYEQUE,MOCHUMI,PUESTO DE VENTA DE COMBUSTIBLE - GRIFOS,C1:2255:Diesel B5 S-50 ,C1:1690:GASOHOL 90 PLUS ,C1:1125:GASOHOL 95 PLUS ,,,,,,,,5070.0,3/11/2020,INDEFINIDO,PRUDENCIO CIERTO CABRERA,0,-6.5130072,-79.84648039999999
1196,202000005475,9203,9203-050-160120,20517877574,CORPORACION MEGU S.A.C.,"AV. REVOLUCION NRO. 1825, ESQ. JR. ICA, AA.HH. COLLIQUE",LIMA,LIMA,COMAS,ESTACIONES DE SERVICIOS,C1:2000:GASOHOL 90 PLUS ,C1:2000:GASOHOL 90 PLUS ,C1:7000:Diesel B5 S-50 ,C1:2000:GASOHOL 95 PLUS ,C1:2000:GASOHOL 97 PLUS ,,,,,,15000.0,16/01/2020,INDEFINIDO,ROBERTO GUTIERREZ TERNERO,0,-11.913123,-77.02469789999999
1197,202300122053,21559,21559-050-180523,20511497184,VIPETROS S.A.C,AV. 28 DE JULIO N° 605,MOQUEGUA,ILO,ILO,ESTACIONES DE SERVICIOS,C1:3200:Diesel B5 S-50 ,C1:2600:GASOHOL PREMIUM ,C1:1750:GASOHOL REGULAR ,C1:1750:GASOHOL REGULAR ,,,,,,,9300.0,18/05/2023,INDEFINIDO,YANINO CASSINELY FERRER ROCA,160,-17.6468304,-71.3442574
1198,202300095625,39147,39147-050-090523,20370508659,GRIFO J.H.P. E.I.R.L.,AV. MARIANO DE LOS SANTOS Nº 500 - 516,CUSCO,QUISPICANCHI,URCOS,PUESTO DE VENTA DE COMBUSTIBLE - GRIFOS,C1:5000:GASOHOL REGULAR ,C1:5000:Diesel B5 S-50 ,C1:3000:GASOHOL PREMIUM ,,,,,,,,13000.0,9/05/2023,INDEFINIDO,JACQUELINE HUAMAN SALAS,720,-13.6876289,-71.62451229999999
1199,202200111123,18433,18433-050-280622,20609231191,SERVICIOS SALES SOCIEDAD COMERCIAL DE RESPONSABILIDAD LIMITADA,JR. GONZALES VIGIL N°101 (EX AV. DEL EJERCITO),LORETO,MAYNAS,IQUITOS,PUESTO DE VENTA DE COMBUSTIBLE - GRIFOS,C1:5590:GASOLINA 84 ,C1:2250:GASOLINA 90 ,C1:6000:DIESEL B5 ,,,,,,,,13840.0,28/06/2022,INDEFINIDO,NESTOR RODRIGUEZ CORREA,0,-3.7526342,-73.2628999
1200,202300059524,133149,133149-050-140423,10449047139,NAY RUTH ACUÑA UMERES ,CENTRO POBLADO DE HABASPATA S/N ,CUSCO,LA CONVENCION,VILCABAMBA,PUESTO DE VENTA DE COMBUSTIBLE - GRIFOS,C1:2600:GASOHOL REGULAR ,C1:3900:GASOHOL REGULAR ,C1:6500:Diesel B5 S-50 ,,,,,,,,13000.0,14/04/2023,14/04/2024,NAY RUTH ACUÑA UMERES ,240,-13.0825645,-72.93532789999999
1201,202300050100,158276,158276-050-130323,20309757662,PETROGAS S.A.,CARRETERA FEDERICO BASADRE KM. 14.500,UCAYALI,CORONEL PORTILLO,YARINACOCHA,ESTACIONES DE SERVICIOS,C1:3000:GASOLINA 90 C2:3000:GASOLINA 95 ,C1:6000:DIESEL B5 ,,,,,,,,,12000.0,13/03/2023,INDEFINIDO,DANTE IVAN CARDENAS NUÑEZ,720,-8.3948687,-74.5912997
1202,201900012712,14431,14431-050-240119,10023764194,VICTORIA VELASQUEZ MAMANI,"AV. LOS PORTALES S/N, ASENT. HUMANO LOS PORTALES COMUNIDAD CAMPESINA DE CHIGUATA",AREQUIPA,AREQUIPA,CHIGUATA,PUESTO DE VENTA DE COMBUSTIBLE - GRIFOS,C1:3000:GASOHOL 90 PLUS ,C1:5800:Diesel B5 S-50 ,C1:5800:Diesel B5 S-50 ,,,,,,,,14600.0,24/01/2019,INDEFINIDO,VICTORIA VELASQUEZ MAMANI,0,-16.4057001,-71.5400994
1203,202100268557,18409,18409-050-040122,20608144499,ABBAMI E.I.R.L.,PANAMERICANA NORTE KM. 1021,PIURA,SULLANA,MARCAVELICA,PUESTO DE VENTA DE COMBUSTIBLE - GRIFOS,C1:11000:Diesel B5 S-50 ,C1:6000:GASOHOL 84 PLUS ,C1:4000:GASOHOL 90 PLUS ,C1:8000:SIN PRODUCTO ,,,,,,,29000.0,4/01/2022,INDEFINIDO,JUNIOR ALBERTO CELI SANDOVAL,0,-4.8867848,-80.6972495
1204,202200178932,14459,14459-050-270922,20602586554,FANO & VICTORIA S.R.L.,"AV. LIBERTADORES 602, CARRETERA AYACUCHO - SAN FRANCISCO",AYACUCHO,HUAMANGA,QUINUA,ESTACIONES DE SERVICIOS,C1:4500:Diesel B5 S-50 ,C1:3500:Diesel B5 S-50 C2:3500:Diesel B5 S-50 ,C1:4500:GASOHOL 90 PLUS ,,,,,,,,16000.0,27/09/2022,INDEFINIDO,HERNAN AVENDAÑO CUADROS,0,-13.0500678,-74.1398339
1205,201600127944,31929,31929-050-160916,20530856101,GRIFO EL SOL S.R.L.,CARRETERA HUARAZ - CARAZ KM. 210 SECTOR MULLACA,ANCASH,HUARAZ,TARICA,PUESTO DE VENTA DE COMBUSTIBLE - GRIFOS,C1:3210:DIESEL B5 ,C1:1845:GASOHOL 95 PLUS ,C1:1845:GASOHOL 90 PLUS ,,,,,,,,6900.0,16/09/2016,INDEFINIDO,CELESTINO CARRION HUAMAN,0,-9.53403,-77.5198417
1206,202100021867,154338,154338-050-100321,20603381174,ESTACION DE SERVICIOS SEÑOR DE LOCUMBA E.I.R.L.,"CARRETERA PANAMERICANA S/N, FUNDO EL MONO, PARCELA 01",MOQUEGUA,MARISCAL NIETO,MOQUEGUA,ESTACIONES DE SERVICIOS,C1:7000:Diesel B5 S-50 ,C1:7000:Diesel B5 S-50 ,C1:3000:GASOHOL 90 PLUS ,C1:3000:GASOHOL 97 PLUS ,C1:3000:GASOHOL 95 PLUS ,C1:3000:GASOHOL 84 PLUS ,,,,,26000.0,10/03/2021,INDEFINIDO,JOSE MANUEL FLORES FLORES,0,-17.2162139,-70.9242201
1207,202000114549,6884,6884-050-090920,20113582171,ESTACION DE SERVICIOS SANDOVAL HNOS S.R.L.,CARRETERA PIURA - SECHURA KM. 11.5,PIURA,PIURA,CATACAOS,ESTACIONES DE SERVICIOS,C1:5200:Diesel B5 S-50 ,C1:5200:Diesel B5 S-50 ,C1:5200:GASOHOL 90 PLUS ,C1:3200:GASOHOL 90 PLUS ,,,,,,,18800.0,9/09/2020,INDEFINIDO,SANDOVAL VALDIVIEZO JORGE,0,-5.18927,-80.6438899
1208,201800061176,123472,123472-050-200418,10252201641,JULIO CAYO HUALLPA,CARRETERA ASFALTADA URCOS - PUENTE INAMBARI SECTOR CHACACHIMPA,CUSCO,QUISPICANCHI,CCATCA,ESTACIONES DE SERVICIOS,C1:2065:GASOHOL 90 PLUS ,C1:5260:GASOHOL 90 PLUS ,C2:3195:Diesel B5 S-50 ,,,,,,,,10520.0,20/04/2018,INDEFINIDO,JULIO CAYO HUALLPA,0,-13.6824359,-71.62283550000001
1209,201900188131,122733,122733-050-070120,20487289877,DISTRIBUIDORA Y COMERCIALIZADORA ROCEL S.A.C.,CARRETERA FERNANDO BELAUNDE TERRY S/N,PASCO,OXAPAMPA,CONSTITUCION,PUESTO DE VENTA DE COMBUSTIBLE - GRIFOS,C1:6500:Diesel B5 S-50 ,C1:3250:GASOHOL 90 PLUS C2:3250:GASOHOL 90 PLUS ,,,,,,,,,13000.0,7/01/2020,INDEFINIDO,"CACERES BENDEZ, ROBERTO",480,-10.7521785,-75.2907093
1210,201800058164,41270,41270-050-160819,20511382875,EMPRESA DE SERVICIOS DAYNE S.A.C.,"AV. CANTA CALLAO MZ. A, LOTE 16, URB. MITERRUÑO",LIMA,LIMA,SAN MARTIN DE PORRES,PUESTO DE VENTA DE COMBUSTIBLE - GRIFOS,C1:8000:Diesel B5 S-50 ,C1:2000:GASOHOL 90 PLUS ,C2:6000:SIN PRODUCTO C1:2000:GASOHOL 95 PLUS ,,,,,,,,18000.0,11/04/2018,INDEFINIDO,MARISOL DELIA ALVARADO UNSIHUAY,0,-11.9787494,-77.0939642
1211,202200200671,8488,8488-050-101022,20181197570,INVERSIONES ARIAS S.A.C.,AV. ENRIQUE PIMENTEL CON LA AV. SVEN ERICKSON LT.120 MZ.M,HUANUCO,LEONCIO PRADO,RUPA-RUPA,PUESTO DE VENTA DE COMBUSTIBLE - GRIFOS,C1:9000:Diesel B5 S-50 ,C1:9000:GASOHOL 90 PLUS ,C1:4500:GASOHOL 95 PLUS ,C1:4500:SIN PRODUCTO ,,,,,,,27000.0,10/10/2022,10/10/2023,GUIDO JAIME ARIAS VICUÑA,0,-9.3106433,-75.9995534
1212,202100207226,6958,6958-050-151021,20602544002,COMPAÑIA OPERADORA DE LA SELVA S.A.,AV. JOSE FAUSTINO SANCHEZ CARRION N° 1450,UCAYALI,CORONEL PORTILLO,CALLERIA,ESTACIONES DE SERVICIOS,C1:4000:GASOHOL 95 PLUS C2:4000:Diesel B5 S-50 ,C1:4000:GASOLINA 90 C2:4000:GASOLINA 90 ,C1:4000:DIESEL B5 C2:4000:DIESEL B5 ,,,,,,,,24000.0,15/10/2021,INDEFINIDO,MARLY PATRICIA RENGIFO RIOS,0,-8.3715402,-74.5543442
1213,201700216172,16620,16620-050-291217,20449212356,EMPRESA ESTACION DE SERVICIOS GENERALES JORGE E.I.R.L.,"MZA. 15, SECTOR B, VIA COSTANERA SUR (ZONA CORRALITOS)",MOQUEGUA,ILO,ILO,ESTACIONES DE SERVICIOS,C1:3510:GASOHOL 90 PLUS ,C1:5255:Diesel B5 S-50 ,C1:5266:SIN PRODUCTO ,C1:1755:GASOHOL 95 PLUS ,,,,,,,15786.0,29/12/2017,INDEFINIDO,JUAN MIGUEL VALDEZ VALDEZ,0,-17.6701276,-71.3612493
1214,202200194546,165119,165119-050-061222,20608918931,INVERSIONES FUERZA Y ENERGIA SOCIEDAD ANONIMA CERRADA,CARRETERA CHIVAY A COPORAQUE A 1.4 KM,AREQUIPA,CAYLLOMA,COPORAQUE,PUESTO DE VENTA DE COMBUSTIBLE - GRIFOS,C1:3960:Diesel B5 S-50 ,C1:3670:GASOHOL 90 PLUS ,C1:3670:GASOHOL 95 PLUS ,,,,,,,,11300.0,6/12/2022,INDEFINIDO,MARIBEL YANQUE MAMANI,240,-15.6316116,-71.605822
1215,202200167431,8856,8856-050-120922,20544933044,INMOBILIARIA MARFLO S.A.C.,PANAMERICANA SUR KM. 1205,TACNA,JORGE BASADRE,LOCUMBA,PUESTO DE VENTA DE COMBUSTIBLE - GRIFOS,C1:6000:GASOHOL 90 PLUS ,C1:6000:Diesel B5 S-50 ,C1:3800:Diesel B5 S-50 ,C1:3800:GASOHOL 95 PLUS ,,,,,,,19600.0,12/09/2022,INDEFINIDO,GERMAN SANCHEZ FLORES ,0,-17.7156063,-70.813369
1216,202200187985,164965,164965-050-200423,10800628381,MACHACA CARI JUAN,"AV. SELVA ALEGRE S/N, SECTOR HUAYLLABAMBA",PUNO,SANDIA,SANDIA,PUESTO DE VENTA DE COMBUSTIBLE - GRIFOS,C1:3000:GASOHOL 84 PLUS ,C1:3000:GASOHOL PREMIUM ,C1:3000:GASOHOL REGULAR ,C1:4281:Diesel B5 S-50 ,,,,,,,13281.0,20/04/2023,17/10/2023,MACHACA CARI JUAN,0,-13.3379818,-72.06457759999999
1217,201900063317,86681,86681-050-220419,20527208000,PETROCENTRO URUBAMBA S.A.C,URBANIZACIÓN SANTA ROSA - JIRÓN JUNÍN S/N ,CUSCO,ANTA,ANTA,ESTACIONES DE SERVICIOS,C1:6000:Diesel B5 S-50 ,C1:2500:GASOHOL 90 PLUS C2:1500:GASOHOL 95 PLUS ,,,,,,,,,10000.0,22/04/2019,INDEFINIDO,TORIBIA MAROCHO BACA,0,-13.5076894,-72.37846789999999
1218,202000071281,7386,7386-050-300620,20100224365,SAN FRANCISCO S.R.L.,AV. JESUS N° 1618,AREQUIPA,AREQUIPA,PAUCARPATA,PUESTO DE VENTA DE COMBUSTIBLE - GRIFOS,C1:4000:Diesel B5 S-50 ,C1:2000:GASOHOL 90 PLUS ,C1:1000:GASOHOL 95 PLUS ,,,,,,,,7000.0,30/06/2020,INDEFINIDO,CARLOS JAVIER CAYA RODRIGUEZ,0,-16.4188181,-71.5031511
1219,201800175967,130542,130542-050-291018,20528919902,SERVICIOS GENERALES PONCE DE LA ROSA S.A.C,AV. MARISCAL CASTILLA MZ 1 LT 14 ANEXO VILLA DE PASCO,PASCO,PASCO,TINYAHUARCO,ESTACIONES DE SERVICIOS,C1:8000:Diesel B5 S-50 ,C1:2000:GASOHOL 90 PLUS C2:2000:GASOHOL 90 PLUS ,,,,,,,,,12000.0,29/10/2018,INDEFINIDO,RODY DE LA ROSA BALDEON,0,-10.7859725,-76.24501529999999
1220,201600049991,120757,120757-050-030516,10450026692,ROSY JACKELINE ESPINOZA VENTURA,AV. OXAPAMPA S/N - CENTRO POBLADO DE QUIPARACRA,PASCO,PASCO,HUACHON,ESTACIONES DE SERVICIOS,C1:2000:GASOHOL 90 PLUS ,C1:4000:DIESEL B5 ,,,,,,,,,6000.0,3/05/2016,INDEFINIDO,ROSY JACKELINE ESPINOZA VENTURA,0,-10.2931939,-74.9401968
1221,201900063319,18838,18838-050-220419,20527208000,PETROCENTRO URUBAMBA S.A.C.,AVENIDA APURIMAC Nº 417,CUSCO,CUSCO,CUSCO,PUESTO DE VENTA DE COMBUSTIBLE - GRIFOS,C1:3000:GASOHOL 90 PLUS C2:3000:Diesel B5 S-50 ,C1:1600:GASOHOL 95 PLUS ,C1:1600:GASOHOL 97 PLUS ,,,,,,,,9200.0,22/04/2019,INDEFINIDO,TORIBIA MAROCHO BACA,0,-13.5186689,-71.98709199999999
1222,202200048666,159361,159361-050-160422,20605994696,CORPORACION Y SERVICIOS G & H SYR'S SOCIEDAD ANONIMA CERRADA,CARRETERA JULIACA - AREQUIPA KM. 5+00 - COMUNIDAD CENTRAL ESQUEN,PUNO,SAN ROMAN,JULIACA,PUESTO DE VENTA DE COMBUSTIBLE - GRIFOS,C1:4000:Diesel B5 S-50 ,C1:3000:GASOHOL 90 PLUS ,C1:1000:GASOHOL 95 PLUS ,,,,,,,,8000.0,16/04/2022,INDEFINIDO,TICONA YTO HAYDEE MAGALY,0,-15.5066438,-70.1169401
1223,201700203966,18695,18695-050-121217,20406522998,GRIFO CRUZ AYABACAS E.I.R.L.,"KM. 10.4 CARRETERA JULIACA - HUANCANE, CENTRO POBLADO AYABACAS",PUNO,SAN ROMAN,JULIACA,PUESTO DE VENTA DE COMBUSTIBLE - GRIFOS,C1:2200:GASOHOL 84 PLUS ,C1:4300:Diesel B5 S-50 ,C1:2200:GASOHOL 90 PLUS ,,,,,,,,8700.0,12/12/2017,INDEFINIDO,CECILIA CONDORI MAMANI,0,-15.5066438,-70.1169401
1224,202200095928,19870,19870-050-080622,20608645323,GRIFOS JAEN GAS SOCIEDAD ANONIMA CERRADA,CARRETERA OLMOS CORRAL QUEMADO KM 179 C.P. CHAMAYA - CASERIO PALO BLANCO,CAJAMARCA,JAEN,JAEN,PUESTO DE VENTA DE COMBUSTIBLE - GRIFOS,C1:4087:Diesel B5 S-50 ,C1:1000:GASOHOL 90 PLUS ,,,,,,,,,5087.0,8/06/2022,INDEFINIDO,CONSUELO LUCILA GUEVARA PAREDES,0,-5.838576499999999,-78.7569821
1225,202200146652,130838,130838-050-060822,10252021979,SERAPIO QUISPE PACOMBIA ,"CARRETERA INTEROCEANICA TRAMO 3, KM. 194+200 FRACCION DEL PREDIO MAYUPATA",CUSCO,QUISPICANCHI,CAMANTI,ESTACIONES DE SERVICIOS,C1:10500:Diesel B5 S-50 ,C1:4020:GASOHOL 90 PLUS C2:2060:GASOHOL 84 PLUS ,,,,,,,,,16580.0,6/08/2022,6/08/2023,SERAPIO QUISPE PACOMBIA ,0,-13.2025694,-70.6773914
1226,202200170825,20112,20112-050-260922,20479880981,SERVICENTRO SANTA YSABEL S.A.C.,KM. 224 CARRETERA BELAUNDE TERRY (EX CARRETERA MARGINAL KM. 224),AMAZONAS,UTCUBAMBA,BAGUA GRANDE,ESTACIONES DE SERVICIOS,C1:5000:Diesel B5 S-50 ,C1:2000:GASOLINA 90 ,C1:2500:Diesel B5 S-50 ,C1:2500:GASOLINA 90 ,,,,,,,12000.0,26/09/2022,INDEFINIDO,MARIA YSABEL TROYA DELGADO,0,-5.7569092,-78.4372279
1227,202100267839,9178,9178-050-180122,20603203993,GRIFOS MIRAMAR S.A.C.,CARRETERA PANAMERICANA NORTE KM. 552,LA LIBERTAD,TRUJILLO,MOCHE,ESTACIONES DE SERVICIOS,C1:1139:GASOHOL 95 PLUS ,C1:2278:GASOHOL 90 PLUS ,C1:2847:Diesel B5 S-50 ,C1:6300:Diesel B5 S-50 ,C1:6300:Diesel B5 S-50 ,C1:3000:GASOHOL 90 PLUS ,,,,,21864.0,18/01/2022,INDEFINIDO,CONFESOR ABELINO ESQUIVEL VALVERDE,480,-7.838863,-79.1526054
1228,202300050886,162504,162504-050-160323,10023776613,MACHACA CHIPANA JHON ALEXANDER,CARRETERA JULIACA - HUANCANÉ KM. 31+420 BARRIO PENTECOSTES,PUNO,HUANCANE,TARACO,PUESTO DE VENTA DE COMBUSTIBLE - GRIFOS,C1:7047:Diesel B5 S-50 ,C1:3951:GASOHOL PREMIUM ,C1:3951:GASOHOL REGULAR ,C1:3951:Diesel B5 S-50 ,,,,,,,18900.0,16/03/2023,INDEFINIDO,CARRETERA JULIACA - HUANCANÉ KM. 31+420 BARRIO PENTECOSTES,720,-15.2022882,-69.7708133
1229,202100267835,43955,43955-050-041221,20606353716,LEAN INVERSIONES GENERALES E.I.R.L.,"AV. CHACHAPOYAS N° 4498 Y JR. GREGORIA KATARI, SECTOR SAN LUIS",AMAZONAS,UTCUBAMBA,BAGUA GRANDE,PUESTO DE VENTA DE COMBUSTIBLE - GRIFOS,C1:1975:SIN PRODUCTO ,C1:9012:Diesel B5 S-50 ,C1:1975:GASOLINA 95 ,C1:5008:GASOLINA 90 ,,,,,,,17970.0,4/12/2021,INDEFINIDO,ROBERT CASTILLO MARRUFO,0,-5.7640649,-78.4240852
1230,202200136454,115463,115463-050-020822,10285709411,ROMUALDO VIDAL CENTENO CRISPÍN,AV. HUANTA N° 575,AYACUCHO,HUANTA,SIVIA,ESTACIONES DE SERVICIOS,C1:1848:Diesel B5 S-50 C2:1848:GASOHOL 90 PLUS ,,,,,,,,,,3696.0,2/08/2022,2/08/2023,ROMUALDO VIDAL CENTENO CRISPÍN,0,-12.5126859,-73.8572519
1231,202000053344,44673,44673-050-300420,20604748781,ESTACION DE SERVICIOS DABRI E.I.R.L.,AV. HEROES DEL CENEPA N° 2126 CUADRA 21 MZ 24 LTS. 3 Y 4,AMAZONAS,BAGUA,BAGUA,ESTACIONES DE SERVICIOS,C1:1300:GASOLINA 84 C2:1200:GASOLINA 90 ,C1:1400:Diesel B5 S-50 C2:500:SIN PRODUCTO ,,,,,,,,,4400.0,30/04/2020,INDEFINIDO,MONICA ASTOCHADO CHUQUIZUTA,0,-5.630044799999999,-78.5377788
1232,202200207602,165398,165398-050-060323,20603103638,MULTISERVICIOS GARCIA BRICEÑO S.A.C.,"CARRETERA TRUJILLO - OTUZCO, VALLE MOCHE, SECTOR PEDREGAL U.C. 16533, PREDIO LA CONSTANCIA",LA LIBERTAD,TRUJILLO,SIMBAL,ESTACIONES DE SERVICIOS,C1:7000:Diesel B5 S-50 ,C1:3000:Diesel B5 S-50 ,C1:3000:GASOLINA PREMIUM ,C1:3000:GASOLINA REGULAR ,,,,,,,16000.0,6/03/2023,INDEFINIDO,WILSON GARCÍA BRICEÑO,0,-8.1040297,-79.0277342
1233,201800132441,6858,6858-050-230818,10102801721,MARIBEL SANCHEZ VERA,AV. SAN MARTIN N° 335,AYACUCHO,HUANTA,HUANTA,PUESTO DE VENTA DE COMBUSTIBLE - GRIFOS,C1:8000:GASOHOL 90 PLUS ,C1:8000:Diesel B5 S-50 ,,,,,,,,,16000.0,23/08/2018,INDEFINIDO,MARIBEL SANCHEZ VERA,0,-12.9411157,-74.2471822
1234,202300059435,113558,113558-050-270323,10209889906,MARIA DOLORES VALENCIA LOBATO,"CARRETERA MARGINAL S/N, INTERSECCION CON LA VIA PERENE",JUNIN,SATIPO,RIO TAMBO,PUESTO DE VENTA DE COMBUSTIBLE - GRIFOS,C1:8000:Diesel B5 S-50 ,C1:4000:GASOHOL REGULAR C2:4000:GASOHOL PREMIUM ,,,,,,,,,16000.0,27/03/2023,27/03/2024,MARIA DOLORES VALENCIA LOBATO,480,-11.2662728,-74.5638142
1235,202000120611,18786,18786-050-160920,20328694086,GRIFO LATINO S.A.C.,AV. PRO HOGAR N° 406,AREQUIPA,AREQUIPA,MIRAFLORES,PUESTO DE VENTA DE COMBUSTIBLE - GRIFOS,C1:5000:Diesel B5 S-50 ,C1:5000:GASOHOL 95 PLUS ,C1:1250:GASOHOL 90 PLUS ,C1:2500:Diesel B5 S-50 ,C1:1250:SIN PRODUCTO ,,,,,,15000.0,16/09/2020,INDEFINIDO,BUENAVENTURA ANTONIO FERNANDEZ ALVAREZ,0,-16.393952,-71.5213014
1236,202200216468,19874,19874-050-241122,20610060049,BIO SERVICIOS PERUANOS S.A.C.,PROLONGACIÓN AV. LA CULTURA S/N KM. 6,CUSCO,CUSCO,SAN JERONIMO,ESTACIONES DE SERVICIOS,C1:10000:Diesel B5 S-50 ,C1:5000:GASOHOL 90 PLUS C2:5000:GASOHOL 95 PLUS ,,,,,,,,,20000.0,24/11/2022,INDEFINIDO,PAUL CARLOS LOAYZA VERA,0,-13.5317361,-71.9149649
1237,202300048460,132732,132732-050-050323,20602994288,ESTACION DE SERVICIOS RODAS S.A.C.,CARRETERA ANDAHUAYLAS - ABANCAY S/N - SECTOR SONDOR,APURIMAC,ANDAHUAYLAS,SAN JERONIMO,ESTACIONES DE SERVICIOS,C1:10000:Diesel B5 S-50 ,C1:10000:Diesel B5 S-50 ,C1:4000:GASOHOL REGULAR ,C1:3000:GASOHOL PREMIUM ,C1:3000:GASOHOL REGULAR ,,,,,,30000.0,5/03/2023,INDEFINIDO,VICTOR RODAS VELASQUE ,0,-13.6066903,-73.2688053
1238,202300064011,146341,146341-050-180423,20609050170,ESTACION DE SERVICIOS LILY S.A.C.,JR. BASILIO AUQUI HUAYTALLA S/N - CENTRO POBLADO PAMPA CANGALLO,AYACUCHO,CANGALLO,LOS MOROCHUCOS,ESTACIONES DE SERVICIOS,C1:9000:Diesel B5 S-50 ,C1:3000:GASOHOL PREMIUM C2:6000:GASOHOL REGULAR ,,,,,,,,,18000.0,17/04/2023,INDEFINIDO,DE LA CRUZ HINOSTROZA LILY ISABEL,0,-13.5577859,-74.19592039999999
1239,202200079774,82598,82598-050-070522,20490169645,INVERSIONES LA AMISTAD SOCIEDAD COMERCIAL DE RESPONSABILIDAD LIMITADA,A.P.V. TIPO GRANJA JUAN VELAZCO ALVARADO LTS. A-7 Y A-8- CARRETERA ESPINAR - AREQUIPA,CUSCO,ESPINAR,ESPINAR,ESTACIONES DE SERVICIOS,C1:2700:GASOHOL 95 PLUS ,C1:2500:GASOHOL 90 PLUS ,C1:3500:Diesel B5 S-50 ,C1:3500:Diesel B5 S-50 ,C1:4600:Diesel B5 S-50 ,,,,,,16800.0,7/05/2022,INDEFINIDO,JAQUELINE SAICO QQUELLHUA,0,-14.7815629,-71.4251795
1240,202200186876,164022,164022-050-201022,20602829074,TICAMERS SOCIEDAD COMERCIAL DE RESPONSABILIDAD LIMITADA,CARRETERA AYAVIRI - CUSCO KM 1+758 CCAPAC HANCCO,PUNO,MELGAR,AYAVIRI,PUESTO DE VENTA DE COMBUSTIBLE - GRIFOS,C1:6586:SIN PRODUCTO ,C1:6586:Diesel B5 S-50 ,C1:3951:GASOHOL 90 PLUS ,C1:3951:GASOHOL 95 PLUS ,,,,,,,21074.0,20/10/2022,INDEFINIDO,DAVID JAVIER ESPERILLA ALVAREZ,0,-14.8913287,-70.5967624
1241,201700215884,6750,6750-050-231217,20160563916,SERVICENTRO CORONADO S.A.,ESQUINA AV. 28 DE JULIO Y NICOLAS AYLLON S/N,LIMA,LIMA,LIMA,ESTACIONES DE SERVICIOS,C1:3000:SIN PRODUCTO ,C1:8000:GASOHOL 95 PLUS ,C1:6000:Diesel B5 S-50 ,C1:5000:Diesel B5 S-50 C2:5000:GASOHOL 90 PLUS ,,,,,,,27000.0,23/12/2017,INDEFINIDO,JORGE ALBERTO CABREJO VILLAGARCIA ,240,-12.0605519,-77.0068705
1242,201600131510,84366,84366-050-120916,10275679521,RAFAEL VASQUEZ MIRES ,AVENIDA TUPAC AMARU N° 1071 - 1073,CAJAMARCA,HUALGAYOC,BAMBAMARCA,ESTACIONES DE SERVICIOS,C1:3970:DIESEL B5 ,C1:3970:GASOHOL 90 PLUS ,C1:3970:DIESEL B5 ,,,,,,,,7940.0,12/09/2016,INDEFINIDO,RAFAEL VASQUEZ MIRES ,0,-6.6774809,-78.5262972
1243,201900210778,8910,8910-050-181219,20600819501,GRUPO SAN MIGUEL S.P. SAC,AV. CHICLAYO Nº 3000,LAMBAYEQUE,CHICLAYO,CHONGOYAPE,PUESTO DE VENTA DE COMBUSTIBLE - GRIFOS,C1:5000:Diesel B5 S-50 ,C1:5000:GASOHOL 90 PLUS ,,,,,,,,,10000.0,18/12/2019,INDEFINIDO,MISAEL MEJIA VARGAS,0,-6.7468245,-79.8587999
1244,201800132437,18569,18569-050-160818,20545784158,AGUKI COMBUSTIBLES LIQUIDOS S.A. ,"AV. ELMER FAUCETT Nº 5482 (ANTES AV. ELMER FAUCETT MZ.A LOTES 1, 13 Y 14 SUBLOTE M-1 LOTIZACION INDUSTRIAL POCHA REGALADO-EX FUNDO TABOADA)",PROV. CONST. DEL CALLAO,PROV. CONST. DEL CALLAO,CALLAO,ESTACIONES DE SERVICIOS,C1:5000:GASOHOL 95 PLUS ,C1:5000:GASOHOL 90 PLUS ,C1:5000:GASOHOL 97 PLUS ,C1:5000:Diesel B5 S-50 ,C1:5000:Diesel B5 S-50 ,C1:5000:Diesel B5 S-50 ,C1:3000:GASOHOL 97 PLUS C2:2000:SIN PRODUCTO ,,,,35000.0,16/08/2018,INDEFINIDO,CARLOS ALBERTO KIYAN HIGA,0,-11.9981344,-77.12205279999999
1245,202200144923,118756,118756-050-180822,20609072416,CORPORACION AYRE SOCIEDAD ANONIMA CERRADA,CARRETERA MARGINAL KM. 27 - VIA CHANCHAMAYO - SATIPO,JUNIN,CHANCHAMAYO,PERENE,PUESTO DE VENTA DE COMBUSTIBLE - GRIFOS,C1:6662:Diesel B5 S-50 ,C1:4028:GASOHOL 90 PLUS C2:2568:GASOHOL 95 PLUS ,,,,,,,,,13258.0,8/08/2022,INDEFINIDO,FIORELLA PILAR AYRE PEREZ,0,-11.1626659,-74.54632819999999
1246,202100259204,123616,123616-050-101221,20495815057,ESTACION DE SERVICIOS HUAYOBAMBA E.I.R.L.,AV. CAJAMARCA S/N ,CAJAMARCA,SAN MARCOS,PEDRO GALVEZ,ESTACIONES DE SERVICIOS,C1:5225:GASOHOL 90 PLUS ,C1:5225:GASOHOL 95 PLUS ,C1:2085:GASOHOL 97 PLUS ,C1:11278:Diesel B5 S-50 ,,,,,,,23813.0,10/12/2021,INDEFINIDO,LORENZO WILSON PAREDES CASTAÑEDA ,0,-7.3349166,-78.1654084
1247,202200220619,92016,92016-050-261222,20482247840,SERVICIOS MULTIPLES ACUARIO E.I.R.L,"MANZANA G5, LOTE 1, 2, 3, 4 SECTOR 4, CARTAVIO, CENTRO POBLADO CARTAVIO",LA LIBERTAD,ASCOPE,SANTIAGO DE CAO,PUESTO DE VENTA DE COMBUSTIBLE - GRIFOS,C1:2000:Diesel B5 S-50 ,C1:500:GASOHOL 95 PLUS ,C1:700:GASOHOL 90 PLUS ,,,,,,,,3200.0,18/11/2022,INDEFINIDO,CARMEN VIOLETA ABANTO RODRIGUEZ,720,-7.888932899999999,-79.2211476
1248,202300056611,9626,9626-050-030523,20607675806,PETRO CORP GROUP S.A.C.,KM. 5.4 CARRETERA JULIACA-CUSCO,PUNO,SAN ROMAN,JULIACA,PUESTO DE VENTA DE COMBUSTIBLE - GRIFOS,C1:5000:GASOHOL REGULAR ,C1:5500:Diesel B5 S-50 ,C1:5000:Diesel B5 S-50 ,C1:5500:Diesel B5 S-50 ,,,,,,,21000.0,3/05/2023,INDEFINIDO,ALARCON AGUILAR JUAN FAUSTO,0,-15.5066438,-70.1169401
1249,202200001355,18677,18677-050-110522,20352438520,INVERSIONES CALICANTO S.R.L. ,JR. INDEPENDENCIA Nº 101 ,UCAYALI,CORONEL PORTILLO,CALLERIA,ESTACIONES DE SERVICIOS,C1:5000:DIESEL B5 ,C1:5000:GASOLINA 95 ,C1:5000:GASOLINA 90 ,C1:5000:DIESEL B5 ,,,,,,,20000.0,11/05/2022,INDEFINIDO,NERIA INES VELASQUEZ ARCENTALES,0,-8.380664,-74.5311871
1250,202200126144,15705,15705-050-250722,20609637511,ESTACION DE SERVICIOS BERNABELW S.A.C,AV. MARISCAL CACERES N° 311,AYACUCHO,HUAMANGA,CARMEN ALTO,PUESTO DE VENTA DE COMBUSTIBLE - GRIFOS,C1:3000:GASOHOL 90 PLUS ,C1:3000:Diesel B5 S-50 ,,,,,,,,,6000.0,25/07/2022,INDEFINIDO,WILBER CONSTANTINO PAREDES CHUCHON,0,-13.1587967,-74.218626
1251,202200260020,16762,16762-050-151222,10048042096,SUCESION SURCO ORUE PABLO FRANCISCO,AV. ERNESTO RIVERO N° 442,MADRE DE DIOS,TAMBOPATA,TAMBOPATA,PUESTO DE VENTA DE COMBUSTIBLE - GRIFOS,C1:4795:GASOLINA 84 ,C1:4795:GASOLINA 84 ,C1:10000:Diesel B5 S-50 ,C1:4000:Diesel B5 S-50 ,C1:4000:Diesel B5 S-50 ,C1:4000:Diesel B5 S-50 ,C1:4000:Diesel B5 S-50 ,C1:4000:GASOLINA 90 ,C1:4750:GASOLINA 84 ,,44340.0,15/12/2022,INDEFINIDO,ANA KARINA SURCO CORIMANYA,0,-12.5948061,-69.1822784
1252,201700088969,119632,119632-050-280617,20567238629,ESTACION BIO E.I.R.L.,"JR RICARDO PALMA 698 MZ C LOTE 13 PUEBLO JOVEN RICARDO PALMA, PRIMERA ETAPA",LORETO,MAYNAS,IQUITOS,ESTACIONES DE SERVICIOS,C1:4095:GASOLINA 84 ,C1:2730:GASOLINA 90 ,C1:2730:DIESEL B5 ,,,,,,,,9555.0,26/06/2017,INDEFINIDO,FLOR DE LUCERO FLORES MELENDEZ ,0,-3.7514078,-73.2507222
1253,201700118789,128397,128397-050-050817,20600643186,ESTACIÓN DE SERVICIOS SAN ANTONIO DE PADUA SOCIEDAD ANONIMA CERRADA,"CARRETERA JULIACA CUSCO KM. 8 PREDIO RUSTICO FRACIÓN A-10, PARCELA A-1, PREDIO MUCRA I Y II",PUNO,LAMPA,CALAPUJA,PUESTO DE VENTA DE COMBUSTIBLE - GRIFOS,C1:5000:GASOHOL 97 PLUS C2:5000:Diesel B5 S-50 ,C1:10000:Diesel B5 S-50 ,C1:7000:GASOHOL 84 PLUS ,C1:7000:GASOHOL 90 PLUS ,C1:5000:GASOHOL 95 PLUS ,,,,,,39000.0,5/08/2017,INDEFINIDO,DIMAS HIPOLITO URVIOLA CORI,0,-15.386182,-70.1857304
1254,202100104935,9363,9363-050-060621,10017608521,BRAULIO ROGELIO MONTUFAR ARGOLLO,AV. PANAMERICANA NORTE N° 413 ESQUINA AV. CASPA N° 122,PUNO,CHUCUITO,JULI,PUESTO DE VENTA DE COMBUSTIBLE - GRIFOS,C1:8000:Diesel B5 S-50 ,C1:5000:GASOHOL 90 PLUS ,C1:3000:GASOHOL 95 PLUS ,C1:4500:GASOHOL 84 PLUS ,C1:4500:Diesel B5 S-50 ,,,,,,25000.0,6/06/2021,INDEFINIDO,BRAULIO ROGELIO MONTUFAR ARGOLLO,0,-16.2142869,-69.4575979
1255,201400132786,34496,34496-050-281014,20530666663,ESTACION DE SERVICIOS SAN ANTONIO S.A.C.,KM. 259 + 200 CARRETERA HUARAZ - CARAZ- BARRIO CANYASBAMBA,ANCASH,YUNGAY,YUNGAY,PUESTO DE VENTA DE COMBUSTIBLE - GRIFOS,C1:6000:Diesel B5 S-50 ,C1:1400:GASOHOL 95 PLUS C2:1400:GASOHOL 90 PLUS C3:1400:Diesel B5 S-50 ,,,,,,,,,10200.0,28/10/2014,INDEFINIDO,ANTONIO ZOSIMO ESPINOZA FLORES,0,-9.0920449,-77.7752465
1256,202200145584,36159,36159-050-060922,20545524911,BEZIM GROUP E.I.R.L.,"MZ. C LOTE 38, AA.HH. HEROES DE SAN JUAN, SECTOR 5 FRENTE A LA AV. MARIANO PASTOR SEVILLA (ANTES AV. PASTOR SEVILLA CRUCE CON LA AV. LOS GERANIOS)",LIMA,LIMA,SAN JUAN DE MIRAFLORES,PUESTO DE VENTA DE COMBUSTIBLE - GRIFOS,C1:3000:SIN PRODUCTO ,C1:5000:Diesel B5 S-50 ,C1:6000:Diesel B5 S-50 ,C1:3000:GASOHOL 95 PLUS ,C1:3000:GASOHOL 90 PLUS ,,,,,,20000.0,6/09/2022,INDEFINIDO,DAVID GUILLERMO MENDOZA WONG,0,-12.1537287,-76.96726389999999
1257,201600143885,9436,9436-050-291016,10096210821,CESAR ANGELES MILLONES,PROLONGACION DIEGO FERRE Nº 849,LAMBAYEQUE,CHICLAYO,ETEN PUERTO,PUESTO DE VENTA DE COMBUSTIBLE - GRIFOS,"C1:2500:DIESEL B5,Diesel B5 S-50 ",C1:2500:GASOHOL 84 PLUS ,,,,,,,,,5000.0,29/10/2016,INDEFINIDO,CESAR ANGELES MILLONES,0,-6.9106869,-79.8655069
1258,201800032311,39747,39747-050-060318,20352385736,SERVICENTRO DAVISA S.R.L.,CARRETERA FEDERICO BASADRE KM. 60 - NESHUYA,UCAYALI,PADRE ABAD,IRAZOLA,PUESTO DE VENTA DE COMBUSTIBLE - GRIFOS,C1:1547:GASOLINA 90 C2:1547:GASOLINA 90 ,C1:3794:DIESEL B5 ,C1:1173:SIN PRODUCTO ,480:GAS LICUADO DE PETROLEO ,,,,,,,8061.0,6/03/2018,INDEFINIDO,MELECIO MEDINA LLAMOCA,0,-8.643958399999999,-74.9639469
1259,201900181447,121758,121758-050-261119,20604271089,ESTACIÓN DE SERVICIOS VICTORIA L & K HNAS. S.A.C.,JR. LAS ACACIAS S/N MZ.I-Q LT. 06-08 URB. HUANCABAMBA,PASCO,OXAPAMPA,HUANCABAMBA,ESTACIONES DE SERVICIOS,C1:6000:DIESEL B5 ,C1:4000:GASOHOL 84 PLUS C2:2000:GASOHOL 95 PLUS ,C1:6000:GASOHOL 90 PLUS ,,,,,,,,18000.0,26/11/2019,INDEFINIDO,MARIO RODOLFO JAPA BORONDA,720,-10.3400407,-75.667356
1260,201900127284,21039,21039-050-160819,20560138068,PETROVEN S.A.C.,ESQUINA AV. TAHUANTINSUYO N° 1007 Y CALLE CARLOS M. DE ALVEAR N° 797,LA LIBERTAD,TRUJILLO,LA ESPERANZA,PUESTO DE VENTA DE COMBUSTIBLE - GRIFOS,C1:5000:Diesel B5 S-50 C2:1500:Diesel B5 S-50 ,C1:5000:GASOHOL 90 PLUS C2:1500:GASOHOL 95 PLUS ,C1:1100:GASOHOL 95 PLUS C2:1100:SIN PRODUCTO ,,,,,,,,15200.0,16/08/2019,INDEFINIDO,CESAR ARTURO DEL PINO CAPURRO,0,-8.0833934,-79.0429906
1261,202200002415,130420,130420-050-150222,20570533054,ESTACION DE SERVICIOS M&N S.A.C.,AV. VIA DE EVITAMIENTO NORTE CUADRA 19 CON JR. EDUARDO RODRIGUEZ URB. ALAMEDA II ETAPA SECTOR 5,CAJAMARCA,CAJAMARCA,CAJAMARCA,ESTACIONES DE SERVICIOS,C1:10000:GASOHOL 90 PLUS ,C1:10000:Diesel B5 S-50 ,C1:2500:GASOHOL 95 PLUS ,C1:2500:Diesel B5 S-50 ,C1:2500:GASOHOL 95 PLUS ,,,,,,27500.0,15/02/2022,INDEFINIDO,LILIANA PATRICIA CATALAN CASTRO ,0,-7.1451701,-78.5095547
1262,201900117961,145378,145378-050-190719,20601637805,GRIFO´S ERIC E.I.R.L.,"CERRETERA CUSCO-URCOS, SECTOR PIHUI CCOSI, COMUNIDAD CAMPESINA DE ANAWARQQUE",CUSCO,CUSCO,SAYLLA,ESTACIONES DE SERVICIOS,C1:10000:Diesel B5 S-50 ,C1:10000:Diesel B5 S-50 ,C1:5000:GASOHOL 90 PLUS C2:5000:GASOHOL 95 PLUS ,C1:5000:GASOHOL 84 PLUS ,,,,,,,35000.0,19/07/2019,INDEFINIDO,CIRILA VARGAS CARDENAS,0,-13.5646655,-71.838192
1263,201800204760,109949,109949-050-111218,10282970797,JAVIER PROSPERO QUINTA MANYAVILCA,AV. RAMON CASTILLA S/N CARRETERA SAN MIGUEL – SAN ANTONIO,AYACUCHO,LA MAR,SAN MIGUEL,ESTACIONES DE SERVICIOS,C1:6000:Diesel B5 S-50 ,C1:3000:GASOHOL 95 PLUS C2:3000:GASOHOL 90 PLUS ,,,,,,,,,12000.0,11/12/2018,INDEFINIDO,JAVIER PROSPERO QUINTA MANYAVILCA,0,-13.0153738,-74.006509
1264,201800177889,7223,7223-050-261018,20539347064,MAXIM SERVICIOS E.I.R.L.,PANAMERICANA SUR KM 1045,AREQUIPA,ISLAY,COCACHACRA,PUESTO DE VENTA DE COMBUSTIBLE - GRIFOS,C1:7000:Diesel B5 S-50 ,C1:6000:GASOHOL 90 PLUS ,C1:3000:GASOHOL 95 PLUS ,C1:6000:Diesel B5 S-50 ,,,,,,,22000.0,26/10/2018,INDEFINIDO,MARIA DEL ROSARIO DAVILA BUSTAMANTE,0,-16.9935312,-71.730575
1265,202200117361,147671,147671-050-300622,20609410273,PID MULTISERVIS SOCOTA E.I.R.L.,JR. TUPAC AMARU S/N CARRETERA A SAN LUIS DE LUCMA,CAJAMARCA,CUTERVO,SOCOTA,ESTACIONES DE SERVICIOS,C1:2250:Diesel B5 S-50 ,C1:1125:GASOHOL 90 PLUS C2:1125:GASOHOL 90 PLUS ,,,,,,,,,4500.0,30/06/2022,INDEFINIDO,PEDRO BUSTAMANTE TERRONES,240,-6.3946475,-78.611084
1266,202000144637,127337,127337-050-201020,20602152121,ESTACION DE SERVICIOS PARURO SOCIEDAD ANONIMA CERRADA,PROLONGACION AV. GRAU 1-A,CUSCO,PARURO,PARURO,ESTACIONES DE SERVICIOS,C1:8365:Diesel B5 S-50 ,C1:8345:Diesel B5 S-50 ,C1:4150:GASOHOL 90 PLUS C2:2640:GASOHOL 95 PLUS ,,,,,,,,23500.0,20/10/2020,INDEFINIDO,JHON AMERICO HUAMAN SALAS,0,-13.5307402,-71.987054
1267,202100188877,64419,64419-050-041121,20512090878,EPAL NEGOCIOS E.I.R.L.,"ESQ. ANTIGUA PANAMERICANA SUR KM. 46.800. MZ. M, LT. 2-4 Y CALLE 18, LOCALIDAD PUNTA ROCAS ",LIMA,LIMA,PUNTA NEGRA,ESTACIONES DE SERVICIOS,C1:3950:Diesel B5 S-50 C2:3939:GASOHOL 90 PLUS ,C1:3069:GASOHOL 95 PLUS ,C1:3935:GASOHOL 97 PLUS C2:2619:Diesel B5 S-50 ,,,,,,,,17512.0,4/11/2021,INDEFINIDO,FIORELLA EVAALIAGA LINDO,240,-11.9418596,-76.9744121
1268,201600014965,18413,18413-050-150216,20459084968,GRIFO ESCORPIO S.R.L. ,CRUCE AV. TOMAS VALLE Y ELMER FAUCETT,PROV. CONST. DEL CALLAO,PROV. CONST. DEL CALLAO,CALLAO,PUESTO DE VENTA DE COMBUSTIBLE - GRIFOS,C1:6000:SIN PRODUCTO ,C1:3000:GASOHOL 95 PLUS C2:3000:GASOHOL 84 PLUS ,C1:6000:SIN PRODUCTO ,C1:6000:GASOHOL 90 PLUS ,C1:6000:SIN PRODUCTO ,C1:8000:SIN PRODUCTO ,C1:6000:SIN PRODUCTO ,C1:6000:Diesel B5 S-50 ,,,50000.0,15/02/2016,INDEFINIDO,WILMINGTON SILVIO MAMANI TEJADA,0,-12.0169453,-77.0982624
1269,202000140098,140692,140692-050-221020,20602577407,JYJ CARVER S.A.C.,CARRETERA A SAN JUAN DE CHORUNGA S/N,AREQUIPA,CONDESUYOS,RIO GRANDE,ESTACIONES DE SERVICIOS,C1:5200:Diesel B5 S-50 ,C1:1300:GASOHOL 90 PLUS ,,,,,,,,,6500.0,22/10/2020,INDEFINIDO,DIEGO ALEJANDRO CARPIO VERA,480,-15.9029085,-73.0479067
1270,202300075944,108819,108819-050-060523,20352280802,COMBUSTIBLES DEL ORIENTE S.A.C ,"AV. SAENZ PEÑA N° 414, LOTE 8 Y 9, MZ. 149. ESQUINA CON JR. TARAPACA",UCAYALI,CORONEL PORTILLO,CALLERIA,ESTACIONES DE SERVICIOS,C1:3000:DIESEL B5 C2:3000:GASOHOL PREMIUM ,C1:3000:GASOHOL PREMIUM C2:3000:GASOHOL REGULAR ,C1:6000:GASOLINA REGULAR ,,,,,,,,18000.0,6/05/2023,INDEFINIDO,GUIDO JAIME ARIAS VICUÑA,0,-7.992397199999999,-74.0300122
1271,201900116046,9521,9521-050-220719,20127765279,COESTI S.A.,"AV. NICOLAS AYLLON S/N KM 2.8, ESQ. CON TOMAS ALVA EDISON ",LIMA,LIMA,ATE,ESTACIONES DE SERVICIOS,C1:10000:Diesel B5 S-50 ,C1:6000:SIN PRODUCTO ,C1:5000:GASOHOL 90 PLUS ,C1:5000:GASOHOL 95 PLUS ,C1:2300:SIN PRODUCTO ,C1:6000:SIN PRODUCTO ,,,,,34300.0,22/07/2019,INDEFINIDO,CESAR DOMINGO CRUCES LIBERT,240,-12.0625535,-76.975112
1272,201900069852,129097,129097-050-251019,20603674937,CALYPSO GROUP SOCIEDAD ANONIMA CERRADA,CARRETERA INTEROCEANICA SUR TRAMO IV - SALIDA OLLACHEA A MACUSANI,PUNO,CARABAYA,OLLACHEA,PUESTO DE VENTA DE COMBUSTIBLE - GRIFOS,C1:6580:Diesel B5 S-50 ,C1:6580:Diesel B5 S-50 ,C1:2050:GASOHOL 90 PLUS ,,,,,,,,15210.0,28/10/2019,INDEFINIDO,JUAN ALI CUNO GUZMAN ,720,-13.7944295,-70.4711571
1273,201900033423,141649,141649-050-020319,20601299209,CORPORACION BUENAVENTURA S.A.C.,SECTOR CASERIO SARA - PARCELA A Y PARCELA 01 CARRETERA JULIACA - CUSCO KM. 1297+550,PUNO,LAMPA,CALAPUJA,ESTACIONES DE SERVICIOS,C1:10000:Diesel B5 S-50 ,C1:10000:Diesel B5 S-50 ,C1:5000:GASOHOL 84 PLUS ,C1:5000:GASOHOL 90 PLUS ,C1:5000:GASOHOL 98 PLUS ,C1:5000:GASOHOL 95 PLUS ,,,,,40000.0,2/03/2019,INDEFINIDO,JUSTINA HUANCO MAMANI ,0,-15.3136824,-70.2229286
1274,202200024810,8638,8638-050-200322,20491064758,PETROCRIS SOCIEDAD ANONIMA CERRADA - PETROCRIS S.A.C,CARRETERA CUSCO-ABANCAY KM 30 SECTOR INQUILPATA,CUSCO,ANTA,ANTA,PUESTO DE VENTA DE COMBUSTIBLE - GRIFOS,C1:7000:Diesel B5 S-50 ,C1:3000:GASOHOL 90 PLUS ,,,,,,,,,10000.0,20/03/2022,INDEFINIDO,CRISTHIAN LLOCLLA VILLAVICENCIO,0,-13.4722159,-72.1503925
1275,202200133048,125403,125403-050-290722,10103802887,ESTHER QUISPE ROJAS,AV. SAN FRANCISCO S/N,AYACUCHO,LA MAR,SANTA ROSA,ESTACIONES DE SERVICIOS,C1:10000:Diesel B5 S-50 ,C1:6000:GASOHOL 90 PLUS C2:4000:GASOHOL 95 PLUS ,,,,,,,,,20000.0,29/07/2022,29/07/2023,ESTHER QUISPE ROJAS,0,-12.6603748,-73.7421227
1276,202200150211,164152,164152-050-300822,10228936761,INES RAFAEL CARRILLO,CARRETERA FERNANDO BELAUNDE TERRY PREDIO LAS FLORES SECTOR PUCAYACU,HUANUCO,LEONCIO PRADO,PUCAYACU,ESTACIONES DE SERVICIOS,C1:10000:Diesel B5 S-50 ,C1:5000:GASOHOL 90 PLUS C2:5000:GASOHOL 95 PLUS ,,,,,,,,,20000.0,30/08/2022,INDEFINIDO,INES RAFAEL CARRILLO,0,-8.7886744,-76.1316147
1277,201800044732,135085,135085-050-210318,20600171403,SERVICIOS DE ESTACIONAMIENTO MACRIS S.A.C.,"AV. VICTOR RAUL HAYA DE LA TORRE S/N, PREDIO LA TRANCA - SECTOR PAMPA GRANDE",CAJAMARCA,CAJABAMBA,CAJABAMBA,ESTACIONES DE SERVICIOS,C1:6500:Diesel B5 S-50 ,C1:3900:GASOHOL 90 PLUS ,C1:2600:GASOHOL 84 PLUS ,C1:2600:GASOHOL 95 PLUS ,,,,,,,15600.0,21/03/2018,INDEFINIDO,LIZ MARDELI FABIAN AMADOR,0,-7.6141929,-78.061082
1278,202100096765,149629,149629-050-180521,20530275044,PACIFICO COMBUSTIBLES E.I.R.L.,AV. LAS MERCEDES S/N (ANTES CARRETERA ALTO CHIRA – C.P. SOMATE BAJO),PIURA,SULLANA,SULLANA,PUESTO DE VENTA DE COMBUSTIBLE - GRIFOS,C1:5000:GASOHOL 90 PLUS ,C1:5000:Diesel B5 S-50 ,C1:3300:GASOHOL 95 PLUS ,C1:3300:GASOHOL 84 PLUS ,,,,,,,16600.0,18/05/2021,INDEFINIDO,EDUARDO ENRIQUE RIVERA MORI,720,-5.1348307,-80.828874
1279,202000056677,90408,90408-050-180520,20525518541,GRIFO JUAN PASTOR S.R.L.,AV. GRAU S/N CALETA LA BOCANA - PARACHIQUE,PIURA,SECHURA,SECHURA,PUESTO DE VENTA DE COMBUSTIBLE - GRIFOS,C1:2000:GASOHOL 90 PLUS ,C1:2000:GASOHOL 84 PLUS ,C1:1500:GASOHOL 95 PLUS C2:3500:Diesel B5 S-50 ,,,,,,,,9000.0,18/05/2020,INDEFINIDO,FLORO FRANCISCO PAIVA FIESTAS,0,-5.7657668,-80.8640699
1280,202000182099,153250,153250-050-110121,10167444810,JESÚS FARROÑAN INOÑAN ,CASERIO CHEPITO BAJO S/N,LAMBAYEQUE,LAMBAYEQUE,MORROPE,ESTACIONES DE SERVICIOS,C1:4000:Diesel B5 S-50 ,C1:1500:GASOHOL 84 PLUS C2:1500:GASOHOL 90 PLUS ,,,,,,,,,7000.0,11/01/2021,INDEFINIDO,JESUS FARROÑAN INOÑAN ,0,-6.515438,-79.9432326
1281,201900126123,34622,34622-050-080919,20440135502,GRIFOS ESTRELLA DE DAVID E.I.R.L.,AV. CESAR VALLEJO N° 2091 ESQUINA CON CALLE LOS ZAFIROS - URB. LA RINCONADA,LA LIBERTAD,TRUJILLO,TRUJILLO,PUESTO DE VENTA DE COMBUSTIBLE - GRIFOS,C1:5000:Diesel B5 S-50 C2:2000:Diesel B5 S-50 ,C1:5000:GASOHOL 95 PLUS ,C1:3000:GASOHOL 90 PLUS C2:3000:Diesel B5 S-50 ,C1:2500:SIN PRODUCTO ,,,,,,,20500.0,8/09/2019,INDEFINIDO,SEGUNDO FORTUNATO RUIZ VARAS,0,-8.0941009,-79.0042682
1282,201600119722,44602,44602-050-230816,20495915191,ESTACION DE SERVICIOS MARIA FERNANDA E.I.R.L.,CARRETERA CHOTA - TACABAMBA KM. 1 + 800 - SECTOR SHITAPAMPA,CAJAMARCA,CHOTA,CHOTA,ESTACIONES DE SERVICIOS,"C1:2500:DIESEL B5,Diesel B5 S-50 ",C1:10000:DIESEL B5 ,C1:1450:GASOHOL 84 PLUS C2:1000:GASOHOL 90 PLUS ,,,,,,,,14950.0,23/08/2016,INDEFINIDO,MANUEL JESUS BURGA LOPEZ,240,-6.5539753,-78.6390872
1283,202000093802,150544,150544-050-170820,20510722516,JK LOGISTICA S.A.C.,AV. PROGRESO CENTRO POBLADO MAYOCC MZ. X LOTE 12,HUANCAVELICA,CHURCAMPA,SAN MIGUEL DE MAYOCC,ESTACIONES DE SERVICIOS,C1:10000:Diesel B5 S-50 ,C1:3000:GASOHOL 95 PLUS C2:7000:GASOHOL 90 PLUS ,,,,,,,,,20000.0,17/08/2020,INDEFINIDO,NOA BENDEZU NOEMI,0,-16.2227541,-72.4706175
1284,202000110221,19842,19842-050-280820,20569132381,FASTROL S.A.C.,PANAMERICANA NORTE KM. 421 LOS PINOS,ANCASH,SANTA,CHIMBOTE,ESTACIONES DE SERVICIOS,C1:1700:Diesel B5 S-50 ,C1:4000:GASOHOL 95 PLUS ,C1:4000:GASOHOL 97 PLUS ,C1:3000:GASOHOL 90 PLUS ,C1:3500:Diesel B5 S-50 ,C1:3500:Diesel B5 S-50 ,,,,,19700.0,28/08/2020,INDEFINIDO,CORINA IRENE LEON CHUQUIRUNA,720,-9.0459312,-78.59981210000001
1285,201800044749,18689,18689-050-220318,20128931326,GRIFOS KUWAIT S.R.L.,AV. MIRAFLORES/ARBORIZACION NRO. 1439,UCAYALI,CORONEL PORTILLO,YARINACOCHA,ESTACIONES DE SERVICIOS,C1:2600:DIESEL B5 ,C1:6366:DIESEL B5 ,C1:3500:GASOLINA 90 ,C1:3149:DIESEL B5 ,C1:1200:GASOLINA 90 ,C1:2656:GASOLINA 90 ,,,,,19471.0,22/03/2018,INDEFINIDO,HUGO ADOLFO SUAREZ ESPIRITU,0,-8.3731505,-74.5623694
1286,1845904,21393,0020-GRIF-14-2001,20480384769,GRIFO TUMAN S.A.C.,CARRETERA CHICLAYO - CHOGOYAPE KM. 18,LAMBAYEQUE,CHICLAYO,TUMAN,PUESTO DE VENTA DE COMBUSTIBLE - GRIFOS,C1:3400:DIESEL 2 ,C1:2291:GASOLINA 84 ,C1:2291:GASOLINA 90 ,C1:4168:SIN PRODUCTO ,C1:2286:DIESEL 2 ,C1:1533:SIN PRODUCTO ,C1:3105:GASOLINA 84 ,,,,19074.0,18/08/2008,INDEFINIDO,"GALVEZ QUINTANA, ELGAR ANIBAL",0,-6.6237649,-79.3803963
1287,202000112574,150893,150893-050-080920,20530998402,GRIFOS SERPENTIN S.A.C.,U.C. 8-2658950-79134 VALLE PUCHCA / OPAYACO (CERCA AL CENTRO POBLADO SAN MARCOS),ANCASH,HUARI,SAN MARCOS,ESTACIONES DE SERVICIOS,C1:10000:Diesel B5 S-50 ,C1:3000:GASOHOL 90 PLUS ,C1:2000:GASOHOL 95 PLUS C2:2000:GASOHOL 98 PLUS ,,,,,,,,17000.0,8/09/2020,INDEFINIDO,JUAN HUERTA ALVARADO,0,-9.4868966,-77.1432133
1288,202200172267,16777,16777-050-070922,20363544615,SERVICENTRO SAROHI S.R.LTDA,AV. MANUEL NUÑEZ BUTRON Nº 200 CON JR. MARIANO PANDIA,PUNO,SAN ROMAN,JULIACA,PUESTO DE VENTA DE COMBUSTIBLE - GRIFOS,C1:5400:GASOHOL 90 PLUS ,C1:5400:Diesel B5 S-50 ,C1:1800:GASOHOL 95 PLUS C2:1800:GASOHOL 95 PLUS C3:1800:Diesel B5 S-50 ,,,,,,,,16200.0,7/09/2022,INDEFINIDO,JOHANNA CLAUDIA SUAREZ CRUZ,0,-15.5008438,-70.1295006
1289,202200173319,7144,7144-050-190922,10165328740,CERNA RODAS CESAR ANIBAL,AV. JUAN VELASCO ALVARADO S/N KM.10 CARRETERA CHICLAYO - PIMENTEL,LAMBAYEQUE,CHICLAYO,PIMENTEL,ESTACIONES DE SERVICIOS,C1:6000:Diesel B5 S-50 ,C1:6000:GASOHOL 90 PLUS ,C1:6000:GASOHOL 95 PLUS ,,,,,,,,18000.0,19/09/2022,INDEFINIDO,CERNA RODAS CESAR ANIBAL,480,-6.7693736,-79.7933971
1290,201900103422,109356,109356-050-270619,10210873835,MARGARITA OLLERO PARIONA ,CARRETERA CENTRAL KM. 54 VIA TARMA - CHANCHAMAYO,JUNIN,TARMA,PALCA,ESTACIONES DE SERVICIOS,C1:1100:GASOHOL 95 PLUS ,C1:2000:GASOHOL 90 PLUS ,C1:3600:Diesel B5 S-50 ,C1:8000:Diesel B5 S-50 ,,,,,,,14700.0,27/06/2019,INDEFINIDO,MARGARITA OLLERO PARIONA ,0,-11.6466086,-75.8128868
1291,201700108146,7870,7870-050-240717,20485584880,SERVICENTRO SAN JOSE E.I.R.LTDA.,AV. ELIAS N° 101,APURIMAC,ABANCAY,ABANCAY,PUESTO DE VENTA DE COMBUSTIBLE - GRIFOS,C1:3000:GASOHOL 90 PLUS ,C1:3000:Diesel B5 S-50 ,C1:1600:GASOHOL 95 PLUS ,,,,,,,,7600.0,24/07/2017,INDEFINIDO,JOSE MANUEL CAMPOS CESPEDES,0,-13.6391954,-72.8929
1292,202100073958,115218,115218-050-270521,20604555028,GRIFO GERSAB S.R.L.,"CENTRO POBLADO CANGALLO MZ. E, LOTE 11",AYACUCHO,CANGALLO,CANGALLO,PUESTO DE VENTA DE COMBUSTIBLE - GRIFOS,C1:6000:Diesel B5 S-50 ,C1:2000:GASOHOL 90 PLUS C2:2000:GASOHOL 95 PLUS ,,,,,,,,,10000.0,27/05/2021,INDEFINIDO,ELDER AGUIRRE ANDRADE,0,-13.6291421,-74.1438375
1293,201800157044,18540,18540-050-250918,20503840121,REPSOL COMERCIAL S.A.C.,ESQUINA AV. JORGE CHAVEZ N° 531 Y CALLE GARCI CARBAJAL - IV CENTENARIO,AREQUIPA,AREQUIPA,AREQUIPA,ESTACIONES DE SERVICIOS,C1:4000:GASOHOL 90 PLUS ,C1:1300:GASOHOL 95 PLUS C2:1300:GASOHOL 98 PLUS ,C1:4000:Diesel B5 S-50 ,,,,,,,,10600.0,25/09/2018,INDEFINIDO,VICTOR GONZALO CASTILLO OVIEDO,0,-16.406738,-71.5343503
1294,201700157370,131695,131695-050-031017,10271516717,WILSON ALFREDO NARRO VILLALOBOS ,AV. LIBERTAD N° 310,LA LIBERTAD,GRAN CHIMU,CASCAS,PUESTO DE VENTA DE COMBUSTIBLE - GRIFOS,"C1:2300:DIESEL B5,Diesel B5 S-50 ",C1:1700:GASOHOL 90 PLUS ,C1:1700:GASOHOL 95 PLUS ,,,,,,,,5700.0,3/10/2017,INDEFINIDO,WILSON ALFREDO NARRO VILLALOBOS ,720,-7.4817781,-78.81734709999999
1295,202300090218,84881,84881-050-240423,17287982291,AURELIANO FRANCISCO DONAIRES OROSCO,N° 4 PARCELA (KM 49 SECTOR SANTO DOMINGO 100 MT DEL CRUCE),MADRE DE DIOS,TAMBOPATA,LABERINTO,PUESTO DE VENTA DE COMBUSTIBLE - GRIFOS,C1:3500:Diesel B5 S-50 C2:1500:GASOLINA 84 ,,,,,,,,,,5000.0,24/04/2023,INDEFINIDO,AURELIANO FRANCISCO DONAIRES OROSCO,720,-12.5360405,-70.0026756
1296,202100278690,7857,7857-050-070122,20503840121,REPSOL COMERCIAL S.A.C.,CRUCE AV. ANDRES A. CACERES CON CARRETERA MOQUEGUA-TOQUEPALA,MOQUEGUA,MARISCAL NIETO,MOQUEGUA,ESTACIONES DE SERVICIOS,C1:7134:Diesel B5 S-50 ,C1:4885:GASOHOL 90 PLUS ,C1:3029:GASOHOL 95 PLUS ,C1:1295:GASOHOL 98 PLUS ,C1:6500:Diesel B5 S-50 ,C1:6500:Diesel B5 S-50 ,,,,,29343.0,7/01/2022,INDEFINIDO,JOSÉ WALTER NOÉ CHINININ,0,-17.2387787,-70.6157308
1297,201600148933,90446,90446-050-261016,20530559824,GRIFOS MONTERREY S.R.L.,CARRETERA CATAC-CHAVIN KM 67.4,ANCASH,HUARI,SAN MARCOS,ESTACIONES DE SERVICIOS,"C1:6000:DIESEL B5,Diesel B5 S-50 ","C1:6000:DIESEL B5,Diesel B5 S-50 ","C1:3000:DIESEL B5,Diesel B5 S-50 ",C1:3000:GASOHOL 90 PLUS ,C1:3000:GASOHOL 95 PLUS ,C1:3000:GASOHOL 97 PLUS ,,,,,24000.0,26/10/2016,INDEFINIDO,OMAR SANTORO GRANADOS VEGA,720,-9.5954724,-77.17583599999999
1298,202200269188,111666,111666-050-040123,20602052509,GROUP LBA S.A.C.,AV. DE LA PERUANIDAD S/N - HUASAHUASI,JUNIN,TARMA,HUASAHUASI,PUESTO DE VENTA DE COMBUSTIBLE - GRIFOS,C1:2050:Diesel B5 S-50 C2:1240:GASOHOL 90 PLUS C3:834:GASOHOL 97 PLUS ,,,,,,,,,,4124.0,4/01/2023,INDEFINIDO,LILIANA PATRICIA ROJAS VELASQUEZ,180,-11.2648012,-75.6491753
1299,201800184590,139515,139515-050-071118,10020015387,ARMANDO ROJAS GOMEZ ,AV. BINACIONAL S/N CENTRO POBLADO DE CURVA ALEGRE,PUNO,SANDIA,SAN PEDRO DE PUTINA PUNCO,PUESTO DE VENTA DE COMBUSTIBLE - GRIFOS,C1:4500:Diesel B5 S-50 ,C1:4500:GASOHOL 84 PLUS ,C1:3700:GASOHOL 90 PLUS ,,,,,,,,12700.0,7/11/2018,INDEFINIDO,ARMANDO ROJAS GOMEZ ,0,-14.041463,-68.959339
1300,201900020557,64083,64083-050-080219,20393722071,ESTACION DE SERVICIOS MAYTA E.I.R.L.,ESQUINA DE AV. TUPAC AMARU CON JR. AGUAYTIA MZ 51 LOTE 04 - AA.HH. SAN FERNANDO ,UCAYALI,CORONEL PORTILLO,MANANTAY,ESTACIONES DE SERVICIOS,C1:1795:DIESEL B5 ,C1:3505:GASOLINA 95 ,C1:3505:GASOLINA 90 ,C1:3505:DIESEL B5 ,C1:3250:GASOLINA 90 C2:3250:DIESEL B5 ,C1:6500:GASOLINA 90 ,C1:6500:DIESEL B5 ,,,,31810.0,8/02/2019,INDEFINIDO,REMIGIO ANGELICO MAYTA GUERRA ,0,-8.36083,-74.5674001
1301,202000037154,140107,140107-050-150920,20490982940,MULTISERVICIOS COTABAMBAS EMPRESA INDIVIDUAL DE RESPONSABILIDAD LIMITADA,SECTOR CHONTA PUCA-PUCA,APURIMAC,COTABAMBAS,COTABAMBAS,ESTACIONES DE SERVICIOS,C1:1778:GASOHOL 90 PLUS C2:1474:GASOHOL 90 PLUS ,C1:3090:Diesel B5 S-50 ,,,,,,,,,6342.0,15/09/2020,INDEFINIDO,GIANCARLO VALENCIA BRICEÑO ,0,-13.75711,-72.363632
1302,1214216,15722,1205770,10024259868,JANET MERCEDES ROJAS APAZA,ESQUINA SAENZ PEÑA Y AV. TUPAC AMARU N° 102,PUNO,MELGAR,AYAVIRI,PUESTO DE VENTA DE COMBUSTIBLE - GRIFOS,C1:2000:GASOLINA 84 ,C1:2700:DIESEL 2 ,,,,,,,,,4700.0,5/02/1999,INDEFINIDO,"ROJAS APAZA, YANET MERCEDES",0,-14.8848689,-70.5915955
1303,202100151578,157392,157392-050-140721,20606160322,ESTACION DE SERVICIOS V & P S.R.L.,AV. TUPAC AMARU N° 707 ( EX PANAMERICANA NORTE) ,LAMBAYEQUE,LAMBAYEQUE,JAYANCA,ESTACIONES DE SERVICIOS,C1:6000:Diesel B5 S-50 ,C1:3000:Diesel B5 S-50 C2:3000:GASOHOL 84 PLUS ,C1:3000:GASOHOL 90 PLUS C2:3000:GASOHOL 95 PLUS ,,,,,,,,18000.0,14/07/2021,INDEFINIDO,WALTER DANIEL VALLEJOS PACHECO,0,-6.7089766,-79.8982823
1304,201800125815,36424,36424-050-090818,10287001199,ANTONIA PEÑA INFANTE,"CARRETERA AYACUCHO - TAMBILLOS, KM 2.5, QUEBRADA HUATATAS",AYACUCHO,HUAMANGA,ANDRES AVELINO CACERES,PUESTO DE VENTA DE COMBUSTIBLE - GRIFOS,C1:2000:GASOHOL 95 PLUS C2:2000:GASOHOL 90 PLUS ,C1:4000:Diesel B5 S-50 ,,,,,,,,,8000.0,9/08/2018,INDEFINIDO,ANTONIA PEÑA INFANTE,0,-13.1738506,-74.1915362
1305,201900129538,15699,15699-050-120819,20600761413,SERVICIOS MULTIPLES YACUMAMA E.I.R.L.,AV. YARINA Nº 2210 ,UCAYALI,CORONEL PORTILLO,YARINACOCHA,PUESTO DE VENTA DE COMBUSTIBLE - GRIFOS,C1:9000:DIESEL B5 ,C1:9000:GASOLINA 90 ,C1:5000:GASOLINA 90 ,C1:5000:DIESEL B5 ,,,,,,,28000.0,12/08/2019,INDEFINIDO,MARCOS GUIDO SALDAÑA DAVILA,0,-8.353641099999999,-74.57522449999999
1306,202100240122,95891,95891-050-071121,10250104087,CIRILA VARGAS CARDENAS,"CARRETERA INTEROCEANICA KM. 110.5, VIRGEN DE LA CANDELARIA",MADRE DE DIOS,TAMBOPATA,INAMBARI,PUESTO DE VENTA DE COMBUSTIBLE - GRIFOS,C1:10000:Diesel B5 S-50 ,C1:10100:Diesel B5 S-50 ,C1:5100:GASOLINA 84 ,C1:3100:Diesel B5 S-50 ,,,,,,,28300.0,7/11/2021,INDEFINIDO,CIRILA VARGAS CARDENAS,0,-12.8779527,-70.0349057
1307,202200170008,162311,162311-050-060922,20488091035,CORPORACION MYRA SOCIEDAD ANONIMA CERRADA,CALLE FERNANDO FUENTES CLAVO S/N,LAMBAYEQUE,FERREÑAFE,PUEBLO NUEVO,PUESTO DE VENTA DE COMBUSTIBLE - GRIFOS,C1:4000:Diesel B5 S-50 ,C1:2000:GASOHOL 95 PLUS C2:2000:GASOHOL 84 PLUS ,C1:4000:GASOHOL 90 PLUS ,,,,,,,,12000.0,6/09/2022,INDEFINIDO,MARIO PINEDO VASQUEZ,0,-6.6338845,-79.7968838
1308,202300056652,20020,20020-050-040423,20154469941,MUNICIPALIDAD PROVINCIAL DE MARISCAL NIETO,AV. SANTA FORTUNATA NRO. A1 1,MOQUEGUA,MARISCAL NIETO,SAN ANTONIO,PUESTO DE VENTA DE COMBUSTIBLE - GRIFOS,C1:4800:GASOHOL 84 PLUS C3:4800:Diesel B5 S-50 ,C1:3600:GASOHOL REGULAR ,C1:3600:SIN PRODUCTO ,,,,,,,,16800.0,30/03/2023,INDEFINIDO,JHON LARRY COAYLA,0,-17.2078106,-70.9476569
1309,202000076643,34456,34456-050-210720,20529931728,OLEOCENTRO & SERVICIOS CAUTIVO S.A.C.,CARRETERA PANAMERICANA NORTE SULLANA - SUYO KM.1131,PIURA,AYABACA,SUYO,PUESTO DE VENTA DE COMBUSTIBLE - GRIFOS,C1:4000:Diesel B5 S-50 ,C1:2000:GASOHOL 90 PLUS ,C1:2000:SIN PRODUCTO ,C1:4000:GASOHOL 84 PLUS ,,,,,,,12000.0,21/07/2020,INDEFINIDO,LUZ NELIA JULCA MOROCHO ,720,-4.900715,-80.69547969999999
1310,202300059467,16715,16715-050-210323,20600028732,SERVICIOS GENERALES FRATAVA NORERU S.A.C.,ESQUINA MARIANO CORNEJO Nº 698 Y AV. MEXICO Nº 3191,LAMBAYEQUE,CHICLAYO,JOSE LEONARDO ORTIZ,ESTACIONES DE SERVICIOS,C1:2500:GASOHOL 84 PLUS ,C1:2500:GASOHOL REGULAR ,C1:3500:Diesel B5 S-50 ,C1:1000:SIN PRODUCTO ,,,,,,,9500.0,21/03/2023,INDEFINIDO,ELIZABETH TAFUR REGALADO,0,-6.753567,-79.8503397
1311,201800125819,113735,113735-050-090818,10282117733,JESUS FLORES QUISPE,CENTRO POBLADO ARIZONA - CILLCAPAMPA - VIA LOS LIBERTADORES KM 40,AYACUCHO,HUAMANGA,VINCHOS,ESTACIONES DE SERVICIOS,C1:4000:Diesel B5 S-50 ,C1:2000:GASOHOL 95 PLUS ,C1:2000:GASOHOL 90 PLUS ,,,,,,,,8000.0,9/08/2018,INDEFINIDO,JESUS FLORES QUISPE,0,-13.1675963,-74.2447615
1312,201600144233,112082,112082-050-241016,20561185949,GRIFO PAMPA LA VICTORIA S.A.C.,CARRETERA CHICLAYO - CHONGOYAPE KM 39+500 CPM PAMPA LA VICTORIA,LAMBAYEQUE,CHICLAYO,PATAPO,ESTACIONES DE SERVICIOS,"C1:5000:DIESEL B5,Diesel B5 S-50 ",C1:2500:GASOHOL 84 PLUS C2:1500:GASOHOL 90 PLUS ,,,,,,,,,9000.0,24/10/2016,INDEFINIDO,ALEX HARALD FERNANDEZ DAVILA,0,-6.7906594,-79.83370099999999
1313,202200092185,8251,8251-050-030622,20609387336,GRUPO JG CO S.A.C.,"AV. PROCERES DE LA INDEPENDENCIA MZ. E-8, LTS. 41 Y 42, URB. MARISCAL CACERES",LIMA,LIMA,SAN JUAN DE LURIGANCHO,ESTACIONES DE SERVICIOS,C1:6000:GASOHOL 95 PLUS ,C1:8000:GASOHOL 90 PLUS ,C1:8000:SIN PRODUCTO ,C1:8000:Diesel B5 S-50 ,,,,,,,30000.0,3/06/2022,INDEFINIDO,GUSTAVO BAUTISTA PUMAYAURE ,0,-11.9815915,-77.0055337
1314,202100170968,157808,157808-050-121221,10198165226,DELZO PAUCAR JUDITH LUTGARDA,CARRETERA CENTRAL - MARGEN IZQUIERDA KM 10,JUNIN,HUANCAYO,HUALHUAS,PUESTO DE VENTA DE COMBUSTIBLE - GRIFOS,C1:8000:Diesel B5 S-50 ,C1:4000:Diesel B5 S-50 C2:2500:GASOHOL 90 PLUS C3:1500:GASOHOL 95 PLUS ,,,,,,,,,16000.0,10/12/2021,INDEFINIDO,DELZO PAUCAR JUDITH LUTGARDA,0,-12.0168931,-75.2431915
1315,202000185276,153255,153255-050-081220,10450267045,ORIHUELA QUISPE YANET EDITH,CARRETERA JULIACA - AREQUIPA KM. 285,PUNO,SAN ROMAN,JULIACA,PUESTO DE VENTA DE COMBUSTIBLE - GRIFOS,C1:9100:Diesel B5 S-50 ,C1:10600:Diesel B5 S-50 ,C1:10600:Diesel B5 S-50 ,C1:6650:GASOHOL 84 PLUS ,C1:3300:GASOHOL 90 PLUS C2:3300:GASOHOL 90 PLUS ,C1:2600:GASOHOL 95 PLUS ,C1:2600:GASOHOL 98 PLUS ,,,,48750.0,8/12/2020,INDEFINIDO,ORIHUELA QUISPE YANET EDITH,0,-15.5066438,-70.1169401
1316,202200142718,17950,17950-050-080822,20536886673,REPRESENTACIONES Y ASOCIADOS MICSA S.A.C.,"AV. SALVADOR ALLENDE CON AV. MANCO CAPAC, LOTE 9, MZ. N2",LIMA,LIMA,VILLA MARIA DEL TRIUNFO,PUESTO DE VENTA DE COMBUSTIBLE - GRIFOS,C1:6500:Diesel B5 S-50 ,C1:6500:GASOHOL 95 PLUS ,C1:6500:GASOHOL 90 PLUS ,C1:3000:Diesel B5 S-50 ,C1:2000:GASOHOL 97 PLUS ,C1:1000:GASOHOL 95 PLUS ,C1:4000:GASOHOL 90 PLUS ,C1:1000:SIN PRODUCTO ,,,30500.0,8/08/2022,INDEFINIDO,ALBERTO MIGUEL ALIAGA MEZA,0,-12.1600867,-76.95569379999999
1317,202000100117,130607,130607-050-190820,20540013391,NEGOCIOS E INVERSIONES LYSEN S.A.C.,"PROLONGACION LIBERTAD S/N, SECTOR MURIACO ",LA LIBERTAD,PATAZ,HUANCASPATA,ESTACIONES DE SERVICIOS,C1:8204:Diesel B5 S-50 ,C1:3000:GASOHOL 90 PLUS C2:2218:GASOHOL 95 PLUS ,,,,,,,,,13422.0,19/08/2020,INDEFINIDO,LUCIA MARLENY LOPEZ VERA,0,-8.4572843,-77.2986963
1318,202300100301,121836,121836-050-100523,10336662074,SEGUNDO QUITERIO HERNANDEZ VASQUEZ ,AV. PUENTE CAJARURO S/N – CAJARURO,AMAZONAS,UTCUBAMBA,CAJARURO,PUESTO DE VENTA DE COMBUSTIBLE - GRIFOS,C1:4500:Diesel B5 S-50 ,C1:2700:GASOLINA 84 ,C1:2700:GASOLINA REGULAR ,C1:2069:GASOLINA REGULAR ,C1:2069:GASOLINA REGULAR ,,,,,,14038.0,10/05/2023,INDEFINIDO,SEGUNDO QUITERIO HERNANDEZ VASQUEZ ,0,-5.7520773,-78.4269173
1319,201300120058,104151,104151-050-260713,10239200007,JUSTINA ROJAS ALVAREZ,AA.HH LAS PALMERAS MZ. A LOTE 06 CARRETERA INTEROCEANICA- IBERIA,MADRE DE DIOS,TAHUAMANU,IBERIA,ESTACIONES DE SERVICIOS,C1:5200:Diesel B5 S-50 ,C1:5200:GASOLINA 84 ,C1:5200:Diesel B5 S-50 ,C1:5200:GASOLINA 84 ,,,,,,,20800.0,26/07/2013,INDEFINIDO,JUSTINA ROJAS ALVAREZ,0,-11.4044323,-69.4832483
1320,201900161824,146964,146964-050-071019,10025283215,HERMENEGILDO COLQUE RAMOS ,JR. HUENCCALLA S/N BARRIO HUENCCALLA,PUNO,SANDIA,SANDIA,PUESTO DE VENTA DE COMBUSTIBLE - GRIFOS,C1:9220:Diesel B5 S-50 ,C1:2650:GASOHOL 84 PLUS ,C1:2650:GASOHOL 90 PLUS ,,,,,,,,14520.0,7/10/2019,INDEFINIDO,HERMENEGILDO COLQUE RAMOS ,0,-14.2377128,-69.4381162
1321,202200201246,137995,137995-050-101022,10761467269,ROMARIO HUAMAN QUISPE,CALLE CCOCCAYHUAÑUY - CENTRO POBLADO LECHEMAYO,AYACUCHO,LA MAR,ANCO,ESTACIONES DE SERVICIOS,C1:6000:Diesel B5 S-50 ,C1:3000:GASOHOL 90 PLUS C2:3000:GASOHOL 90 PLUS ,,,,,,,,,12000.0,10/10/2022,10/10/2023,ROMARIO HUAMAN QUISPE,0,-13.0093071,-73.5133973
1322,202000089685,16734,16734-050-230720,20333526469,AUTO GAS S.A.C.,AV. MACHUPICCHU N° 100 (ANTES: AV. MACHUPICCHU / JR. BELGICA),AYACUCHO,HUAMANGA,SAN JUAN BAUTISTA,PUESTO DE VENTA DE COMBUSTIBLE - GRIFOS,C1:6000:Diesel B5 S-50 ,C1:4000:Diesel B5 S-50 ,C1:2000:GASOHOL 90 PLUS ,,,,,,,,12000.0,23/07/2020,INDEFINIDO,OSCAR BERNABE RAFAEL ANYOSA,480,-13.1921055,-74.2245976
1323,201900054964,123617,123617-050-050419,20601881153,ESTACION DE SERVICIOS MARYFE S.R.L.,AV. PRINCIPAL VENTANILLAS DE OTUZCO KM 11 SECTOR LA RINCONADA,CAJAMARCA,CAJAMARCA,LOS BAÑOS DEL INCA,PUESTO DE VENTA DE COMBUSTIBLE - GRIFOS,C1:4640:Diesel B5 S-50 ,C1:1685:Diesel B5 S-50 C2:1685:GASOHOL 90 PLUS ,,,,,,,,,8010.0,5/04/2019,INDEFINIDO,WILSON HUAMAN RUDAS,0,-7.125856000000001,-78.4576194
1324,201800091665,42879,42879-050-040618,20393261081,GRIFO FRANZ E.I.R.L.,CALLE NICOLAS VELA MZ.71 LT.01 VILLA ATALAYA ,UCAYALI,ATALAYA,RAYMONDI,PUESTO DE VENTA DE COMBUSTIBLE - GRIFOS,C1:5000:GASOLINA 90 ,C1:5000:GASOLINA 90 ,C1:5000:DIESEL B5 ,,,,,,,,15000.0,4/06/2018,INDEFINIDO,HECTOR CHANCA CHAMORRO,0,-10.733193,-73.7575877
1325,202300056644,9057,9057-050-300323,20154469941,MUNICIPALIDAD PROVINCIAL MARISCAL NIETO,AV. BALTA ESQUINA CON AV. 25 DE NOVIEMBRE S/N,MOQUEGUA,MARISCAL NIETO,MOQUEGUA,PUESTO DE VENTA DE COMBUSTIBLE - GRIFOS,C1:3950:GASOHOL PREMIUM ,C1:4850:GASOHOL REGULAR ,C1:4850:Diesel B5 S-50 ,C1:2500:GASOHOL 84 PLUS ,,,,,,,16150.0,30/03/2023,INDEFINIDO,JHON LARRY COAYLA,0,-17.1892555,-70.9315898
1326,202300065182,34987,34987-050-070423,20527109877,LATINO SUR S.A.C.,AV. MANCO CAPAC N° 140 ESQUINA CON CALLE POLIBIO UMPIRE,CUSCO,CUSCO,SAN JERONIMO,ESTACIONES DE SERVICIOS,C1:4000:GASOHOL REGULAR C2:4000:Diesel B5 S-50 ,C1:2000:GASOHOL PREMIUM C2:2000:GASOHOL REGULAR C3:2000:Diesel B5 S-50 C4:2000:GASOHOL PREMIUM ,,,,,,,,,16000.0,7/04/2023,INDEFINIDO,MARGARITA LIDIA GARCIA DE FLOREZ ,0,-13.5478632,-71.88392800000001
1327,201900074772,34084,34084-050-100519,20604661341,M Y A MULTISERVICIOS INVERSIONES GENERALES SOCIEDAD ANONIMA CERRADA,CARRETERA JULIACA - CUSCO KM. 8+200 PARCIALIDAD ESCURI ARRIBA,PUNO,SAN ROMAN,JULIACA,PUESTO DE VENTA DE COMBUSTIBLE - GRIFOS,C1:6000:Diesel B5 S-50 ,C1:3000:GASOHOL 84 PLUS ,C1:1000:GASOHOL 90 PLUS ,C1:3000:SIN PRODUCTO ,,,,,,,13000.0,10/05/2019,INDEFINIDO,JAVIER MAYTA CALIZAYA ,720,-15.5066438,-70.1169401
1328,201900039785,8132,8132-050-130319,20160404796,INVERSIONES Y COMERCIALIZACION MAKA S.A.C.,"AV. JAVIER PRADO ESTE N° 4885, URB. CAMACHO",LIMA,LIMA,LA MOLINA,ESTACIONES DE SERVICIOS,C1:8000:GASOHOL 84 PLUS ,C1:8000:GASOHOL 97 PLUS ,C1:6000:GASOHOL 95 PLUS ,C1:6000:GASOHOL 90 PLUS ,C1:6000:GASOHOL 90 PLUS ,C1:6000:GASOHOL 95 PLUS ,C1:6000:Diesel B5 S-50 ,C1:6000:Diesel B5 S-50 ,,,52000.0,13/03/2019,INDEFINIDO,RENZO LECARI CARBONE,0,-12.0815779,-76.96799659999999
1329,201800152881,7947,7947-050-200918,20454321066,COMERCIALIZADORA ECOGAS S.A.C.,"URB. LAS GUINDAS, MZ. C, LOTE Nº 01",AREQUIPA,AREQUIPA,MIRAFLORES,PUESTO DE VENTA DE COMBUSTIBLE - GRIFOS,C1:2400:GASOHOL 95 PLUS ,C1:4000:Diesel B5 S-50 ,C1:2000:GASOHOL 90 PLUS ,,,,,,,,8400.0,20/09/2018,INDEFINIDO,LOURDES PETRONILA RIVERO BENAVENTE,0,-16.3901608,-71.51871129999999
1330,201400076301,18842,18842-050-030714,20487107434,GRIFO VIRGEN DE COCHARCAS E.I.R.L.,AV. FIDEL MIRANDA S/N. BARRIO SAN PEDRO,JUNIN,HUANCAYO,SAPALLANGA,PUESTO DE VENTA DE COMBUSTIBLE - GRIFOS,C1:2000:GASOHOL 90 PLUS ,C1:2000:DIESEL B5 ,,,,,,,,,4000.0,3/07/2014,INDEFINIDO,DARIO ABELARDO MARMANILLO PEREZ,0,-12.1344366,-75.1686432
1331,201700116623,130701,130701-050-030817,20600014910,SERVICENTRO M&H S.A.C,"PARAJE PATA HUACCTA KM. 152 + 380 CARRETERA PUQUIO - NAZCA, JURISDICCIÓN DEL BARRIO CCAYAO",AYACUCHO,LUCANAS,PUQUIO,ESTACIONES DE SERVICIOS,C1:5200:Diesel B5 S-50 ,C1:2600:GASOHOL 97 PLUS ,C1:3900:GASOHOL 90 PLUS ,C1:4100:Diesel B5 S-50 ,C1:5100:Diesel B5 S-50 ,C1:3000:GASOHOL 95 PLUS ,,,,,23900.0,3/08/2017,INDEFINIDO,REYNER DARIO MURIEL HUAMANCHA,0,-14.6957312,-74.129178
1332,202300025524,94134,94134-050-080223,20450131891,SERVICENTRO ALICIA S.R.L.,CARRETERA YURIMAGUAS-TARAPOTO KM 3.5,LORETO,ALTO AMAZONAS,YURIMAGUAS,PUESTO DE VENTA DE COMBUSTIBLE - GRIFOS,C1:7880:DIESEL B5 ,C1:4000:GASOLINA 84 C2:4000:GASOLINA 90 ,,,,,,,,,15880.0,8/02/2023,INDEFINIDO,JOSE DEL CARMEN DAMIAN SANDOVAL,0,-5.9025614,-76.1575515
1333,202300043539,84722,84722-050-300323,20608959522,ESTACION DE SERVICIOS MEXICO E.I.R.L.,AV. PAKAMUROS N° 1290,CAJAMARCA,JAEN,JAEN,ESTACIONES DE SERVICIOS,C1:4000:Diesel B5 S-50 ,C1:2500:GASOHOL REGULAR ,C1:1500:GASOHOL 84 PLUS ,,,,,,,,8000.0,26/03/2023,INDEFINIDO,CESAR CABREJOS PEREZ,0,-5.7043019,-78.8040516
1334,201900039781,14829,14829-050-150319,20448744745,SERVICENTRO FAVORITA CAR S.R.L.,"ESQUINA AV. CIRCUNVALACION N° 1207 CON JR. TUMBES, URB. SAN JOSE I ETAPA",PUNO,SAN ROMAN,JULIACA,PUESTO DE VENTA DE COMBUSTIBLE - GRIFOS,C1:2200:GASOHOL 84 PLUS C2:2200:GASOHOL 95 PLUS ,C1:3500:Diesel B5 S-50 ,C1:3500:GASOHOL 90 PLUS ,,,,,,,,11400.0,15/03/2019,INDEFINIDO,NORLY PAMELA ARAMAYO HUARHUA,0,-15.4954846,-70.120181
1335,202000006825,7074,7074-050-140120,20602315461,COMERCIO E INVERSIONES LAS PALMAS S.A.C,CARRETERA CENTRAL KM. 22.5,JUNIN,CONCEPCION,CONCEPCION,PUESTO DE VENTA DE COMBUSTIBLE - GRIFOS,C1:3513:GASOHOL 95 PLUS ,C1:1164:GASOHOL 90 PLUS ,C1:6100:Diesel B5 S-50 ,C1:2886:Diesel B5 S-50 ,C1:1337:SIN PRODUCTO ,,,,,,15000.0,14/01/2020,INDEFINIDO,LUZMILA MALPICA GUTIERREZ,240,-11.9172346,-75.3230323
1336,201900211803,8961,8961-050-221219,20136097131,SERVICENTRO DE TRANSPORTISTAS DE LA PROVINCIA DE PACASMAYO S.A.,CARRETERA PANAMERICANA NORTE KM. 666 ZONA INDUSTRIAL PACASMAYO,LA LIBERTAD,PACASMAYO,PACASMAYO,ESTACIONES DE SERVICIOS,C1:6000:Diesel B5 S-50 ,C1:6000:GASOHOL 84 PLUS ,C1:2750:GASOHOL 90 PLUS ,C1:2750:GASOHOL 95 PLUS ,C1:2750:SIN PRODUCTO ,C1:3750:Diesel B5 S-50 ,,,,,24000.0,22/12/2019,INDEFINIDO,LUIS JORGE VALDIVIA RAFFO,0,-7.4056277,-79.5568185
1337,201700021827,108779,108779-050-070317,20600018354,PETRO INTI S.A.C.,AV. 28 DE JULIO S/N ,AYACUCHO,PAUCAR DEL SARA SARA,MARCABAMBA,PUESTO DE VENTA DE COMBUSTIBLE - GRIFOS,C1:800:GASOHOL 95 PLUS ,C1:1190:GASOHOL 90 PLUS ,C1:2800:Diesel B5 S-50 ,,,,,,,,4790.0,7/03/2017,INDEFINIDO,JANIO INOCENCIO QUISPE RAFAEL ,240,-15.2817177,-73.3445538
1338,202200068481,159062,159062-050-300422,20606489821,COMBUSTIBLES JESUS DAVID & SERVICIOS GENERALES E.I.R.L.,CALLE BERNAL MZA. 68 LOTE 119,PIURA,SULLANA,BELLAVISTA,PUESTO DE VENTA DE COMBUSTIBLE - GRIFOS,C1:4000:GASOHOL 90 PLUS C2:2000:GASOHOL 84 PLUS ,C1:3000:Diesel B5 S-50 ,,,,,,,,,9000.0,30/04/2022,INDEFINIDO,JOSE MARTIN QUEZADA VALDIVIEZO,0,-4.8898546,-80.6742734
1339,201900139654,146204,146204-050-030919,20103921873,SERVICENTRO BELEN S.R.LTDA.,CARRETERA RUMOCOCHA KM. 1.75,LORETO,MAYNAS,SAN JUAN BAUTISTA,ESTACIONES DE SERVICIOS,C1:5000:GASOLINA 84 ,C1:3000:DIESEL B5 ,C1:1500:GASOLINA 90 ,,,,,,,,9500.0,3/09/2019,INDEFINIDO,DANIEL CARDENAS VILLACORTA,0,-3.781856899999999,-73.3128921
1340,202100257705,8576,8576-050-201221,20531380399,SANTA ROSA E.I.R.L.,AV. CARRETERA MARGINAL OESTE N° 800-802,SAN MARTIN,RIOJA,RIOJA,ESTACIONES DE SERVICIOS,C1:9300:Diesel B5 S-50 ,C1:9300:GASOLINA 90 ,C1:3000:GASOLINA 84 ,C1:3000:GASOLINA 95 ,,,,,,,24600.0,20/12/2021,INDEFINIDO,LUIS ENRIQUE SANTILLAN CHAVEZ,0,-6.057048399999999,-77.1657716
1341,201700218281,114427,114427-050-261217,20481922462,VEDESCAH S.A.C.,CALLE COMERCIO S/N BARRIO NUEVA ESPERANZA,LA LIBERTAD,PATAZ,HUAYLILLAS,PUESTO DE VENTA DE COMBUSTIBLE - GRIFOS,"C1:0:DIESEL B5,Diesel B5 S-50 ",C1:770:GASOHOL 90 PLUS ,"C1:3370:DIESEL B5,Diesel B5 S-50 ",,,,,,,,4140.0,26/12/2017,INDEFINIDO,NILSA ARACELLY GENOVEZ FLORES,720,-8.1933701,-77.31851929999999
1342,202300105367,139602,139602-050-080523,20610288864,SERVICENTROS VICCEL SOCIEDAD ANONIMA CERRADA,MZ. A LOTE 1 DEL CENTRO POBLADO UNIÓN JUNIN,JUNIN,SATIPO,RIO TAMBO,PUESTO DE VENTA DE COMBUSTIBLE - GRIFOS,C1:5200:Diesel B5 S-50 ,C1:3225:GASOHOL REGULAR C2:3225:GASOHOL REGULAR ,,,,,,,,,11650.0,8/05/2023,INDEFINIDO,SILVA TITO ENNA SHEYLA KAREM,0,-11.0172296,-74.2958647
1343,201900204094,18639,18639-050-101219,20127765279,COESTI S.A.,AV. REPÚBLICA DE PANAMÁ N° 5160 ,LIMA,LIMA,SURQUILLO,ESTACIONES DE SERVICIOS,C1:6000:Diesel B5 S-50 ,C1:4000:GASOHOL 97 PLUS C2:2000:SIN PRODUCTO ,C1:6000:GASOHOL 90 PLUS ,C1:6000:GASOHOL 95 PLUS ,C1:3000:SIN PRODUCTO ,,,,,,27000.0,10/12/2019,INDEFINIDO,ABRAHAM HUGO CALDERON MAVILA,720,-12.115878,-77.01858419999999
1344,202000188877,7545,7545-050-130121,20270287728,GRIFO MICHELL E.I.R.L.,AV. SAN MARTIN N° 228,LAMBAYEQUE,LAMBAYEQUE,MOCHUMI,PUESTO DE VENTA DE COMBUSTIBLE - GRIFOS,C1:2489:GASOHOL 95 PLUS C2:1940:GASOHOL 84 PLUS ,C1:3709:GASOHOL 90 PLUS ,C1:4558:Diesel B5 S-50 ,C1:1125:SIN PRODUCTO ,,,,,,,13821.0,13/01/2021,INDEFINIDO,VICENTE PAICO TEJADA,0,-6.7028465,-79.9052367
1345,202000175766,82419,82419-050-301120,10421612914,EVER JUNIOR CARRASCO ORTEGA,AV. 25 DE ENERO (ANTES 22 DE AGOSTO) SUB LOTE 5A Y 5D ESQUINA CALLE HACIENDA URB. INFANTAS,LIMA,LIMA,SAN MARTIN DE PORRES,PUESTO DE VENTA DE COMBUSTIBLE - GRIFOS,C1:2001:Diesel B5 S-50 C2:6000:Diesel B5 S-50 ,C1:3002:GASOHOL 95 PLUS ,C1:3002:GASOHOL 90 PLUS ,C1:3002:SIN PRODUCTO ,,,,,,,17007.0,30/11/2020,INDEFINIDO,EVER JUNIOR CARRASCO ORTEGA,0,-11.9435659,-77.06759919999999
1346,202000060667,93209,93209-050-300520,20526112700,ESTACION DE SERVICIOS JANS S.R.L.,CALLE 02 DE MAYO Nº 733,PIURA,HUANCABAMBA,HUANCABAMBA,ESTACIONES DE SERVICIOS,C1:3000:Diesel B5 S-50 ,C1:3000:GASOHOL 84 PLUS ,C1:2000:GASOHOL 90 PLUS ,,,,,,,,8000.0,30/05/2020,INDEFINIDO,RAMIREZ PALACIOS JOSE DOMINGO,0,-5.238991299999999,-79.4506989
1347,201900126171,9287,9287-050-050819,20453743439,GRIFOS LAYZON S.A.C.,AV. INDEPENDENCIA N° 1075,CAJAMARCA,CAJAMARCA,CAJAMARCA,ESTACIONES DE SERVICIOS,C1:10000:Diesel B5 S-50 ,C1:3000:GASOHOL 95 PLUS ,C1:8500:GASOHOL 90 PLUS ,,,,,,,,21500.0,5/08/2019,INDEFINIDO,NELSON ENRIQUE SEVILLANO LOZADA,0,-7.1743592,-78.5124464
1348,202100131038,149162,149162-050-010921,10055809106,CARDENAS OCAMPO EMERSON AUGUSTO,CALLE AMAZONAS ESQUINA CON CALLE JOSE CARDENAS,LORETO,ALTO AMAZONAS,LAGUNAS,PUESTO DE VENTA DE COMBUSTIBLE - GRIFOS,C1:1500:GASOLINA 90 C2:2000:GASOLINA 84 ,,,,,,,,,,3500.0,1/09/2021,INDEFINIDO,CARDENAS OCAMPO EMERSON AUGUSTO,0,-5.2268968,-75.6736828
1349,202300056669,133004,133004-050-210323,10435116588,CRISPIN REYMUNDO HECTOR,AV. ERNESTO MORALES S/N MZ. K LOTE 5,HUANCAVELICA,HUANCAVELICA,ASCENSION,ESTACIONES DE SERVICIOS,C1:6000:Diesel B5 S-50 ,C1:3000:GASOHOL PREMIUM C2:3000:GASOHOL REGULAR ,,,,,,,,,12000.0,21/03/2023,INDEFINIDO,CRISPIN REYMUNDO HECTOR,120,-12.7822122,-74.9852711
1350,201700127953,7688,7688-050-160817,20516796520,GASISA CORPORACIÓN CONSTRUCTORA S.A.C.,AV. LOS PROCERES N° 809 - 918 SECTOR SAN JUAN,PASCO,PASCO,YANACANCHA,PUESTO DE VENTA DE COMBUSTIBLE - GRIFOS,C1:6000:Diesel B5 S-50 ,C1:6000:Diesel B5 S-50 ,C1:3100:GASOHOL 95 PLUS C2:3100:GASOHOL 90 PLUS ,C1:3100:GASOHOL 90 PLUS ,,,,,,,21300.0,16/08/2017,INDEFINIDO,DAYANA MAFALDA GAGO SINCHE,200,-10.6625492,-76.25216499999999
1351,202300028563,21203,21203-050-020323,20601912750,TRANSPORTES GENERALES J & F S.A.C.,"MZ D, LOTE 2 (INTERSECCION DE AV. CANTA CALLAO Y AV. LOS OLIVOS) ASOCIACION DE VIVIENDA MONTE AZUL",LIMA,LIMA,SAN MARTIN DE PORRES,PUESTO DE VENTA DE COMBUSTIBLE - GRIFOS,C1:6000:Diesel B5 S-50 ,C1:4000:GASOHOL PREMIUM ,C1:2000:GASOHOL REGULAR ,C1:4500:GASOHOL PREMIUM ,,,,,,,16500.0,2/03/2023,INDEFINIDO,DIANA CRISTINA HUANEY BAZAN,0,-11.9827506,-77.0850949
1352,202300091292,129053,129053-050-100523,10403931450,MANUEL PINEDA MUÑOZ,"AV. N° 1 CARRETERA PANAMERICANA S/N LOTES 2,3,4,5,22,23,24 Y 25 MZ. D",PUNO,MELGAR,AYAVIRI,PUESTO DE VENTA DE COMBUSTIBLE - GRIFOS,C1:4000:Diesel B5 S-50 ,C1:2247:GASOHOL REGULAR ,C1:1198:GASOHOL PREMIUM ,,,,,,,,7445.0,10/05/2023,INDEFINIDO,MANUEL PINEDA MUÑOZ,0,-14.8842942,-70.5889612
1353,202100233860,158521,158521-050-041121,10023834346,QUISPE CATY JULIAN,CARRETERA CALAPUJA AZANGARO KM 2+630 PARCIALIDAD COLLANA SAN SEBASTIAN,PUNO,LAMPA,CALAPUJA,PUESTO DE VENTA DE COMBUSTIBLE - GRIFOS,C1:6000:Diesel B5 S-50 ,C1:6000:Diesel B5 S-50 ,C1:2000:GASOHOL 84 PLUS ,C1:2000:GASOHOL 90 PLUS ,,,,,,,16000.0,4/11/2021,INDEFINIDO,QUISPE CATY JULIAN,0,-15.3136824,-70.2229286
1354,202000157483,19872,19872-050-021120,20490107372,SERVICENTRO SICUANI SOCIEDAD COMERCIAL DE RESPONSABILIDAD LIMITADA,PROLONGACION AV. AREQUIPA S/N SECTOR SAN ANDRES CHECA,CUSCO,CANCHIS,SICUANI,ESTACIONES DE SERVICIOS,C1:4000:GASOHOL 90 PLUS ,C1:4000:GASOHOL 95 PLUS ,C1:4000:Diesel B5 S-50 ,C1:8000:Diesel B5 S-50 ,,,,,,,20000.0,2/11/2020,INDEFINIDO,BENEDICTA JACINTO CCARITA ,0,-14.2881492,-71.2248829
1355,202000104416,41565,41565-050-310820,20530751857,INVERSIONES ALABAZ S.A.C.,AV. CHANCHAY 101 - HUARAL (ESQUINA CON 2 DE MAYO),LIMA,HUARAL,HUARAL,ESTACIONES DE SERVICIOS,C1:3000:Diesel B5 S-50 C2:1000:Diesel B5 S-50 ,C1:2000:GASOHOL 90 PLUS C2:1000:GASOHOL 95 PLUS ,,,,,,,,,7000.0,31/08/2020,INDEFINIDO,GUSTAVO BAUTISTA PUMAYAURE,240,-11.4966401,-77.2091555
1356,201800190093,18864,18864-050-191118,20603737823,ESTACION DE SERVICIOS LUCOCIZA S.A.C.,AV. PACHACUTEC N° 3601,LIMA,LIMA,VILLA MARIA DEL TRIUNFO,ESTACIONES DE SERVICIOS,C1:9000:Diesel B5 S-50 ,C1:9000:GASOHOL 84 PLUS ,C1:4500:GASOHOL 90 PLUS C2:4500:GASOHOL 97 PLUS ,C1:4500:GASOHOL 95 PLUS C2:4500:SIN PRODUCTO ,,,,,,,36000.0,19/11/2018,INDEFINIDO,HELMUT CIEZA GUILLEN,0,-12.1788735,-76.9440071
1357,202000191814,7416,7416-050-201220,20277127548,COMBUSTIBLES Y SERVICIOS S.R.L.,AV. LUIS MONTERO S/N (ANTES AV. SAN PEDRO Nº 339) URB. MIRAFLORES I ETAPA,PIURA,PIURA,CASTILLA,ESTACIONES DE SERVICIOS,C1:5500:GASOHOL 90 PLUS ,C1:3500:GASOHOL 84 PLUS ,C1:3500:GASOHOL 95 PLUS ,C1:5500:Diesel B5 S-50 ,C1:3000:SIN PRODUCTO ,,,,,,21000.0,20/12/2020,INDEFINIDO,MIGUEL ANGEL CHAVARRY MONTES ,0,-5.1937455,-80.6182095
1358,201700109879,103059,103059-050-120717,10233627726,LUCINDA LLIMPE RODRIGUEZ,JR LIMA S/N,HUANCAVELICA,ACOBAMBA,ACOBAMBA,PUESTO DE VENTA DE COMBUSTIBLE - GRIFOS,C1:2500:Diesel B5 S-50 C2:1500:GASOHOL 90 PLUS C3:900:GASOHOL 90 PLUS ,,,,,,,,,,4900.0,12/07/2017,INDEFINIDO,LUCINDA LLIMPE RODRIGUEZ,0,-12.8457801,-74.5669026
1359,202200188358,9466,9466-050-191022,20538377512,ESTACION DE SERVICIOS OIL STAR S.A.C.,"AUTOPISTA CHILLON-TRAPICHE EX FUNDO CHACRA CERRO, LOTE 57",LIMA,LIMA,COMAS,ESTACIONES DE SERVICIOS,C1:3500:GASOHOL 90 PLUS C2:2500:GASOHOL 95 PLUS ,C1:6000:Diesel B5 S-50 ,C1:4460:SIN PRODUCTO ,,,,,,,,16460.0,19/10/2022,INDEFINIDO,MILDRET AYME MORALES LEO,0,-11.9134555,-77.0578964
1360,201900146898,119871,119871-050-230919,20509516341,CORPORACION PERUANA DE COMERCIO Y SERVICIOS S.A.C.,"AV. UNION JICARMARCA S/N MZ. N2 LT. 09 Y 10, AGRUPACION DE POBLADORES SECTOR NORTE, PARTE ALTA, ANEXO 8 ",LIMA,HUAROCHIRI,SAN ANTONIO,ESTACIONES DE SERVICIOS,C1:6000:Diesel B5 S-50 ,C1:2000:GASOHOL 90 PLUS ,C1:2000:GASOHOL 95 PLUS ,,,,,,,,10000.0,23/09/2019,INDEFINIDO,MANUEL GODOY MALLQUI,0,-11.9756313,-76.94099489999999
1361,202300102456,147649,147649-050-050523,20605666125,CORPORACION ESIMAX SOCIEDAD ANONIMA CERRADA,CARRETERA DESVIO SALVIANI - AJOYANI KM. 0+100 PREDIO BELLAVISTA SUB LOTE N° 16-1,PUNO,CARABAYA,AJOYANI,PUESTO DE VENTA DE COMBUSTIBLE - GRIFOS,C1:4000:Diesel B5 S-50 ,C1:2000:GASOHOL PREMIUM ,C1:2000:GASOHOL REGULAR ,C1:4000:Diesel B5 S-50 ,,,,,,,12000.0,5/05/2023,INDEFINIDO,CHUCHI VILCA MAGNO IVON,0,-14.1,-70.2
1362,202300103113,108749,108749-050-100523,20531570929,GRIFO SAN JUAN S.R.L.,MZ. 2 LOTE 1 INTERSECCION DE LAS CALLES TUPAC AMARU Y ZOILA PEREA - URB. SAN JUAN,LORETO,ALTO AMAZONAS,YURIMAGUAS,PUESTO DE VENTA DE COMBUSTIBLE - GRIFOS,C1:1150:GASOLINA REGULAR C2:2300:GASOLINA 84 C3:2300:DIESEL B5 ,,,,,,,,,,5750.0,10/05/2023,INDEFINIDO,MAX JORGE LOZANO COQUINCHE,0,-5.9037127,-76.1058493
1363,201900026394,103914,103914-050-180219,10195722795,ROSA JUANA LLAURY VILLANUEVA,"AV. ANTONIO SALAZAR S/N KM. 12 CARRETERA HUAMACHUCO-CAJABAMBA, CASERIO LAGUNA SAUSACOCHA",LA LIBERTAD,SANCHEZ CARRION,HUAMACHUCO,ESTACIONES DE SERVICIOS,C1:3000:Diesel B5 S-50 ,C1:3000:GASOHOL 90 PLUS ,C1:1100:GASOHOL 97 PLUS ,C1:2200:GASOHOL 95 PLUS ,C1:3300:GASOHOL 90 PLUS ,C1:6000:Diesel B5 S-50 ,,,,,18600.0,18/02/2019,INDEFINIDO,ROSA JUANA LLAURY VILLANUEVA,720,-7.620956899999999,-78.0452217
1364,202200021844,15728,15728-050-280222,20100075858,GRIFO SAN IGNACIO S.A.C,"PANAMERICANA SUR KM. 975, SECTOR SAN JOSE",AREQUIPA,AREQUIPA,LA JOYA,ESTACIONES DE SERVICIOS,C1:12000:Diesel B5 S-50 ,C1:12000:Diesel B5 S-50 ,C1:12000:Diesel B5 S-50 ,C1:6000:GASOHOL 95 PLUS C2:6000:GASOHOL 95 PLUS ,C1:6000:GASOHOL 97 PLUS C2:6000:GASOHOL 90 PLUS ,,,,,,60000.0,24/02/2022,INDEFINIDO,CESAR AUGUSTO VALDIVIA OCAMPO,0,-15.8759067,-74.1732662
1365,202100271168,21184,21184-050-250122,20605249672,COMBUSTIBLES Y LUBRICANTES EL SOL S.A.C.,"AV. AMERICA SUR N° 2002, URB. SANTA MARIA",LA LIBERTAD,TRUJILLO,TRUJILLO,PUESTO DE VENTA DE COMBUSTIBLE - GRIFOS,C1:5000:Diesel B5 S-50 ,C1:5000:Diesel B5 S-50 ,C1:3000:Diesel B5 S-50 ,C1:3000:GASOHOL 90 PLUS ,C1:3000:GASOHOL 95 PLUS ,,,,,,19000.0,25/01/2022,INDEFINIDO,LUIS MANUEL CAMPOS PONCE,720,-8.1198376,-79.019498
1366,201900085794,18374,18374-050-290519,20604704732,LA FLORIDA LOMAS S.A.C.,CARRETERA PANAMERICANA SUR KM. 528,AREQUIPA,CARAVELI,LOMAS,ESTACIONES DE SERVICIOS,C1:3600:Diesel B5 S-50 ,C1:1800:GASOHOL 95 PLUS ,C1:1800:GASOHOL 90 PLUS ,,,,,,,,7200.0,29/05/2019,INDEFINIDO,ANGELA ROSARIO ESPINO SALCEDO,0,-15.4786325,-74.863338
1367,201600171838,85087,85087-050-151216,10274200664,OSCAR ULISES NUÑEZ HEREDIA,CALLE CARLOS CATAÑEDA MZ 144 LOTE 1 N° 901 PUEBLO JOVEN URRUNAGA SECTOR IV,LAMBAYEQUE,CHICLAYO,JOSE LEONARDO ORTIZ,PUESTO DE VENTA DE COMBUSTIBLE - GRIFOS,"C1:2000:DIESEL B5,Diesel B5 S-50 ",C1:2000:GASOHOL 84 PLUS ,C1:1000:GASOHOL 90 PLUS ,,,,,,,,5000.0,15/12/2016,INDEFINIDO,OSCAR ULISES NUÑEZ HEREDIA,0,-6.7538819,-79.8306596
1368,201900057779,142558,142558-050-220419,10316591481,RODOLFO BENJAMIN GARCIA RAMIREZ,"CARRETERA HUARAZ – CASMA S/N, SECTOR EL MILAGRO",ANCASH,HUARAZ,INDEPENDENCIA,ESTACIONES DE SERVICIOS,C1:3000:Diesel B5 S-50 ,C1:1500:GASOHOL 90 PLUS ,C1:1500:GASOHOL 95 PLUS ,,,,,,,,6000.0,22/04/2019,INDEFINIDO,RODOLFO BENJAMIN GARCIA RAMIREZ,720,-9.506762199999999,-77.53363790000002
1369,201700080139,128781,128781-050-270617,20503840121,REPSOL COMERCIAL S.A.C. ,CARRETERA PANAMERICANA SUR KM 88 ,LIMA,CAÑETE,MALA,ESTACIONES DE SERVICIOS,C1:6000:Diesel B5 S-50 ,C1:6000:GASOHOL 90 PLUS ,C1:3000:GASOHOL 95 PLUS C2:3000:GASOHOL 98 PLUS ,,,,,,,,18000.0,27/06/2017,INDEFINIDO,VICTOR GONZALO CASTILLO OVIEDO,0,-12.695988,-76.642725
1370,1510503,94465,94465-050-111111,20487741486,GRIFO'S SAMIRA S.A.C.,CARRETERA JAEN - SAN IGNACIO KM. 40 ENTRADA A CPM LA FLORESTA,CAJAMARCA,JAEN,BELLAVISTA,PUESTO DE VENTA DE COMBUSTIBLE - GRIFOS,C1:4095:DIESEL B5 ,C1:4080:GASOHOL 84 PLUS ,C1:3970:GASOHOL 90 PLUS ,,,,,,,,12145.0,11/11/2011,INDEFINIDO,JULIO ALVARADO NUÑEZ,0,-5.5555612,-78.8076668
1371,201900037925,84583,84583-050-120319,20490119389,INVERSIONES GRIFO MARANGANI EMPRESA INDIVIDUAL DE RESPONSABILIDAD LIMITADA,CHECTUYOC SECTOR CHAUPI QQUECHAPAMPA CARRETERA PANAMERICANA,CUSCO,CANCHIS,MARANGANI,PUESTO DE VENTA DE COMBUSTIBLE - GRIFOS,C1:3900:Diesel B5 S-50 ,C1:2400:GASOHOL 90 PLUS ,,,,,,,,,6300.0,12/03/2019,INDEFINIDO,PILAR MERMA MERMA ,0,-14.3290556,-71.1949484
1372,201800174415,7454,7454-050-191018,20458728667,CORPORACION CEMOA S.A.C. ,AV. CARABAYLLO 1318 URB. LOS VIÑEDOS,LIMA,LIMA,COMAS,PUESTO DE VENTA DE COMBUSTIBLE - GRIFOS,C1:5000:Diesel B5 S-50 ,C1:2000:GASOHOL 90 PLUS ,C1:2000:GASOHOL 97 PLUS ,C1:2000:GASOHOL 95 PLUS ,,,,,,,11000.0,19/10/2018,INDEFINIDO,JOISSY MILAGROS MONTESINOS PAREDES,0,-11.9487993,-77.0551492
1373,202000189415,98665,98665-050-221220,10247053111,MARCOSA SAICO SUMIRE,"PREDIO SANTA ISABEL, FRACCION DE LA U.C. 313284, A 1.1. KM. DEL POBLADO DE QUINCEMIL, CARRETERA INTEROCENICA",CUSCO,QUISPICANCHI,CAMANTI,PUESTO DE VENTA DE COMBUSTIBLE - GRIFOS,C1:7800:Diesel B5 S-50 ,C1:7800:Diesel B5 S-50 ,C1:5250:GASOHOL 95 PLUS ,C1:5250:GASOHOL 90 PLUS ,,,,,,,26100.0,22/12/2020,INDEFINIDO,MARCOSA SAICO SUMIRE,0,-13.2312598,-70.754511
1374,202000110238,34285,34285-050-280820,20531545142,GRIFO FLOTANTE SATELITE S.R.L.,"CALLE FRANCISCO BARDALES N° 920, ESQUINA CALLE JORGE CHAVEZ",LORETO,ALTO AMAZONAS,YURIMAGUAS,PUESTO DE VENTA DE COMBUSTIBLE - GRIFOS,C1:6500:GASOLINA 84 ,C1:6500:GASOLINA 90 ,,,,,,,,,13000.0,28/08/2020,INDEFINIDO,JORGE MIGUEL CORAL TUESTA,0,-5.8877477,-76.1096433
1375,201800163242,31924,31924-050-011018,10271645541,GERMAN NUREÑA PRETEL,CARRETERA TEMBLADERA - CAJAMARCA KM 64 CASERIO YATAHUAL,CAJAMARCA,CONTUMAZA,YONAN,ESTACIONES DE SERVICIOS,C1:1000:GASOHOL 95 PLUS ,C1:1000:Diesel B5 S-50 ,C1:1700:Diesel B5 S-50 ,C1:1200:GASOHOL 90 PLUS ,,,,,,,4900.0,1/10/2018,INDEFINIDO,GERMAN NUREÑA PRETEL,0,-7.2538172,-79.129784
1376,202000197772,96814,96814-050-271220,20490414038,SERVICENTRO ARAGON S.R.L,PROLONGACION AV. AMAZONAS S/N - SECTOR ERAPAMPA ,CUSCO,CALCA,PISAC,ESTACIONES DE SERVICIOS,C1:4000:GASOHOL 95 PLUS ,C1:4000:Diesel B5 S-50 ,C1:3000:GASOHOL 90 PLUS ,,,,,,,,11000.0,27/12/2020,INDEFINIDO,PERCY ARAGON ROJAS ,0,-13.4219632,-71.8555768
1377,202200231808,114682,114682-050-201122,20604964157,GRIFO Y ESTACIONES MI LEYDI DOS E.I.R.L.,"AV. CAHUIDE N° 104, PEDRO RUIZ",AMAZONAS,BONGARA,JAZAN,ESTACIONES DE SERVICIOS,C1:6000:Diesel B5 S-50 ,C1:2000:GASOLINA 90 ,C1:2000:GASOLINA 90 ,C1:2000:GASOLINA 95 ,,,,,,,12000.0,20/11/2022,INDEFINIDO,RAMIRO CULQUI VIGO,0,-5.943541199999999,-77.9767202
1378,202000116652,45510,45510-050-040920,20230767131,PROVEEDORA DEL SUR E.I.R.L.,CARRETERA PUERTO MALDONADO - LABERINTO KM. 5 (SECTOR LA PASTORA),MADRE DE DIOS,TAMBOPATA,TAMBOPATA,ESTACIONES DE SERVICIOS,C1:5000:GASOLINA 90 ,C1:5000:GASOLINA 84 ,C1:5000:Diesel B5 S-50 ,,,,,,,,15000.0,4/09/2020,INDEFINIDO,JULIO ALI FIGUEROA GONZALES,720,-12.5808749,-69.2032425
1379,202000001799,131969,131969-050-070120,10272844025,FRANCISCO MEJIA GUEVARA,AV. SAN JUAN N° 1186,CAJAMARCA,CUTERVO,CUTERVO,PUESTO DE VENTA DE COMBUSTIBLE - GRIFOS,C1:2056:Diesel B5 S-50 C2:2056:GASOHOL 84 PLUS ,C1:2154:GASOHOL 90 PLUS ,C1:2187:GASOHOL 95 PLUS ,,,,,,,,8453.0,7/01/2020,INDEFINIDO,FRANCISCO MEJIA GUEVARA,0,-6.3883662,-78.8170513
1380,201800196913,115870,115870-050-061218,20600045548,JEVARO CENTRO ORIENTE S.A.C.,AV. LAS PALMERAS ESQ. JR. JOSE GALVEZ MZ. 238 LT. 17,UCAYALI,CORONEL PORTILLO,YARINACOCHA,PUESTO DE VENTA DE COMBUSTIBLE - GRIFOS,C1:2775:GASOLINA 84 C2:2775:GASOLINA 95 ,C1:2778:GASOLINA 90 C2:2778:GASOLINA 90 ,C1:5571:DIESEL B5 ,,,,,,,,16677.0,11/12/2018,INDEFINIDO,JOANA LOURDES VENEGAS GUILLEN,0,-8.3645902,-74.5726065
1381,201800016226,133747,133747-050-080218,10024144220,JHON FRANCISCO CARPIO NUÑEZ,AV PANAMERICANA S/N CARRETERA JULIACA-AREQUIPA,PUNO,LAMPA,SANTA LUCIA,ESTACIONES DE SERVICIOS,C1:4003:Diesel B5 S-50 ,C1:3461:GASOHOL 84 PLUS ,C1:2950:GASOHOL 90 PLUS ,C1:2950:GASOHOL 95 PLUS ,,,,,,,13364.0,8/02/2018,INDEFINIDO,JHON FRANCISCO CARPIO NUÑEZ,720,-15.8759768,-74.1731891
1382,201700138479,8654,8654-050-021017,20352280802,COMBUSTIBLES DEL ORIENTE SAC.,AV. SAN MARTIN Nº 899,UCAYALI,CORONEL PORTILLO,CALLERIA,ESTACIONES DE SERVICIOS,C1:9000:DIESEL B5 ,C1:9000:GASOHOL 97 PLUS ,C1:7500:GASOLINA 90 ,,,,,,,,25500.0,6/09/2017,INDEFINIDO,ARIAS VICUÑA GUIDO JAIME,0,-8.3889613,-74.5343737
1383,201900173442,8949,8949-050-291019,10040721172,ESPINOZA DE PALACIOS ANTONIETA LUZ,AV. LOS PROCERES Nº 911 SAN JUAN,PASCO,PASCO,YANACANCHA,ESTACIONES DE SERVICIOS,C1:6000:Diesel B5 S-50 ,C1:4036:GASOHOL 90 PLUS C2:2018:GASOHOL 90 PLUS ,C1:1773:GASOHOL 95 PLUS ,,,,,,,,13827.0,29/10/2019,INDEFINIDO,ESPINOZA DE PALACIOS ANTONIETA LUZ,0,-10.6625492,-76.25216499999999
1384,202200021836,6767,6767-050-180422,20100075858,GRIFO SAN IGNACIO S.A.C.,CARRETERA CENTRAL KM. 20.8,LIMA,LIMA,CHACLACAYO,ESTACIONES DE SERVICIOS,C1:9000:Diesel B5 S-50 ,C1:9000:Diesel B5 S-50 ,C1:8000:Diesel B5 S-50 ,C1:8000:SIN PRODUCTO ,C1:6000:GASOHOL 95 PLUS ,C1:6000:GASOHOL 90 PLUS ,C1:6000:GASOHOL 97 PLUS ,,,,52000.0,11/04/2022,INDEFINIDO,ANA PATRICIA ESPINOZA VASQUEZ,0,-11.9802175,-76.7896523
1385,201500058623,113128,113128-050-140515,10068785672,GUTIERREZ TERNERO ROBERTO ,"AV. LOS INCAS ESQUINA CON AV. SINCHI ROCA, MZ. A, LT. 18",LIMA,LIMA,COMAS,PUESTO DE VENTA DE COMBUSTIBLE - GRIFOS,C1:6000:Diesel B5 S-50 C2:2000:GASOHOL 97 PLUS ,C1:2000:GASOHOL 95 PLUS C2:2000:GASOHOL 90 PLUS ,,,,,,,,,12000.0,14/05/2015,INDEFINIDO,GUTIERREZ TERNERO ROBERTO ,0,-11.9829047,-77.09050599999999
1386,201600134382,7823,7823-050-181016,20115619692,COMUNIDAD CAMPESINA DE CATAC,CARRETERA PATIVILCA - HUARAZ KM 164 VILLA TURISTICA CATAC - SECTOR LLACSHAHUANCA,ANCASH,RECUAY,CATAC,ESTACIONES DE SERVICIOS,C1:3000:GASOHOL 90 PLUS ,C1:3000:GASOHOL 84 PLUS ,"C1:3000:DIESEL B5,Diesel B5 S-50 ","C1:3000:DIESEL B5,Diesel B5 S-50 ","C1:6000:DIESEL B5,Diesel B5 S-50 ",C1:4000:GASOHOL 95 PLUS ,C1:4000:GASOHOL 90 PLUS ,,,,26000.0,18/10/2016,INDEFINIDO,ESPIRITU ROMERO JUAN GERMAN,0,-10.0916968,-77.2959977
1387,202300079775,137287,137287-050-170423,20568021852,NEGOCIOS Y SERVICENTRO MELGAR S.A.C.,"ANEXO PACCALLE S/N., DEL CENTRO POBLADO PACCALLE- CARRETERA HUANCAYO-AYACUCHO KM. 290.",HUANCAVELICA,CHURCAMPA,EL CARMEN,ESTACIONES DE SERVICIOS,C1:8000:Diesel B5 S-50 ,C1:3000:GASOHOL REGULAR ,C1:3000:GASOHOL REGULAR ,C1:2700:GASOHOL PREMIUM ,,,,,,,16700.0,17/04/2023,INDEFINIDO,ROSALVINA ELSA PACHECO ARISTE,0,-12.7643797,-74.5131917
1388,202200246167,7227,7227-050-061222,20601584001,GRUPO EMPRESARIAL MDM E.I.R.L.,PAMPA INALAMBRICA KM. 40-41,MOQUEGUA,ILO,ILO,ESTACIONES DE SERVICIOS,C1:9215:Diesel B5 S-50 ,C1:9215:Diesel B5 S-50 ,C1:9215:GASOHOL 90 PLUS ,C1:9215:GASOHOL 95 PLUS ,C1:9215:GASOHOL 97 PLUS ,,,,,,46075.0,6/12/2022,INDEFINIDO,JUAN ANDRES DAVILA BUSTAMANTE,0,-17.6481329,-71.3171162
1389,202200184673,14456,14456-050-081122,10282973095,HINOSTROZA HUAMAN GERARDO,JR. CIRO ALEGRIA N° 588 CON AV. SALVADOR CAVERO,AYACUCHO,HUAMANGA,JESUS NAZARENO,PUESTO DE VENTA DE COMBUSTIBLE - GRIFOS,C1:6000:GASOHOL 95 PLUS ,C1:6000:Diesel B5 S-50 ,C1:6000:GASOHOL 90 PLUS ,,,,,,,,18000.0,8/11/2022,INDEFINIDO,HINOSTROZA HUAMAN GERARDO,0,-13.1569657,-74.2158149
1390,202000098667,7145,7145-050-250820,20479986208,GRIFO MONSEFU E.I.R.L.,AV. MARISCAL CASTILLA NRO 935,LAMBAYEQUE,CHICLAYO,MONSEFU,PUESTO DE VENTA DE COMBUSTIBLE - GRIFOS,C1:4000:GASOHOL 84 PLUS ,C1:4000:Diesel B5 S-50 ,,,,,,,,,8000.0,25/08/2020,INDEFINIDO,SERGIO CABREJOS JARA,240,-6.8745568,-79.8715611
1391,202200021031,144670,144670-050-160222,20450696219,GRIFOS SEÑOR DE CCOYLLORRITTY PATRICIO Y DIEGO EMPRESA INDIVIDUAL DE RESPONSABILIDAD LIMITADA,"A.P.V. NUEVO ECHARATE SANIRIATO MZ. K, LOTE 5",CUSCO,LA CONVENCION,ECHARATE,ESTACIONES DE SERVICIOS,C1:4004:GASOHOL 84 PLUS ,C1:4004:GASOHOL 90 PLUS ,C1:4004:Diesel B5 S-50 ,,,,,,,,12012.0,16/02/2022,INDEFINIDO,MAGDA YESICA CARREÑO ZANABRIA DE VARGAS,0,-12.7756182,-72.59468310000001
1392,201700221774,131185,131185-050-040118,20602215866,GRIFO CAMACHO S.A.C.,CARRETERA FERNANDO BELAÚNDE TERRY MZ G LOTES 5 Y 6,SAN MARTIN,TOCACHE,NUEVO PROGRESO,PUESTO DE VENTA DE COMBUSTIBLE - GRIFOS,"C1:3500:DIESEL B5,Diesel B5 S-50 C2:2000:GASOLINA 95 C3:2000:GASOLINA 90 ",,,,,,,,,,7500.0,4/01/2018,INDEFINIDO,PEDRO ABILO CAMACHO ESPIRITU,720,-8.2347883,-76.4238501
1393,202200086677,118921,118921-050-050822,20600683081,GRIFO VIRGEN DE LAS MERCEDES S.A.C.,KM 43 DE LA CARRETERA CHAPARRA - QUICACHA,AREQUIPA,CARAVELI,CHAPARRA,ESTACIONES DE SERVICIOS,C1:3613:Diesel B5 S-50 ,C1:1806:GASOHOL 90 PLUS ,C1:1204:GASOHOL 95 PLUS ,C1:5200:Diesel B5 S-50 ,,,,,,,11823.0,5/08/2022,INDEFINIDO,OSWALDO ALEJANDRO TAYPE OLIVARES,480,-15.625465,-73.7985281
1394,201300081753,102669,102669-050-260413,10238565567,CLAUDIO GUTIERREZ DELGADO,CALLE PRINCIPAL MZ. B L0TE 07 NUEVA EXPANSION URBANA - PARTE ALTA,MADRE DE DIOS,MANU,HUEPETUHE,PUESTO DE VENTA DE COMBUSTIBLE - GRIFOS,C1:9330:Diesel B5 S-50 ,C1:9330:Diesel B5 S-50 ,C1:9330:Diesel B5 S-50 ,C1:5378:GASOLINA 84 ,,,,,,,33368.0,26/04/2013,INDEFINIDO,CLAUDIO GUTIERREZ DELGADO,0,-13.0258926,-70.6692655
1395,202200224593,139081,139081-050-061222,20603581343,GRIFO PABELLON SOCIEDAD ANONIMA CERRADA - GRIFO PABELLON S.A.C.,"C.P. DE QUELLOUNO, A.P.V. MIRAFLORES MZA. S/N ",CUSCO,LA CONVENCION,QUELLOUNO,PUESTO DE VENTA DE COMBUSTIBLE - GRIFOS,C1:5340:Diesel B5 S-50 ,C1:5340:Diesel B5 S-50 ,C1:2690:GASOHOL 84 PLUS ,C1:5385:GASOHOL 90 PLUS ,,,,,,,18755.0,6/12/2022,6/12/2023,WALTER OCTAVIO LOAIZA AFAN ,0,-12.636091,-72.5568418
1396,202300055918,132962,132962-050-050523,20570671015,MULTISERVICIOS INTEGRACIÓN E.I.R.L.,CENTRO POBLADO NAMBALLE MZA 3 LOTE 6 ,CAJAMARCA,SAN IGNACIO,NAMBALLE,GRIFO VIA PUBLICA,C1:8000:Diesel B5 S-50 ,"C1:0:GASOHOL 84 PLUS,GASOHOL REGULAR ","C1:0:GASOHOL 90 PLUS,GASOHOL PREMIUM ",,,,,,,,16000.0,5/05/2023,INDEFINIDO,LENING BLADIMIR FLORES ADRIANZEN,0,-5.0039977,-79.0878065
1397,202000116665,18584,18584-050-040920,20230767131,PROVEEDORA DEL SUR E.I.R.L.,AV. MADRE DE DIOS CUADRA 8 ESQUINA JR. JUNIN,MADRE DE DIOS,TAMBOPATA,TAMBOPATA,ESTACIONES DE SERVICIOS,C1:5500:Diesel B5 S-50 ,C1:7000:Diesel B5 S-50 ,C1:6800:GASOLINA 84 ,C1:3400:GASOLINA 90 ,,,,,,,22700.0,4/09/2020,INDEFINIDO,JULIO ALI FIGUEROA GONZALES,720,-12.5958773,-69.191024
1398,202100055873,124274,124274-050-200421,10435842050,FELIX ALEX LONCONI MOSCOSO,PREDIO RUSTICO DENOMINADO MISCAHUARA VIA SANTUTIS - CORAO,CUSCO,CUSCO,SAN SEBASTIAN,ESTACIONES DE SERVICIOS,C1:5300:Diesel B5 S-50 ,C1:2700:GASOHOL 95 PLUS C2:2600:GASOHOL 90 PLUS ,,,,,,,,,10600.0,20/04/2021,INDEFINIDO,FELIX ALEX LONCONI MOSCOSO,0,-13.5297698,-71.9147541
1399,201600024801,64247,64247-050-050316,20199534085,EMPRESA DE TRANSPORTES SAGRADO CORAZON DE JESUS S.A.,CAMINO CARROZABLE N° 100 DE LA UPIS JUAN VELASCO ALVARADO C.P HOJA REDONDA,ICA,CHINCHA,EL CARMEN,ESTACIONES DE SERVICIOS,C1:3295:DIESEL B5 C2:898:GASOHOL 90 PLUS ,,,,,,,,,,4193.0,5/03/2016,INDEFINIDO,JAVIER HUAYTA HUAMANI,0,-13.5486184,-76.1147739
1400,202100055879,145782,145782-050-140421,20601584001,GRUPO EMPRESARIAL MDM E.I.R.L.,"ASENTAMIENTO HUMANO MORRO DE SAMA, MZA. 1, LOTE 1, CALLE 10",TACNA,TACNA,SAMA,ESTACIONES DE SERVICIOS,C1:5260:Diesel B5 S-50 ,C1:5260:GASOHOL 90 PLUS ,C1:5260:GASOHOL 95 PLUS ,C1:5260:Diesel B5 S-50 ,,,,,,,21040.0,14/04/2021,INDEFINIDO,JUAN ANDRES DAVILA BUSTAMANTE,0,-18.0178243,-70.2369883
1401,202200219908,165609,165609-050-051222,10339473647,ARSENIO ZELADA PORTOCARRERO,"JR. SANTO TORIBIO S/N MANZANA 9, LOTE 03.",AMAZONAS,RODRIGUEZ DE MENDOZA,LIMABAMBA,ESTACIONES DE SERVICIOS,C1:3000:Diesel B5 S-50 ,C1:2500:GASOLINA 90 ,C1:2000:GASOLINA 95 ,C1:1500:GASOLINA 97 ,,,,,,,9000.0,5/12/2022,INDEFINIDO,ARSENIO ZELADA PORTOCARRERO,480,-6.4978964,-77.4988097
1402,202000098617,84658,84658-050-050820,20564296890,GRIFO AMERICANAS E.I.R.L.,PROLONGACIÓN AV. TUPAC AMARU S/N,CUSCO,CANAS,YANAOCA,PUESTO DE VENTA DE COMBUSTIBLE - GRIFOS,C1:2400:Diesel B5 S-50 C2:1400:GASOHOL 90 PLUS ,C1:1147:GASOHOL 90 PLUS ,,,,,,,,,4947.0,5/08/2020,INDEFINIDO,BRAULIO TUNQUE JIMENEZ,0,-14.2171388,-71.4314206
1403,201900204052,37010,37010-050-081219,20127765279,COESTI S.A.,CARRETERA AREQUIPA YURA KM. 11 ASOCIACION CENTRO INDUSTRIAL LAS CANTERAS MZ. A LOTE 1,AREQUIPA,AREQUIPA,CERRO COLORADO,ESTACIONES DE SERVICIOS,C1:7242:Diesel B5 S-50 ,C1:5242:GASOHOL 90 PLUS ,C1:3962:GASOHOL 84 PLUS ,C1:3682:GASOHOL 95 PLUS ,,,,,,,20128.0,8/12/2019,INDEFINIDO,ABRAHAM HUGO CALDERON MAVILA,240,-16.4025455,-71.5318831
1404,201600132685,86899,86899-050-150916,10271551202,LUZ ALEJANDRINA DIAZ CORDOVA,AV. SANCHEZ CARRION S/N CARRETERA PACASMAYO - CAJAMARCA KM 91.5,CAJAMARCA,CONTUMAZA,CONTUMAZA,PUESTO DE VENTA DE COMBUSTIBLE - GRIFOS,C2:2000:GASOHOL 90 PLUS ,"C1:4200:DIESEL B5,Diesel B5 S-50 ",C1:2000:GASOHOL 95 PLUS ,,,,,,,,8200.0,15/09/2016,INDEFINIDO,LUZ ALEJANDRINA DIAZ CORDOVA,0,-7.3649583,-78.8021156
1405,202000143566,18600,18600-050-151020,20600082591,ESTACION DE COMBUSTIBLE SMART S.A.C. ,AV. MARISCAL CASTILLA N° 1201,AREQUIPA,AREQUIPA,MARIANO MELGAR,PUESTO DE VENTA DE COMBUSTIBLE - GRIFOS,C1:3800:Diesel B5 S-50 ,C1:3800:GASOHOL 90 PLUS ,C1:3800:GASOHOL 90 PLUS ,C1:1500:GASOHOL 95 PLUS ,,,,,,,12900.0,15/10/2020,INDEFINIDO,HENRY GUSTAVO GUERRA YUCRA,0,-16.4066958,-71.5104606
1406,202100025102,8981,8981-050-240221,10164768321,ELMO MANUEL MARTINEZ ZEGOVIA,AV. JOSE CARLOS MARIATEGUI N° 334,LA LIBERTAD,PACASMAYO,PACASMAYO,PUESTO DE VENTA DE COMBUSTIBLE - GRIFOS,C1:3550:GASOHOL 90 PLUS ,C1:5000:DIESEL B5 ,C1:4000:GASOHOL 84 PLUS ,,,,,,,,12550.0,24/02/2021,INDEFINIDO,ELMO MANUEL MARTINEZ ZEGOVIA,0,-7.405408400000001,-79.5609176
1407,201900168829,116059,116059-050-181019,20455807418,MAFECAM E.I.R.L.,"ASENTAMIENTO HUMANO CARAQUEN, MZ. B, LT. 01",AREQUIPA,ISLAY,COCACHACRA,PUESTO DE VENTA DE COMBUSTIBLE - GRIFOS,C1:997:GASOHOL 90 PLUS ,C1:3000:Diesel B5 S-50 ,,,,,,,,,3997.0,18/10/2019,INDEFINIDO,ERNESTO ALONSO RIVERA RIVERA,0,-17.0935612,-71.7724422
1408,202300049564,145686,145686-050-070323,10456602784,ANCO CUTIPA RICHARD,"CENTRO POBLADO MENOR MUELLE, PARCIALIDAD COASIA, CARRETERA VILQUECHICO - HUANCANE",PUNO,HUANCANE,VILQUE CHICO,PUESTO DE VENTA DE COMBUSTIBLE - GRIFOS,C1:2641:GASOHOL REGULAR ,C1:2641:Diesel B5 S-50 ,,,,,,,,,5282.0,7/03/2023,INDEFINIDO,APAZA QUISPE VICTOR,0,-15.2277695,-69.6936731
1409,202100104207,14482,14482-050-200521,20607404641,MULTISERVICIOS INKA WORLD S.A.C.,"SECTOR URMAYMOCCO, COMUNIDAD CACHONA S/N CARRETERA CUSCO - PARURO",CUSCO,CUSCO,SANTIAGO,PUESTO DE VENTA DE COMBUSTIBLE - GRIFOS,C1:3950:Diesel B5 S-50 ,C1:2650:GASOHOL 90 PLUS ,C1:1000:GASOHOL 90 PLUS ,,,,,,,,7600.0,20/05/2021,INDEFINIDO,ARCE TERRAZAS LUCIA KARINA,0,-13.579249,-71.9875531
1410,202100233812,45265,45265-050-291021,20447876362,GRIFO F & V EMPRESA INDIVIDUAL DE RESPONSABILIDAD LIMITADA,AV. HEROES DE LA GUERRA DEL PACIFICO S/N KM. 3.5,PUNO,SAN ROMAN,JULIACA,PUESTO DE VENTA DE COMBUSTIBLE - GRIFOS,C1:6500:Diesel B5 S-50 ,C1:6500:GASOHOL 90 PLUS ,C1:4000:Diesel B5 S-50 ,,,,,,,,17000.0,29/10/2021,INDEFINIDO,ALARCON MAMANI VICKI LELIA,0,-15.5003172,-70.1521693
1411,202000092350,150216,150216-050-240820,20533824103,ESTACION DE SERVICIOS SIERRA NEVADA E.I.R.L.,"CENTRO POBLADO CARAZ JR. SAN MARTIN N° 1775 CARRETERA CENTRAL N° 504, MZ. D6 LOTE I",ANCASH,HUAYLAS,CARAZ,ESTACIONES DE SERVICIOS,C1:10000:Diesel B5 S-50 ,C1:5000:GASOHOL 90 PLUS C2:2500:GASOHOL 95 PLUS C3:2500:GASOHOL 98 PLUS ,C1:10000:Diesel B5 S-50 ,,,,,,,,30000.0,24/08/2020,INDEFINIDO,INES MONICA SOTELO ROMERO,0,-9.048495299999999,-77.8109958
1412,202000178311,98766,98766-050-041220,20606536977,COMBUSTIBLES MOLINA B ENERGY E.I.R.L.,"CENTRO POBLADO SHIRAN, SECTOR LA TRANCA KM. 36",LA LIBERTAD,TRUJILLO,POROTO,ESTACIONES DE SERVICIOS,C1:5000:Diesel B5 S-50 ,C1:5000:Diesel B5 S-50 ,C1:2500:GASOHOL 95 PLUS ,C1:2500:GASOHOL 90 PLUS ,,,,,,,15000.0,2/12/2020,INDEFINIDO,KARLA PAOLA BUSTAMANTE ALVITES,720,-8.0073052,-78.7582474
1413,202200246109,148402,148402-050-071222,20604168822,COMBUSTIBLES LORITO S.C.R.L.,LOTE 4 DE LA MANZANA N° 75 A FRENTE A LA AV BELLAVISTA,HUANUCO,PUERTO INCA,PUERTO INCA,ESTACIONES DE SERVICIOS,C1:5200:GASOHOL 90 PLUS ,C1:5200:Diesel B5 S-50 ,C1:5200:Diesel B5 S-50 ,,,,,,,,15600.0,7/12/2022,7/12/2023,RONAL WILLIAM ESPINOZA RETES,0,-9.3789658,-74.96539659999999
1414,202200165214,151084,151084-050-200922,10287063143,EFROCINIA BAUTISTA CASTRO,ESQUINA AV. ABANCAY CON JR. LA LIBERTAD - COMUNIDAD SECTOR ENE,JUNIN,SATIPO,RIO TAMBO,ESTACIONES DE SERVICIOS,C1:12000:Diesel B5 S-50 ,C1:12000:GASOHOL 90 PLUS ,C1:6000:GASOHOL 84 PLUS C2:6000:GASOHOL 95 PLUS ,,,,,,,,36000.0,19/09/2022,20/09/2023,EFROCINIA BAUTISTA CASTRO,0,-11.70197029663586,-74.07691640517913
1415,201900083690,137413,137413-050-280519,10251895681,LUISA MENDOZA MAMANI ,PREDIO CCHUCUMAYO DE LA PARCIALIDAD DE CHACACHIMPA ,CUSCO,QUISPICANCHI,OCONGATE,PUESTO DE VENTA DE COMBUSTIBLE - GRIFOS,C1:9220:Diesel B5 S-50 ,C1:5350:GASOHOL 84 PLUS C2:5350:GASOHOL 90 PLUS ,,,,,,,,,19920.0,28/05/2019,INDEFINIDO,LUISA MENDOZA MAMANI ,0,-13.6294962,-71.385252
1416,201300136024,42094,0006-GRIF-17-2005,20527008841,REPUESTOS MIAMI S.R.L,AV. PROLONGACION INAMBARI S/N,MADRE DE DIOS,TAMBOPATA,INAMBARI,PUESTO DE VENTA DE COMBUSTIBLE - GRIFOS,C1:5200:null ,C1:2600:null C2:2600:null ,C1:7200:null ,,,,,,,,17600.0,28/08/2013,INDEFINIDO,"MAYTA GARCIA, DE GARATE LUCILA",0,-13.0137323,-69.9550338
1417,202300086198,8889,8889-050-210423,20449461224,RIMASSA S.A.C.,CALLE ARIAS ARAGUEZ N° 620 ESQ. AV. LEGUIA S/N ,TACNA,TACNA,TACNA,ESTACIONES DE SERVICIOS,C1:4000:GASOHOL PREMIUM ,C1:4000:GASOHOL REGULAR ,C1:3600:GASOHOL REGULAR ,C1:6245:Diesel B5 S-50 ,C1:3900:Diesel B5 S-50 ,C1:3200:GASOHOL REGULAR ,,,,,24945.0,21/04/2023,INDEFINIDO,MARIELLA MIRANDA RIMASSA DE SANTA MARIA,0,-18.008564,-70.2514632
1418,202000117188,37654,37654-050-090920,20549450785,INVERSIONES GOLD STAR E.I.R.L.,AV. TUPAC AMARU KM. 17.5 MZ. B1 LT. 1-3 ASOC. DE VIVIENDA SANTA ROSA DE PUNCHAUCA,LIMA,LIMA,CARABAYLLO,PUESTO DE VENTA DE COMBUSTIBLE - GRIFOS,C1:5200:Diesel B5 S-50 ,C1:3000:GASOHOL 95 PLUS C2:2200:GASOHOL 90 PLUS ,C1:2000:GASOHOL 98 PLUS ,,,,,,,,12400.0,9/09/2020,INDEFINIDO,MORAYMA IRENE ARCE ALFARO,0,-11.891281,-77.0276947
1419,202200135329,123142,123142-050-030822,10286860236,ALONSO MARQUEZ BAUTISTA,"AV. SANTA ROSA S/N SECTOR BARRIO MIRAFLORES MZ. A5 LOTES 8, 9 Y 10",AYACUCHO,LA MAR,AYNA,PUESTO DE VENTA DE COMBUSTIBLE - GRIFOS,C1:2000:Diesel B5 S-50 ,C1:2000:GASOHOL 90 PLUS ,,,,,,,,,4000.0,3/08/2022,3/08/2023,ALONSO MARQUEZ BAUTISTA,0,-12.7389848,-73.86542949999999
1420,201700092747,8346,8346-050-150617,20285579814,ESTACION DE SERVICIOS PASTOR S.R.LTDA.,CARRETERA HUANUCO-TINGO MARIA KM. I.5 URB. LOS PORTALES DE MITOPAMPA,HUANUCO,HUANUCO,AMARILIS,ESTACIONES DE SERVICIOS,C1:8000:Diesel B5 S-50 ,C1:8000:GASOHOL 90 PLUS ,C1:4000:Diesel B5 S-50 ,C1:4000:GASOHOL 95 PLUS ,C1:4000:GASOHOL 97 PLUS ,,,,,,28000.0,15/06/2017,INDEFINIDO,ELVA AUDINA MATUTE PALACIOS DE PASTOR,720,-9.8996961,-76.2229485
1421,201700019102,126476,126476-050-210217,10412438456,WILSON MEDINA PACORI,ESMERALDA FUNDO CHILLAHUI URB.CHILLUMO CARRETERA INTEROCEANICA KM. 101+ 830 - SAN ANTON,PUNO,AZANGARO,SAN ANTON,PUESTO DE VENTA DE COMBUSTIBLE - GRIFOS,C1:4500:Diesel B5 S-50 ,C1:4500:Diesel B5 S-50 ,C1:3000:GASOHOL 84 PLUS ,C1:3000:GASOHOL 90 PLUS ,,,,,,,15000.0,21/02/2017,INDEFINIDO,WILSON MEDINA PACORI,0,-14.5837071,-70.3164785
1422,202100232714,102300,102300-050-251021,20608545361,DEL CARPIO COMPANY S.A.C.,"CALLE PRINCIPAL MZ. D, LOTE 02,NUEVA EXPANSION URBANA-PARTE ALTA.",MADRE DE DIOS,MANU,HUEPETUHE,PUESTO DE VENTA DE COMBUSTIBLE - GRIFOS,C1:10648:Diesel B5 S-50 ,C1:10649:Diesel B5 S-50 ,,,,,,,,,21297.0,25/10/2021,INDEFINIDO,VALENTIN RONALD DEL CARPIO GUZMAN,0,-13.0258926,-70.6692655
1423,201900180401,84873,84873-050-111119,20494800323,NEGOCIACIONES SHALOM S.R.L.,"ESQ. DE LA VIA EVITAMIENTO CON LA AV. JAVIER PEREZ DE CUELLAR, MZ. Q2 LOTE 14",AYACUCHO,HUAMANGA,AYACUCHO,PUESTO DE VENTA DE COMBUSTIBLE - GRIFOS,C1:4000:Diesel B5 S-50 ,C1:1500:GASOHOL 95 PLUS C2:2500:GASOHOL 90 PLUS ,,,,,,,,,8000.0,11/11/2019,INDEFINIDO,ALBERTO TINEO MITMA,0,-13.1352204,-74.2288459
1424,201900204070,16645,16645-050-091219,20127765279,COESTI S.A.,AV. SAN LUIS Nº 2480,LIMA,LIMA,SAN BORJA,ESTACIONES DE SERVICIOS,C1:5000:GASOHOL 95 PLUS ,C1:5000:GASOHOL 90 PLUS ,C1:5000:GASOHOL 97 PLUS ,C1:5000:Diesel B5 S-50 ,,,,,,,20000.0,9/12/2019,INDEFINIDO,ABRAHAM HUGO CALDERON MAVILA,240,-12.0982987,-76.9952222
1425,202300065101,148279,148279-050-060423,20605021981,ESTACION DE SERVICIOS ANDERS E.I.R.L.,"PREDIOS DENOMINADOS QUINSA CCOCHA CCOCHA PAMPA, COMUNIDAD ANTAYCAMA ANEXO ICHULAHUA",CUSCO,ESPINAR,PALLPATA,ESTACIONES DE SERVICIOS,C1:9200:Diesel B5 S-50 ,C1:5000:GASOHOL REGULAR ,C1:3000:GASOHOL PREMIUM C2:2000:GASOHOL REGULAR ,,,,,,,,19200.0,6/04/2023,INDEFINIDO,ORLANDO LAROTA HUARCA ,0,-14.9213399,-71.0497768
1426,202200231078,159399,159399-050-251122,20608909916,EMPRESA DE SERVICIOS VIVA S.A.C.,CARRETERA FERNANDO BELAUNDE TERRY KM. 198 + 817 - CASERÍO SIEMPRE VIVA,AMAZONAS,UTCUBAMBA,EL MILAGRO,ESTACIONES DE SERVICIOS,C1:10000:Diesel B5 S-50 ,C1:5000:Diesel B5 S-50 C2:5000:GASOLINA 95 ,C1:10000:GASOLINA 90 ,,,,,,,,30000.0,25/11/2022,INDEFINIDO,DIAZ TARRILLO ANA CRISTINA,0,-5.747419499999999,-78.6683383
1427,202300065539,8950,8950-050-170423,10205858615,ALHUAY VIVANCO CLAUDIO FLORENCIO,AV. MARGINAL N° 105 - ZONA BAJA,JUNIN,CHANCHAMAYO,PICHANAQUI,PUESTO DE VENTA DE COMBUSTIBLE - GRIFOS,C1:5000:GASOHOL REGULAR ,C1:6000:Diesel B5 S-50 ,C1:2000:GASOHOL PREMIUM C2:2000:SIN PRODUCTO ,,,,,,,,15000.0,17/04/2023,INDEFINIDO,ALHUAY VIVANCO CLAUDIO FLORENCIO,0,-10.9249329,-74.8760878
1428,201600180801,16602,16602-050-111216,20503840121,REPSOL COMERCIAL S.A.C,AV. PASEO DE LA REPUBLICA INTERSECCION CON LA AV. ANGAMOS N° 498,LIMA,LIMA,MIRAFLORES,ESTACIONES DE SERVICIOS,C1:5200:GASOHOL 98 PLUS ,C1:10400:GASOHOL 95 PLUS ,C1:10400:GASOHOL 90 PLUS ,C1:10400:Diesel B5 S-50 ,,,,,,,36400.0,11/12/2016,INDEFINIDO,CARMEN TERESA REVERDITTO REYES,0,-12.1138034,-77.0265017
1429,202000036915,138461,138461-050-170320,20533633693,EMPRESA DE TRANSPORTES SHASHO S.R.L.,CARRETERA HUARAZ – CASMA CASERÍO CACHIPAMPA,ANCASH,CASMA,YAUTAN,PUESTO DE VENTA DE COMBUSTIBLE - GRIFOS,C1:6000:Diesel B5 S-50 ,C1:2000:GASOHOL 90 PLUS C2:2000:GASOHOL 95 PLUS ,,,,,,,,,10000.0,17/03/2020,INDEFINIDO,ERIKA YOVANA LLALLIHUAMAN SANCHEZ,0,-9.4718308,-78.3006626
1430,201900025150,141198,141198-050-140219,20602822100,PETRO MOTORS E.I.R.L.,"PREDIO TONGOBAMBA, CARRETERA CUSCO - SICUANI, SECTOR SUMAC TTICA ",CUSCO,QUISPICANCHI,LUCRE,ESTACIONES DE SERVICIOS,C1:9252:GASOHOL 95 PLUS ,C1:9252:GASOHOL 90 PLUS ,C1:9252:GASOHOL 84 PLUS ,C1:9252:Diesel B5 S-50 ,C1:9252:Diesel B5 S-50 ,C1:9252:Diesel B5 S-50 ,C1:9252:Diesel B5 S-50 ,,,,64764.0,14/02/2019,INDEFINIDO,JOSE AIMITUMA CONTO ,0,-13.6074704,-71.74182809999999
1431,201900096833,117936,117936-050-210619,20600808134,GRIFO TEODOLINDA E.I.R.L.,"CARRETERA PANAMERICANA NORTE, LA PALMA, SECTOR PAMPA VELARDE",LIMA,BARRANCA,SUPE PUERTO,PUESTO DE VENTA DE COMBUSTIBLE - GRIFOS,C1:5000:Diesel B5 S-50 ,C1:3000:GASOHOL 90 PLUS ,C1:2000:GASOHOL 95 PLUS ,,,,,,,,10000.0,21/06/2019,INDEFINIDO,IVAN JESUS CRUZ ROSALES,0,-7.838863,-79.1526054
1432,202200058910,9649,9649-050-200422,20448100856,SERVICENTRO ORION S.R.L.,AV. LA TORRE Nº 686-688,PUNO,PUNO,PUNO,ESTACIONES DE SERVICIOS,C1:6000:GASOHOL 95 PLUS ,C1:6000:GASOHOL 90 PLUS ,C1:6000:GASOHOL 84 PLUS ,C1:10000:Diesel B5 S-50 ,,,,,,,28000.0,20/04/2022,INDEFINIDO,RUBEN EFRAIN PACCO QUISPE,720,-15.8298372,-70.02897039999999
1433,202000202526,142492,142492-050-060121,10314307220,VICIANA SOTA MARTINEZ ,PREDIO CHILCAPUGIO DE LA COMUNIDAD CAMPESINA DE CCACHONAPARTE ALTA CARRETERA CUSCO-PARURO,CUSCO,CUSCO,SANTIAGO,PUESTO DE VENTA DE COMBUSTIBLE - GRIFOS,C1:4083:Diesel B5 S-50 ,C1:1086:GASOHOL 90 PLUS C2:1086:GASOHOL 90 PLUS ,,,,,,,,,6255.0,6/01/2021,INDEFINIDO,VICIANA SOTA MARTINEZ ,0,-13.5424096,-71.898485
1434,202100172783,37548,37548-050-041021,20552147864,IBIZA INVERSIONES GENERALES S.R.L,"AV. JOSE GABRIEL CONDORCANQUI N° 1101-1103, URB. TUPAC AMARU",LIMA,LIMA,INDEPENDENCIA,ESTACIONES DE SERVICIOS,C1:1000:GASOHOL 95 PLUS C2:1000:GASOHOL 90 PLUS ,C1:7000:Diesel B5 S-50 C2:1000:Diesel B5 S-50 ,,,,,,,,,10000.0,4/10/2021,INDEFINIDO,ALFREDO RUSBEL ENRIQUEZ VENTURA,0,-11.9713315,-77.04219239999999
1435,201900152518,17867,17867-050-230919,20503840121,REPSOL COMERCIAL S.A.C.,AV. ARGENTINA Nº 3003 - 3005,LIMA,LIMA,LIMA,ESTACIONES DE SERVICIOS,C1:10000:Diesel B5 S-50 ,C1:6000:GASOHOL 98 PLUS ,C1:5000:GASOHOL 95 PLUS ,C1:5000:GASOHOL 90 PLUS ,C1:4000:SIN PRODUCTO ,,,,,,30000.0,23/09/2019,INDEFINIDO,VICTOR GONZALO CASTILLO OVIEDO,0,-12.0492619,-77.1126305
1436,202000123312,93689,93689-050-220920,10281238626,JAIME VILLALOBOS CELIS,AV. CAJAMARCA S/N,CAJAMARCA,SANTA CRUZ,SANTA CRUZ,ESTACIONES DE SERVICIOS,C1:5000:GASOHOL 90 PLUS ,C1:5000:Diesel B5 S-50 ,,,,,,,,,10000.0,22/09/2020,INDEFINIDO,JAIME VILLALOBOS CELIS,0,-6.620040200000001,-78.9457948
1437,202300038050,62494,62494-050-060323,20607707333,MULTISERVICE MACROSUR S.A.C.,"GRANJA FORESTAL G-377, SUB LOTE A, SECTOR EL PEDREGAL, SECCION A",AREQUIPA,CAYLLOMA,MAJES,PUESTO DE VENTA DE COMBUSTIBLE - GRIFOS,C1:1500:Diesel B5 S-50 ,C1:1500:GASOHOL REGULAR ,C1:1000:Diesel B5 S-50 ,C1:800:Diesel B5 S-50 ,,,,,,,4800.0,6/03/2023,INDEFINIDO,MEDINA CHOQQUE RUSBEL,0,-16.3556768,-72.1877044
1438,202000061372,117723,117723-050-020620,20276283970,NEGOCIOS Y REPRESENTACIONES STIVEN E.I.R.L.,"PREDIO COSCOMBA, SECTOR COSCOMBA. ASOCIACION SANTA LUCIA, CARRETERA INTEROCEANICA PIURA-PAITA KM. 04",PIURA,PIURA,PIURA,ESTACIONES DE SERVICIOS,C1:10000:Diesel B5 S-50 ,C1:10000:Diesel B5 S-50 ,C1:10000:Diesel B5 S-50 ,C1:6000:GASOHOL 90 PLUS ,C1:5000:GASOHOL 97 PLUS ,C1:5000:GASOHOL 95 PLUS ,C1:3000:GASOHOL 84 PLUS ,,,,49000.0,2/06/2020,INDEFINIDO,KLEISER GONZAGA CAMACHO,0,-5.0938488,-81.0962172
1439,201900204061,7017,7017-050-101219,20127765279,COESTI S.A.,VARIANTE DE UCHUMAYO KM. 05,AREQUIPA,AREQUIPA,CERRO COLORADO,ESTACIONES DE SERVICIOS,C1:6550:Diesel B5 S-50 ,C1:6550:Diesel B5 S-50 ,C1:2550:GASOHOL 90 PLUS ,C1:2550:GASOHOL 95 PLUS ,C1:5250:GASOHOL 95 PLUS ,C1:6550:Diesel B5 S-50 ,C1:3000:Diesel B5 S-50 ,,,,33000.0,10/12/2019,INDEFINIDO,ABRAHAM HUGO CALDERON MAVILA,240,-16.4091033,-71.61543329999999
1440,202200266042,97409,97409-050-110123,20604030201,ESTACION DE SERVICIOS SEÑOR DE EXALTACIÓN S.A.C.,PROLONGACION AV. SIVIA S/N,AYACUCHO,HUANTA,LLOCHEGUA,ESTACIONES DE SERVICIOS,C1:1500:GASOHOL 84 PLUS C2:2500:GASOHOL 95 PLUS ,C1:4000:GASOHOL 90 PLUS ,C1:9100:Diesel B5 S-50 ,,,,,,,,17100.0,11/01/2023,11/01/2024,CIRILA QUISPE BORDA,0,-12.5253602,-73.8474813
1441,202300044260,99279,99279-050-240223,20539553551,SERVICENTRO EL GRAN CHAPARRAL E.I.R.L.,SECTOR MOLLOJO S/N INGRESO AREQUIPA - OMATE,MOQUEGUA,GENERAL SANCHEZ CERRO,OMATE,PUESTO DE VENTA DE COMBUSTIBLE - GRIFOS,C1:2678:Diesel B5 S-50 ,C1:2634:GASOHOL REGULAR ,C1:2000:GASOHOL PREMIUM ,,,,,,,,7312.0,24/02/2023,INDEFINIDO,JESUS NARBY BARREDA ESQUICHA,0,-16.672296,-70.975375
1442,202100260052,43982,43982-050-040122,20351667771,NEGOCIACION CULTURAL IMPORT S.A.C.,JR. LAS MERCEDES (INTERSECCIÓN CON AV. VENEZUELA). MZ J. LOTE 01. AAHH LAS FLORES,UCAYALI,CORONEL PORTILLO,MANANTAY,PUESTO DE VENTA DE COMBUSTIBLE - GRIFOS,C1:4399:GASOLINA 90 ,C1:3320:DIESEL B5 ,C1:4399:GASOLINA 95 ,C1:1097:DIESEL B5 ,,,,,,,13215.0,4/01/2022,INDEFINIDO,ROYER CECILIO BARRETO,0,-8.4004169,-74.5513792
1443,201900068240,142000,142000-050-300419,20604114421,ESTACIONES DE SERVICIOS GHULE S.A.C. ,CENTRO POBLADO DE CABANA MZ. 41 LOTE 7 ,AYACUCHO,LUCANAS,CABANA,ESTACIONES DE SERVICIOS,C1:4000:Diesel B5 S-50 ,C1:4000:GASOHOL 90 PLUS C2:2000:GASOHOL 95 PLUS ,,,,,,,,,10000.0,30/04/2019,INDEFINIDO,CESAR LEON PAUCCA,0,-14.3689759,-74.10050439999999
1444,201500155611,85013,85013-050-101215,10225126157,FAUSTO NONATO RAMOS,"AV. SAN MARTIN KM 17.8, MZ C - LT 2 Y 3 - ASOCIACION DE VIVIENDAS LA ESPERANZA DE CIENEGUILLA",LIMA,LIMA,CIENEGUILLA,ESTACIONES DE SERVICIOS,C1:3000:Diesel B5 S-50 ,C1:1500:GASOHOL 95 PLUS C2:1500:GASOHOL 90 PLUS ,C1:1200:GASOHOL 90 PLUS C2:1200:GASOHOL 97 PLUS C3:1200:GASOHOL 95 PLUS ,,,,,,,,9600.0,10/12/2015,INDEFINIDO,FAUSTO NONATO RAMOS,240,-12.1904041,-77.0059848
1445,202100127216,82957,82957-050-210721,20607739961,M & S HIDROCARBUROS S.A.C.,PANAMERICANA SUR KM 846 (ANTES KM. 834),AREQUIPA,CAMANA,SAMUEL PASTOR,ESTACIONES DE SERVICIOS,C1:1251:GASOHOL 95 PLUS C2:2634:GASOHOL 90 PLUS C3:1165:GASOHOL 84 PLUS ,C1:5061:Diesel B5 S-50 ,C1:4080:Diesel B5 S-50 C2:1004:Diesel B5 S-50 ,,,,,,,,15195.0,21/07/2021,INDEFINIDO,MARCEL WINIFRED MACEDO SERRANO,0,-16.6000017,-72.6325292
1446,202300010568,96059,96059-050-270123,20605720847,GRIFOS ESSA DE TINGO MARIA S.A.C,CARRETERA TINGO MARIA-HUANUCO KM. 2.5 SECTOR DE AFILADOR,HUANUCO,LEONCIO PRADO,RUPA-RUPA,PUESTO DE VENTA DE COMBUSTIBLE - GRIFOS,C1:8490:Diesel B5 S-50 ,C1:4124:GASOHOL 84 PLUS ,C1:4426:GASOHOL 90 PLUS ,C1:4124:GASOHOL 97 PLUS ,,,,,,,21164.0,27/01/2023,26/01/2024,ELSA ESPINOZA ORIHUELA DE SALAVERRY,0,-9.3147192,-75.9968902
1447,202000143648,38277,38277-050-141020,20527055840,GRIFO LATINO SOCIEDAD ANONIMA CERRADA,AV. DE LA CULTURA N° 400 ESQ CALLE TACNA,CUSCO,CUSCO,WANCHAQ,PUESTO DE VENTA DE COMBUSTIBLE - GRIFOS,C1:4000:Diesel B5 S-50 C2:4000:GASOHOL 90 PLUS ,C1:2000:GASOHOL 95 PLUS C2:2000:GASOHOL 98 PLUS C3:2000:Diesel B5 S-50 C4:2000:GASOHOL 90 PLUS ,,,,,,,,,16000.0,14/10/2020,INDEFINIDO,PERCY ZACARIAS FLORES GARCIA,0,-13.520809,-71.9683934
1448,202200086725,159757,159757-050-180522,20602821278,X TRAM S.A.C.,CALLE PADRE GINER S/N LT 9 MZ 19,LORETO,REQUENA,REQUENA,ESTACIONES DE SERVICIOS,C1:5900:GASOLINA 84 ,C1:5900:GASOLINA 84 ,C1:2500:GASOLINA 90 C2:3400:DIESEL B5 ,,,,,,,,17700.0,18/05/2022,INDEFINIDO,ROSEMBER RAMOS PEREIRA,720,-5.0614068,-73.8553978
1449,202000019055,41069,41069-050-030220,20603633521,ESTACION DE SERVICIOS ROMERO EMPRESA INDIVIDUAL DE RESPONSABILIDAD LIMITADA,AV. LOS HEROES DE LA BREÑA S/N CARR. CENTRAL HUANCAYO - AYACUCHO KM. 131.53,JUNIN,HUANCAYO,HUAYUCACHI,PUESTO DE VENTA DE COMBUSTIBLE - GRIFOS,C1:9200:Diesel B5 S-50 ,C1:6665:GASOHOL 90 PLUS ,C1:3926:GASOHOL 95 PLUS ,C1:1131:SIN PRODUCTO ,,,,,,,20922.0,3/02/2020,INDEFINIDO,"ROMERO VDA DE ORELLANA, ANTONIA GLORIA",0,-12.0503714,-75.2087018
1450,201600170254,100157,100157-050-241116,20542591740,GRIFO Y SERVICIOS MULTIPLES ALEXSANDRA S.R.L.,AV. PROGRESO S/N A UNA CUADRA DEL PALACIO MUNICIPAL ,PASCO,PASCO,SIMON BOLIVAR,PUESTO DE VENTA DE COMBUSTIBLE - GRIFOS,C1:2200:DIESEL B5 ,C1:3000:DIESEL B5 ,C1:500:GASOHOL 90 PLUS ,,,,,,,,5700.0,24/11/2016,INDEFINIDO,MIGUEL BALDEON HERMITAÑO,0,-16.2227541,-72.4706175
1451,201500031553,83004,83004-050-190315,10067550230,ADA PEREGRINA GALVEZ TRONCOS,ESQUINA AV. PROCERES Y AV. PORTALES. MZ. V-4. LOTE 66. URB. PRO,LIMA,LIMA,LOS OLIVOS,ESTACIONES DE SERVICIOS,C1:1564:GASOHOL 95 PLUS C2:2557:Diesel B5 S-50 ,C1:1427:GASOHOL 97 PLUS C2:2557:GASOHOL 90 PLUS ,,,,,,,,,8105.0,19/03/2015,INDEFINIDO,GALVEZ TRONCOS ADA PEREGRINA,120,-11.9433914,-77.0777884
1452,201700026470,19909,19909-050-030317,10198195427,SILVIO TORRE BRICEÑO ,CALLE REAL S/N CARRETERA HUANCAYO - SAPALLANGA K.M. 6,JUNIN,HUANCAYO,SAPALLANGA,PUESTO DE VENTA DE COMBUSTIBLE - GRIFOS,C1:1000:GASOHOL 90 PLUS ,C1:1000:Diesel B5 S-50 ,,,,,,,,,2000.0,3/03/2017,INDEFINIDO,SILVIO TORRE BRICEÑO ,0,-12.071496,-75.208469
1453,201900001824,64435,64435-050-140119,20603956924,BIOCOMBUSTIBLES H2O S.A.C.,CARRETERA CAJAMARCA - SAN MARCOS KM 7.5,CAJAMARCA,CAJAMARCA,LLACANORA,ESTACIONES DE SERVICIOS,C1:1544:GASOHOL 90 PLUS ,C1:3900:Diesel B5 S-50 ,C1:3400:Diesel B5 S-50 ,,,,,,,,8844.0,9/01/2019,INDEFINIDO,JUDITH VERONICA DOMINGUEZ CHARUN,720,-7.1623151,-78.5084103
1454,202300022226,14392,14392-050-070223,20127765279,COESTI S.A.,AV. VENEZUELA N° 2200,AREQUIPA,AREQUIPA,AREQUIPA,ESTACIONES DE SERVICIOS,C1:8500:Diesel B5 S-50 ,C1:8500:GASOHOL 90 PLUS ,C1:4000:GASOHOL 95 PLUS ,C1:3500:GASOHOL 95 PLUS ,C1:3500:SIN PRODUCTO ,,,,,,28000.0,7/02/2023,INDEFINIDO,ABRAHAM HUGO CALDERON MAVILA,480,-16.4141791,-71.5409581
1455,202100235252,136027,136027-050-161121,20608448447,ESTACION DE SERVICIOS OGOSI E.I.R.L.,"CARRETERA HACIA POMABAMBA, LOCALIDAD ACCNO CCATA",AYACUCHO,CANGALLO,MARIA PARADO DE BELLIDO,ESTACIONES DE SERVICIOS,C1:6000:Diesel B5 S-50 ,C1:6000:GASOHOL 90 PLUS ,C1:3000:GASOHOL 95 PLUS C2:3000:GASOHOL 97 PLUS ,,,,,,,,18000.0,16/11/2021,INDEFINIDO,PERCY ADBEEL OGOSI CORDERO,0,-13.6040126,-74.2367838
1456,202200122667,136277,136277-050-110922,20602799604,SERVICENTRO COISHCO S.A.C.,"ANTIGUA PANAMERICANA MZ 12, LOTE 37 - COISHCO",ANCASH,SANTA,COISHCO,ESTACIONES DE SERVICIOS,C1:4000:Diesel B5 S-50 ,C1:3000:GASOHOL 90 PLUS ,C1:2000:GASOHOL 95 PLUS ,,,,,,,,9000.0,11/09/2022,INDEFINIDO,MAXIMILIANO MARTIN GOIN IGLESIAS,0,-9.0192441,-78.616604
1457,202200132849,105743,105743-050-260822,20609266148,NEGOCIOS EMPRESARIALES DON GONZA S.R.L.,AV. AREQUIPA S/N - LA FLORIDA,AREQUIPA,CARAVELI,ATICO,ESTACIONES DE SERVICIOS,C1:2000:Diesel B5 S-50 ,C1:4000:GASOHOL 90 PLUS ,C1:4000:GASOHOL 95 PLUS ,,,,,,,,10000.0,26/08/2022,INDEFINIDO,JHON RAYNER GONZALES ALCA,720,-16.2286223,-73.609246
1458,202100103883,94124,94124-050-140521,20606471409,SERVICENTRO PETROLEOS HUEPETUHE E.I.R.L.,AV. HUEPETUHE S/N MANZANA H LOTE 1 SEGUNDA ETAPA-C.P. HUEPETUHE,MADRE DE DIOS,MANU,HUEPETUHE,PUESTO DE VENTA DE COMBUSTIBLE - GRIFOS,C1:8000:GASOLINA 84 ,C1:8000:Diesel B5 S-50 ,C1:8000:Diesel B5 S-50 ,C1:8000:Diesel B5 S-50 ,C1:8000:Diesel B5 S-50 ,C1:8000:Diesel B5 S-50 ,C1:8000:Diesel B5 S-50 ,,,,56000.0,14/05/2021,INDEFINIDO,WILLIAM BANDA APARICIO,0,-13.0258926,-70.6692655
1459,201900191310,9054,9054-050-251119,20600581768,OCEANO SEAFOOD S.A.,"MUELLE PESQUERO S/N, TERMINAL MARITIMO DE MATARANI",AREQUIPA,ISLAY,ISLAY,PUESTO DE VENTA DE COMBUSTIBLE - GRIFOS,C1:3000:Diesel B5 S-50 ,C1:3000:GASOHOL 90 PLUS ,,,,,,,,,6000.0,25/11/2019,INDEFINIDO,CARMEN MARINA BURGOS SANCHEZ ,0,-17.0054057,-72.1001434
1460,202300009122,143032,143032-050-140223,20604924481,MULTISERVICIOS CECOMSAP SOCIEDAD ANONIMA,JR. ARENALES N° 430 BARRIO CENTRAL,PUNO,SAN ANTONIO DE PUTINA,ANANEA,PUESTO DE VENTA DE COMBUSTIBLE - GRIFOS,C1:6000:Diesel B5 S-50 ,C1:6000:Diesel B5 S-50 ,C1:2696:GASOHOL 90 PLUS ,C1:9200:Diesel B5 S-50 ,C1:9200:Diesel B5 S-50 ,C1:4000:GASOHOL 95 PLUS ,,,,,37096.0,14/02/2023,INDEFINIDO,ZUNIGA FLORES BERNABE ,0,-14.9129186,-69.8676512
1461,201300141315,8115,8115-050-250913,20452262399,SERVICENTRO PLAZA S.A.C.,CARRETERA LOS LIBERTADORES KM. 24.5,ICA,PISCO,HUMAY,ESTACIONES DE SERVICIOS,C1:1500:GASOHOL 95 PLUS C2:1500:GASOHOL 90 PLUS ,C1:6000:DIESEL B5 ,,,,,,,,,9000.0,25/09/2013,INDEFINIDO,MIGUEL ANGEL OLARTE LUJAN,0,-13.7234393,-75.8885684
1462,202200056078,18826,18826-050-120522,20607648094,PETRO SAN MARTIN S.A.C.,"LOTE 2-3 DE LA MANZANA V, URBANIZACIÓN PRO-SÉTIMO SECTOR - PARCELA A",LIMA,LIMA,SAN MARTIN DE PORRES,ESTACIONES DE SERVICIOS,C1:1300:GASOHOL 95 PLUS ,C1:2600:GASOHOL 97 PLUS ,C1:2600:GASOHOL 90 PLUS ,C1:5500:Diesel B5 S-50 ,C1:4300:Diesel B5 S-50 ,C1:1300:GASOHOL 95 PLUS ,,,,,17600.0,12/05/2022,INDEFINIDO,VICENTE ENRIQUE MARCELO LOAYZA,0,-11.9814397,-77.09697179999999
1463,202200266775,96551,96551-050-271222,20490645277,SERVICENTRO JESUS MARIA EMPRESA INDIVIDUAL DE RESPONSABILIDAD LIMITADA-SERVICENTRO JESUS MARIA EIRL,"FUNDO SAN FRANCISCO PARCELA N° 3, PROYECTO DE ADJUDICACION LA PASTORA KM. 6.5, CARRETERA PUERTO MALDONADO-QUINCEMIL",MADRE DE DIOS,TAMBOPATA,TAMBOPATA,ESTACIONES DE SERVICIOS,C1:5000:GASOLINA 95 ,C1:5000:GASOLINA 84 ,C1:7000:Diesel B5 S-50 ,C1:7000:Diesel B5 S-50 ,C1:7000:Diesel B5 S-50 ,,,,,,31000.0,27/12/2022,INDEFINIDO,DAVID HUAINA VEGA,0,-12.5808749,-69.2032425
1464,202000018565,142932,142932-050-040220,20100075858,GRIFO SAN IGNACIO S.A.C ,CARRETERA FERNANDO BELAUNDE TERRY KM. 9.5 ,SAN MARTIN,SAN MARTIN,CACATACHI,ESTACIONES DE SERVICIOS,C1:10000:Diesel B5 S-50 ,C1:10000:Diesel B5 S-50 ,C1:5000:GASOHOL 90 PLUS C2:3000:GASOHOL 90 PLUS ,C1:5000:GASOHOL 84 PLUS C2:3000:GASOHOL 95 PLUS ,,,,,,,36000.0,4/02/2020,INDEFINIDO,CESAR AUGUSTO VALDIVIA OCAMPO,0,-6.4627518,-76.4349278
1465,202000008068,16786,16786-050-160120,10432064463,RONNY EWART CONDORI ARIZACA ,KM. 1.25 CARRETERA AYAVIRI - JULIACA (VILAPATA),PUNO,MELGAR,AYAVIRI,PUESTO DE VENTA DE COMBUSTIBLE - GRIFOS,C1:2000:GASOHOL 84 PLUS ,C1:4000:Diesel B5 S-50 ,C1:2500:GASOHOL 90 PLUS ,,,,,,,,8500.0,16/01/2020,INDEFINIDO,RONNY EWART CONDORI ARIZACA ,0,-14.8913287,-70.5967624
1466,201800127155,8364,8364-050-010818,20407996136,INVERSIONES PEÑA PALACIOS S.A.C.,JR. 17 DE ENERO Nº 480,ANCASH,HUARI,CHAVIN DE HUANTAR,PUESTO DE VENTA DE COMBUSTIBLE - GRIFOS,C1:3200:Diesel B5 S-50 ,C1:3200:GASOHOL 90 PLUS ,C1:3200:GASOHOL 95 PLUS ,,,,,,,,9600.0,1/08/2018,INDEFINIDO,ORESTES IVAN PEÑA PALACIOS,720,-9.5906264,-77.1781713
1467,202200086717,161054,161054-050-260522,20352474160,LAGARTITO E.I.R.L.,CARRETERA FEDERICO BASADRE KM. 10.200 FRACCION DEL FDO. VILLA SORIA ,UCAYALI,CORONEL PORTILLO,CALLERIA,ESTACIONES DE SERVICIOS,C1:6000:DIESEL B5 ,C1:6000:GASOLINA 90 ,C1:3000:GASOLINA 95 C2:3000:DIESEL B5 ,,,,,,,,18000.0,26/05/2022,INDEFINIDO,NINO SILVA LOPEZ,0,-8.3939676,-74.5873276
1468,202000062065,90967,90967-050-030620,20525863728,GRIFO PAJARITO E.I.R.L.,AV. MANUEL FRANCISCO RENTERIA Nº 340,PIURA,AYABACA,AYABACA,PUESTO DE VENTA DE COMBUSTIBLE - GRIFOS,C1:4000:Diesel B5 S-50 ,C1:2000:GASOHOL 90 PLUS C2:1000:GASOHOL 84 PLUS ,,,,,,,,,7000.0,3/06/2020,INDEFINIDO,VILMA CARRIÓN JARAMILLO,480,-4.626625199999999,-79.7119419
1469,202100200051,8165,8165-050-201021,20606720611,ESTACION DE SERVICIOS ALTO MISTI EMPRESA INDIVIDUAL DE RESPONSABILIDAD LIMITADA,AV. TARAPACÁ Nº 1801,AREQUIPA,AREQUIPA,MIRAFLORES,PUESTO DE VENTA DE COMBUSTIBLE - GRIFOS,C1:5200:GASOHOL 90 PLUS ,C1:5200:Diesel B5 S-50 ,C1:3000:GASOHOL 95 PLUS ,,,,,,,,13400.0,20/10/2021,INDEFINIDO,HILDA MORALES LIPA,0,-16.381709,-71.5109108
1470,201800174483,97686,97686-050-231018,20490089536,MEGA PETRO DEL PERU SOCIEDAD COMERCIAL DE RESPONSABILIDAD LIMITADA,CALLE LIBERTAD Y NICOLAS DE PIEROLA DE LA APV. VILLA HUARCAPATA,CUSCO,ESPINAR,PALLPATA,PUESTO DE VENTA DE COMBUSTIBLE - GRIFOS,C1:4550:Diesel B5 S-50 ,C1:4700:Diesel B5 S-50 ,C1:4600:GASOHOL 84 PLUS ,,,,,,,,13850.0,23/10/2018,INDEFINIDO,EUSEBIO TEODORO YAULI CHUCTAYA ,0,-14.8934888,-71.2096544
1471,202000161864,119589,119589-050-121120,10736914048,BACA CRISANTO JOSE DANIEL,SUB LOTE 88025-A CENTRO POBLADO PACCHA (A 10.20 KM. DE CHULUCANAS),PIURA,MORROPON,CHULUCANAS,PUESTO DE VENTA DE COMBUSTIBLE - GRIFOS,C1:3000:Diesel B5 S-50 ,C1:3000:GASOHOL 84 PLUS ,C1:2500:GASOHOL 90 PLUS ,,,,,,,,8500.0,12/11/2020,INDEFINIDO,BACA CRISANTO JOSE DANIEL,0,-5.0962485,-80.1605091
1472,201800050960,44120,44120-050-040418,20601571235,PETROLEUM CONSULTING GROUP S.A.C.,CARRETERA FERNANDO BELAUNDE TERRY KM 172 CASERIO DE ZONANGA,CAJAMARCA,JAEN,JAEN,ESTACIONES DE SERVICIOS,C1:2000:GASOHOL 90 PLUS ,C1:3000:GASOHOL 90 PLUS ,C1:5000:Diesel B5 S-50 ,C1:4000:Diesel B5 S-50 ,,,,,,,14000.0,1/04/2018,INDEFINIDO,KATHERIN PAOLA CORONEL SOTO,0,-5.8667886,-78.7814677
1473,202200213659,133895,133895-050-021122,20608091484,ESTACION BUENA VISTA EMPRESA INDIVIDUAL DE RESPONSABILIDAD LIMITADA,CARRETERA JULIACA - CUSCO KM. 1283,PUNO,LAMPA,NICASIO,PUESTO DE VENTA DE COMBUSTIBLE - GRIFOS,C1:5000:Diesel B5 S-50 ,C1:1200:GASOHOL 90 PLUS ,C1:1200:GASOHOL 90 PLUS ,,,,,,,,7400.0,2/11/2022,INDEFINIDO,HERRERA UGARTE DARWIN ZENOBIO,0,-15.2347764,-70.26014789999999
1474,201900072790,18357,18357-050-281019,20127765279,COESTI S.A.,AV. PROGRESO N° 3062,PIURA,PIURA,CASTILLA,PUESTO DE VENTA DE COMBUSTIBLE - GRIFOS,C1:8000:Diesel B5 S-50 ,C1:6000:GASOHOL 90 PLUS ,C1:5000:GASOHOL 95 PLUS C2:5000:GASOHOL 84 PLUS ,,,,,,,,24000.0,13/05/2019,INDEFINIDO,ABRAHAM HUGO CALDERON MAVILA,720,-5.227518799999999,-80.6316835
1475,201800049520,34548,34548-050-100418,20175642341,ESTACION DE SERVICIOS SAN JOSE S.A.C.,"AV. LUNA PIZARRO N° 1212, 1216, 1220 ESQ. CALLE FRANCIA N° 584, 598",LIMA,LIMA,LA VICTORIA,ESTACIONES DE SERVICIOS,C1:8000:Diesel B5 S-50 ,C1:8000:GASOHOL 90 PLUS ,C1:8000:GASOHOL 97 PLUS ,C1:4000:GASOHOL 95 PLUS C2:4000:SIN PRODUCTO ,,,,,,,32000.0,10/04/2018,INDEFINIDO,GUNTER MARTIN CASTILLO GALLO,0,-12.0724582,-77.0267516
1476,202000101697,138334,138334-050-010920,20603168772,GREBENMAR S.A.C,MZ 'I' LTE N '1' BARRIO LOS ANGELES DEL CENTRO POBLADO DE RELAVE,AYACUCHO,PARINACOCHAS,PULLO,PUESTO DE VENTA DE COMBUSTIBLE - GRIFOS,C1:5000:Diesel B5 S-50 ,C1:3000:GASOHOL 90 PLUS C2:2000:GASOHOL 95 PLUS ,,,,,,,,,10000.0,1/09/2020,INDEFINIDO,EUDUCIA MARCIA CHICAÑA MAMANI,0,-15.6145008,-74.0577053
1477,202100140718,149484,149484-050-050721,20602349200,GRIFO SHAMBOYACU S.A.C.,JR. BOLOGNESI S/N (CARRETERA PICOTA• SHAMBOYACU KM 44+50),SAN MARTIN,PICOTA,SHAMBOYACU,PUESTO DE VENTA DE COMBUSTIBLE - GRIFOS,C1:3292:DIESEL B5 ,C1:3292:GASOLINA 84 ,C1:3292:GASOLINA 90 ,,,,,,,,9876.0,5/07/2021,INDEFINIDO,REGALADO FERNANDEZ CELINA,0,-7.0041282,-76.4397994
1478,201600166203,21638,21638-050-221116,20490764446,A&V GRIFO E.I.R.L.,CARRETERA CUSCO ABANCAY KM. 14,CUSCO,CUSCO,POROY,PUESTO DE VENTA DE COMBUSTIBLE - GRIFOS,C1:4000:Diesel B5 S-50 ,C1:2000:GASOHOL 90 PLUS ,,,,,,,,,12000.0,22/11/2016,INDEFINIDO,NELLY ANTEZANA BARREDA,0,-13.6391954,-72.8929
1479,201900216476,147680,147680-050-020120,20605650652,GRIFO J & M E.I.R.L.,AV. PADRE LUCERO S/N,LORETO,ALTO AMAZONAS,LAGUNAS,PUESTO DE VENTA DE COMBUSTIBLE - GRIFOS,C1:2950:DIESEL B5 ,C1:2950:GASOLINA 84 ,,,,,,,,,5900.0,2/01/2020,INDEFINIDO,AREVALO MONTALVAN JORGE EDUARDO,0,-5.2277159,-75.676833
1480,201700072499,40944,40944-050-280517,20601655544,SERVICENTRO LOAYZA S.A.C.,CRUCE HUANCHACO Y VIA DE EVITAMIENTO S/N SECTOR VALDIVIA BAJA,LA LIBERTAD,TRUJILLO,HUANCHACO,ESTACIONES DE SERVICIOS,"C1:6000:DIESEL B5,Diesel B5 S-50 ","C1:6000:DIESEL B5,Diesel B5 S-50 ",C1:6000:GASOHOL 90 PLUS ,C1:6000:GASOHOL 95 PLUS ,"C1:6000:DIESEL B5,Diesel B5 S-50 ",,,,,,30000.0,28/05/2017,INDEFINIDO,PAMELA LUCIA OJEDA LOAYZA ,0,-8.0492312,-79.0865512
1481,202000062058,120068,120068-050-020620,20600794265,SERVICENTRO J Y S RAMIREZ S.R.L.,CASERIO JIMACA CARRETERA A SAPALACHE,PIURA,HUANCABAMBA,HUANCABAMBA,ESTACIONES DE SERVICIOS,C1:5000:GASOHOL 84 PLUS ,C1:5000:GASOHOL 90 PLUS ,C1:5000:Diesel B5 S-50 ,,,,,,,,15000.0,2/06/2020,INDEFINIDO,RAMIREZ PALACIOS NESTOR SEGUNDO,0,-5.148514599999999,-79.4289091
1482,202000062057,116383,116383-050-090620,20530327451,GRIFO Y SERVICIOS MAYLO E.I.R.L.,AV. BRASIL S/N SECTOR NOR ESTE DE SECHURA,PIURA,SECHURA,SECHURA,ESTACIONES DE SERVICIOS,C1:5000:Diesel B5 S-50 ,C1:5000:GASOHOL 84 PLUS ,C1:5000:GASOHOL 90 PLUS ,C1:5000:GASOHOL 95 PLUS ,C1:6000:Diesel B5 S-50 ,,,,,,26000.0,9/06/2020,INDEFINIDO,JOSE MANUEL FIESTAS QUEREVALU,0,-5.5690535,-80.8154284
1483,202100255545,159746,159746-050-201221,10206627463,BONIEVE HUAMAN DINA MARCELA,INTERSECCION DE LA AV. PRIMAVERA CON LA AV. A. BOTTO BERNALES S/N,JUNIN,SATIPO,MAZAMARI,ESTACIONES DE SERVICIOS,C1:8000:Diesel B5 S-50 ,C1:4000:GASOHOL 97 PLUS C2:4000:GASOHOL 90 PLUS ,,,,,,,,,16000.0,20/12/2021,INDEFINIDO,BONIEVE HUAMAN DINA MARCELA,0,-11.3226725,-74.5324837
1484,201900085834,144335,144335-050-030619,20602122311,SUR PETROL SOCIEDAD COMERCIAL DE RESPONSABILIDAD LIMITADA,AV. PANAMERICANA ESQ. CON EL JR. MANCO CAPAC DE LA PANAMERICANA SUR PUNO DESAGUADERO KM. 1466+430,PUNO,CHUCUITO,ZEPITA,PUESTO DE VENTA DE COMBUSTIBLE - GRIFOS,C1:4000:GASOHOL 84 PLUS ,C1:4000:GASOHOL 90 PLUS ,C1:4990:Diesel B5 S-50 ,C1:4000:Diesel B5 S-50 ,,,,,,,16990.0,3/06/2019,INDEFINIDO,IVAN JHONNY JULI CHAMBILLA ,0,-16.5631251,-69.040395
1485,201800103937,43920,43920-050-030718,10028842517,JENNY EDITH CHAVEZ ALARCON,AV. MIGUEL GRAU ESQUINA CON JR. PANGOA - VILLA ATALAYA ( ANTES JR. MALECON S/N ),UCAYALI,ATALAYA,RAYMONDI,ESTACIONES DE SERVICIOS,C1:2800:GASOLINA 90 C2:2800:GASOLINA 90 ,C1:4800:DIESEL B5 ,C1:6700:DIESEL B5 ,C1:6700:GASOLINA 90 ,C1:5350:GASOLINA 90 ,,,,,,29150.0,5/07/2018,INDEFINIDO,JENNY EDITH CHAVEZ ALARCON,0,-10.7317689,-73.7585828
1486,202000151615,128577,128577-050-281020,10708537191,GUSTAVO TOMASINE SALAZAR CRISPIN,AV. HIPODROMO S/N,HUANCAVELICA,ACOBAMBA,PAUCARA,PUESTO DE VENTA DE COMBUSTIBLE - GRIFOS,C1:4000:Diesel B5 S-50 ,C1:1000:GASOHOL 95 PLUS C2:2000:GASOHOL 90 PLUS ,,,,,,,,,7000.0,28/10/2020,INDEFINIDO,GUSTAVO TOMASINE SALAZAR CRISPIN,460,-12.7267023,-74.6667677
1487,202100250487,159649,159649-050-191221,10470667899,PAUCAR LEON JEANETH GABRIELA,CARRETERA MARGINAL (KM. 15.8 DESDE PICHANAQUI A LA MERCED - SECTOR KIVINAKI),JUNIN,CHANCHAMAYO,PERENE,ESTACIONES DE SERVICIOS,C1:2500:Diesel B5 S-50 C2:1500:GASOHOL 90 PLUS C3:1000:GASOHOL 95 PLUS ,,,,,,,,,,5000.0,19/12/2021,INDEFINIDO,PAUCAR LEON JANETH GABRIELA,240,-11.0623935,-75.33247229999999
1488,201800050954,16603,16603-050-270318,20507563270,CONSULTORA NORQUEENS S.A.C.,LOTIZADORA SEÑOR DE LOS MILAGROS MZ. B LTS. 26 Y 27,LIMA,HUARAL,HUARAL,ESTACIONES DE SERVICIOS,C1:4000:GASOHOL 90 PLUS ,C1:6000:Diesel B5 S-50 ,C1:4000:GASOHOL 95 PLUS ,,,,,,,,14000.0,27/03/2018,INDEFINIDO,MIER Y TERAN MORALES NORKA ELENA,240,-11.998237,-77.0421406
1489,201900155347,144437,144437-050-230919,20604634777,ESTACION DE SERVICIOS KACSA SOCIEDAD ANONIMA CERRADA,PREDIO MANZANAYOC PUCRO,CUSCO,CUSCO,SAN JERONIMO,ESTACIONES DE SERVICIOS,C1:5240:Diesel B5 S-50 ,C1:5240:Diesel B5 S-50 ,C1:5240:GASOHOL 95 PLUS ,C1:5240:GASOHOL 90 PLUS ,,,,,,,20960.0,23/09/2019,INDEFINIDO,ESPERANZA SEGUNDO MUÑOZ ,0,-13.54918,-71.893158
1490,202000057821,82160,82160-050-180520,10729626916,EDUARDO RAFAEL NUÑEZ NUÑEZ,INTERSECCION JR. LOS CEDROS Y AV. AGROPECUARIA,AMAZONAS,BAGUA,LA PECA,ESTACIONES DE SERVICIOS,C1:1191:GASOLINA 84 ,C1:3000:Diesel B5 S-50 ,C1:1191:GASOLINA 90 ,,,,,,,,5382.0,18/05/2020,INDEFINIDO,EDUARDO RAFAEL NUÑEZ NUÑEZ,0,-5.6397014,-78.5244503
1491,202000087191,150133,150133-050-050820,10231555566,ESPINOZA DURAND ROMULO,JR. ISAAC PEREZ S/N CASERIO LAS MALVINAS ,UCAYALI,PADRE ABAD,CURIMANA,ESTACIONES DE SERVICIOS,C1:4000:DIESEL B5 ,C1:4000:GASOLINA 90 ,C1:4000:GASOLINA 95 ,,,,,,,,12000.0,5/08/2020,INDEFINIDO,ESPINOZA DURAND ROMULO,0,-8.4035748,-75.0875787
1492,202000057828,21198,21198-050-190520,20525752900,PEYSA E.I.R.L.,CASERIO QUISPAMPA BAJA S/N,PIURA,HUANCABAMBA,HUANCABAMBA,PUESTO DE VENTA DE COMBUSTIBLE - GRIFOS,C1:4800:Diesel B5 S-50 ,C1:4800:GASOHOL 90 PLUS ,C1:3500:GASOHOL 95 PLUS ,,,,,,,,13100.0,19/05/2020,INDEFINIDO,PEDRO ARQUIMEDES OCAÑA FRIAS,0,-5.2547603,-79.4556351
1493,201900030072,34453,34453-050-270219,20558721554,ESTACIÓN DE SERVICIO ARAGON S.R.L.,ESQ. AV. SAN MARTIN N° 5117 Y CALLE ICA PP.JJ. EL PORVENIR,AREQUIPA,AREQUIPA,MIRAFLORES,PUESTO DE VENTA DE COMBUSTIBLE - GRIFOS,C1:2050:Diesel B5 S-50 ,C1:1530:Diesel B5 S-50 ,C1:1530:GASOHOL 90 PLUS ,,,,,,,,5110.0,27/02/2019,INDEFINIDO,NANCY HILDA LOSTANAU NAVARRO,0,-16.3732031,-71.5026142
1494,202000155894,141999,141999-050-311020,20603235054,ESTACION DE SERVICIOS A & M E.I.R.L.,"CARRETERA DENOMINADA RECREO PARTE 1, PAMPA BACHICADO II CON LA UNIDAD CATASTRAL N° 186031",CUSCO,ANTA,CACHIMAYO,ESTACIONES DE SERVICIOS,C1:9290:Diesel B5 S-50 ,C1:9290:Diesel B5 S-50 ,C1:4120:Diesel B5 S-50 C2:5110:GASOHOL 95 PLUS ,C1:5110:GASOHOL 90 PLUS C2:4120:GASOHOL 97 PLUS ,,,,,,,37040.0,31/10/2020,INDEFINIDO,ERASMO CONDORI QUISPE ,0,-13.4732971,-72.0586677
1495,201500142541,116202,116202-050-301015,20548344116,TRANSPORTES A & P YANAVILVA E.I.R.L.,"AV. PRINCIPAL ESQ. CON CALLE PORVENIR, C.P. SAN JOSÉ DE LOS CHORRILLOS",LIMA,HUAROCHIRI,CUENCA,PUESTO DE VENTA DE COMBUSTIBLE - GRIFOS,C1:2600:Diesel B5 S-50 ,C1:800:GASOHOL 90 PLUS ,,,,,,,,,3400.0,30/10/2015,INDEFINIDO,ELIAS GUZMAN YANAVILCA CHUQUIYURI ,0,-12.1325346,-76.4349776
1496,201500154981,9479,9479-050-011215,20546464378,GRIFO PERLITA S.A.C.,ANTIGUA PANAM.SUR KM.36.100 EX FUNDO SAN VICENTE,LIMA,LIMA,LURIN,ESTACIONES DE SERVICIOS,C1:4400:GASOHOL 98 PLUS ,C1:4400:GASOHOL 95 PLUS ,C1:4400:Diesel B5 S-50 ,C1:2400:GASOHOL 90 PLUS C2:2000:SIN PRODUCTO ,,,,,,,17600.0,1/12/2015,INDEFINIDO,SONIA ELIZABE PEBE SANCHEZ,0,-12.2660759,-76.878292
1497,201900058127,45569,45569-050-100419,10206669107,LOLA ELSA CAMARENA TORALVA,CARRETERA CENTRAL KM 42.5,JUNIN,JAUJA,CURICACA,PUESTO DE VENTA DE COMBUSTIBLE - GRIFOS,C1:1750:GASOHOL 95 PLUS ,C1:1750:GASOHOL 90 PLUS ,C1:3000:Diesel B5 S-50 ,,,,,,,,6500.0,10/04/2019,INDEFINIDO,LOLA ELSA CAMARENA TORALVA,720,-11.789082,-75.6679276
1498,201300075407,9013,9013-050-250413,10108672124,AVELINO RAMON PEÑA QUISPE,"UPIS RAFAEL BELAUNDE DIEZ CANSECO MZ. J, LTS. 1, 2 Y 18. ESQUINA AV. CHARCANI CON CALLE N° 19",AREQUIPA,AREQUIPA,CAYMA,PUESTO DE VENTA DE COMBUSTIBLE - GRIFOS,C1:6500:Diesel B5 S-50 ,C1:6500:GASOHOL 90 PLUS ,C1:6500:GASOHOL 84 PLUS ,,,,,,,,19500.0,25/04/2013,INDEFINIDO,AVELINO RAMON PEÑA QUISPE,0,-16.3304012,-71.5371409
1499,201900106965,18688,18688-050-040719,20393065495,INTERNATIONAL OIL COMPANY OF THE PERU S.A.C.,AV. YARINACOCHA N° 2800 MZ. 145 LOTE 04,UCAYALI,CORONEL PORTILLO,YARINACOCHA,ESTACIONES DE SERVICIOS,C1:5000:DIESEL B5 ,C1:5000:GASOLINA 90 ,C1:2500:GASOLINA 95 ,C1:1000:DIESEL B5 ,C1:9868:DIESEL B5 ,C1:9868:DIESEL B5 ,C1:9868:GASOLINA 95 ,C1:9868:GASOLINA 90 ,C1:9868:GASOLINA 90 ,C1:9868:GASOLINA 90 ,72708.0,4/07/2019,INDEFINIDO,CESAR SIMON PAREDES ESPINOZA,0,-8.366495600000002,-74.56436049999999
1500,201700174934,9065,9065-050-201017,20486995298,PETROMAR E.I.R.L.,AV. ANDRES A. CACERES S/N. - SECTOR TANCARPUQUIO ,HUANCAVELICA,HUANCAVELICA,HUANCAVELICA,ESTACIONES DE SERVICIOS,C1:8000:GASOHOL 90 PLUS ,C1:8000:Diesel B5 S-50 ,C1:2500:GASOHOL 95 PLUS ,,,,,,,,18500.0,20/10/2017,INDEFINIDO,ANTONIO MARTINEZ HUAMAN,0,-12.7861978,-74.9764024
